order_item_id,order_id,product_id,quantity,unit_price
1,600001,3007,5,49.29
2,600002,3020,2,135.77
3,600002,3015,3,252.08
4,600002,3074,2,306.37
5,600002,3039,1,295.71
6,600003,3049,3,32.26
7,600003,3015,5,344.67
8,600003,3038,5,148.36
9,600004,3036,1,310.22
10,600004,3047,3,122.25
11,600004,3065,5,163.93
12,600004,3039,1,127.33
13,600005,3002,4,57.31
14,600006,3065,5,238.8
15,600006,3032,1,226.68
16,600006,3067,4,107.85
17,600007,3014,5,197.79
18,600008,3010,5,79.87
19,600008,3060,2,155.95
20,600008,3057,4,47.91
21,600009,3011,1,318.73
22,600010,3019,4,98.95
23,600011,3049,1,310.31
24,600011,3046,5,312.0
25,600012,3041,2,169.46
26,600012,3046,3,289.97
27,600012,3071,3,149.57
28,600013,3007,4,28.28
29,600013,3067,0,201.59
30,600014,3017,1,282.65
31,600015,3072,4,239.29
32,600015,3020,3,307.44
33,600015,3079,2,196.71
34,600016,3054,5,332.07
35,600017,3041,5,331.18
36,600017,3018,3,201.02
37,600018,3001,3,79.36
38,600018,3061,3,138.38
39,600019,3033,5,170.65
40,600019,3042,2,324.49
41,600019,3035,3,254.04
42,600019,3062,1,310.37
43,600020,3028,5,25.84
44,600020,3071,3,117.53
45,600020,3071,2,121.06
46,600020,3018,4,168.1
47,600021,3008,2,191.23
48,600021,3001,4,244.63
49,600021,3011,2,299.08
50,600022,3043,4,76.47
51,600023,3050,4,145.32
52,600024,3017,1,109.45
53,600024,3034,5,346.54
54,600024,3018,3,173.93
55,600025,3018,5,90.25
56,600025,3047,1,106.64
57,600025,3010,3,199.56
58,600026,3006,1,53.62
59,600026,3077,5,153.99
60,600026,3038,4,115.04
61,600027,3077,2,106.84
62,600028,3021,5,290.89
63,600028,3068,1,268.06
64,600028,3001,3,5.85
65,600029,3035,1,50.87
66,600030,3075,2,58.76
67,600030,3036,5,273.76
68,600030,3001,2,146.64
69,600030,3080,3,239.43
70,600031,3053,3,195.11
71,600032,3058,2,100.38
72,600032,3039,3,328.54
73,600032,3047,2,266.53
74,600033,3040,5,73.08
75,600033,3028,1,348.4
76,600034,3005,3,260.01
77,600035,3069,5,201.53
78,600035,3074,5,159.53
79,600036,3009,5,175.68
80,600037,3050,2,18.58
81,600037,3049,1,233.66
82,600037,3061,4,201.27
83,600038,3020,1,344.76
84,600038,3053,2,87.95
85,600039,3054,5,109.0
86,600039,3070,2,205.42
87,600039,3006,3,307.25
88,600039,3004,5,103.18
89,600040,3013,5,50.38
90,600040,3068,5,155.09
91,600040,3066,3,228.47
92,600041,3003,3,82.45
93,600042,3050,3,127.44
94,600043,3063,5,229.64
95,600043,3033,4,275.47
96,600043,3067,5,124.79
97,600044,3008,2,345.35
98,600045,3025,2,256.91
99,600045,3079,5,293.36
100,600045,3028,4,9.45
101,600045,3023,5,89.2
102,600046,3012,1,242.87
103,600046,3039,5,348.21
104,600047,3055,4,38.92
105,600047,3051,5,282.93
106,600047,3010,2,226.94
107,600047,3047,5,340.32
108,600048,3071,3,113.5
109,600048,3060,3,174.03
110,600048,3061,3,11.21
111,600049,3060,5,301.58
112,600049,3074,4,6.35
113,600049,3049,4,124.56
114,600050,3014,2,239.45
115,600050,3049,4,49.71
116,600051,3064,5,116.6
117,600051,3025,3,54.67
118,600051,3065,4,349.0
119,600051,3016,3,179.5
120,600052,3065,1,58.77
121,600053,3063,1,211.27
122,600054,3062,4,224.67
123,600054,3010,5,240.53
124,600054,3027,3,159.57
125,600055,3033,3,331.26
126,600056,3003,5,21.71
127,600056,3001,1,195.27
128,600057,3067,1,155.68
129,600057,3079,3,66.31
130,600058,3046,1,322.21
131,600059,3075,4,208.91
132,600059,3063,1,292.8
133,600059,3018,1,349.75
134,600060,3066,2,345.69
135,600061,3037,4,105.42
136,600061,3054,3,233.25
137,600062,3014,5,265.96
138,600063,3039,2,157.12
139,600064,3069,2,298.84
140,600064,3018,5,241.42
141,600064,3064,5,286.95
142,600064,3037,3,293.26
143,600065,3021,5,144.47
144,600065,3004,5,328.68
145,600065,3035,3,77.53
146,600065,3067,1,123.68
147,600066,3066,5,145.8
148,600067,3056,2,235.91
149,600067,3045,3,57.26
150,600067,3011,4,153.23
151,600068,3006,4,49.58
152,600069,3011,4,54.72
153,600069,3035,5,210.38
154,600069,3003,4,18.32
155,600069,3027,3,216.85
156,600070,3055,4,322.2
157,600070,3055,3,232.46
158,600071,3066,3,156.71
159,600072,3006,3,83.55
160,600072,3033,4,236.87
161,600072,3029,2,102.52
162,600072,3020,2,267.13
163,600073,3068,1,38.61
164,600073,3063,2,177.29
165,600073,3025,3,320.18
166,600073,3076,3,58.49
167,600074,3014,3,31.89
168,600074,3016,3,23.1
169,600074,3068,3,187.15
170,600075,3018,3,175.41
171,600075,3076,4,257.09
172,600075,3063,4,108.16
173,600075,3042,5,109.04
174,600076,3069,4,97.69
175,600076,3057,2,102.96
176,600076,3012,4,76.87
177,600076,3066,3,347.58
178,600077,3065,1,139.94
179,600078,3046,4,338.68
180,600078,3056,2,192.9
181,600078,3068,3,262.52
182,600079,3013,2,273.66
183,600079,3021,5,179.42
184,600080,3048,1,322.84
185,600080,3036,2,341.34
186,600080,3078,2,130.11
187,600080,3016,4,143.37
188,600081,3027,2,41.73
189,600081,3074,5,49.86
190,600081,3010,3,189.71
191,600081,3040,5,291.11
192,600082,3020,5,162.78
193,600083,3071,5,266.35
194,600084,3033,4,269.31
195,600084,3066,3,192.44
196,600084,3015,3,311.29
197,600084,3076,3,319.97
198,600085,3026,3,327.91
199,600085,3026,1,186.69
200,600086,3037,4,176.2
201,600086,3020,1,324.41
202,600087,3048,2,226.57
203,600087,3008,1,101.13
204,600087,3023,1,265.69
205,600088,3051,2,19.85
206,600088,3014,4,324.45
207,600088,3077,2,286.03
208,600088,3047,1,106.46
209,600089,3075,5,122.25
210,600090,3015,3,40.17
211,600090,3051,5,35.62
212,600090,3019,5,279.5
213,600091,3032,1,96.23
214,600091,3005,3,94.65
215,600092,3017,4,235.43
216,600092,3007,2,113.55
217,600092,3035,3,17.74
218,600092,3069,4,14.31
219,600093,3049,5,215.09
220,600094,3008,2,113.14
221,600094,3034,4,93.58
222,600094,3021,5,70.77
223,600095,3059,1,171.97
224,600095,3008,5,136.11
225,600096,3071,1,307.2
226,600096,3017,1,253.56
227,600096,3014,5,304.67
228,600096,3070,4,57.4
229,600097,3062,3,143.66
230,600098,3028,4,278.73
231,600098,3043,5,47.82
232,600098,3067,4,204.59
233,600099,3010,4,-343.86
234,600099,3050,3,144.07
235,600099,3074,3,218.87
236,600100,3040,5,31.86
237,600101,3062,1,-349.18
238,600101,3026,2,35.84
239,600101,3035,5,258.19
240,600101,3067,2,14.03
241,600102,3061,2,272.12
242,600102,3013,1,114.42
243,600103,3048,3,126.22
244,600103,3008,5,130.47
245,600104,3079,1,29.53
246,600105,3059,5,18.53
247,600106,3078,4,165.93
248,600107,3080,4,209.39
249,600107,3080,3,159.1
250,600107,3042,5,133.4
251,600108,3079,5,32.64
252,600108,3017,2,69.16
253,600108,3018,5,160.19
254,600109,3014,1,220.78
255,600109,3056,4,100.03
256,600109,3028,1,166.39
257,600110,3066,1,16.0
258,600110,3073,4,142.42
259,600110,3041,5,315.48
260,600111,3074,2,265.88
261,600111,3031,5,64.56
262,600111,3066,0,66.18
263,600112,3067,5,328.55
264,600112,3065,4,25.23
265,600113,3068,2,290.94
266,600113,3004,1,320.02
267,600113,3074,5,344.34
268,600113,3033,2,111.96
269,600114,3012,2,218.75
270,600115,3075,2,45.66
271,600116,3038,1,-268.99
272,600116,3039,2,122.21
273,600116,3008,2,18.19
274,600116,3005,4,13.24
275,600117,3017,3,13.25
276,600117,3013,5,73.7
277,600117,3064,4,184.2
278,600117,3066,1,197.9
279,600118,3036,2,164.13
280,600118,3056,3,214.06
281,600118,3065,3,338.84
282,600119,3037,2,108.1
283,600119,3066,5,307.18
284,600119,3003,5,225.13
285,600120,3019,5,162.88
286,600120,3025,2,56.68
287,600120,3056,2,317.43
288,600121,3052,5,81.59
289,600121,3064,2,69.97
290,600121,3057,1,289.28
291,600122,3075,1,87.35
292,600122,3046,3,245.16
293,600123,3052,2,310.15
294,600123,3002,4,308.95
295,600123,3022,4,196.85
296,600123,3056,5,226.06
297,600124,3076,5,225.6
298,600125,3043,5,315.77
299,600125,3073,3,240.56
300,600126,3016,1,19.85
301,600127,3029,5,263.35
302,600127,3004,2,174.55
303,600127,3026,1,184.54
304,600128,3070,4,145.4
305,600128,3005,2,347.74
306,600128,3031,5,67.33
307,600129,3042,2,204.43
308,600129,3006,2,94.32
309,600129,3029,1,37.44
310,600130,3072,3,232.91
311,600130,3002,1,194.26
312,600130,3020,1,11.81
313,600130,3026,4,322.99
314,600131,3026,5,38.59
315,600132,3027,5,223.91
316,600132,3070,1,72.11
317,600132,3008,3,330.12
318,600133,3017,5,132.92
319,600133,3048,3,106.61
320,600134,3017,1,311.4
321,600134,3052,2,31.82
322,600135,3067,5,134.59
323,600136,3077,3,318.23
324,600136,3035,3,188.45
325,600136,3080,5,121.08
326,600136,3028,2,131.78
327,600137,3054,4,344.33
328,600137,3013,3,305.26
329,600137,3075,4,107.07
330,600137,3054,1,45.04
331,600138,3063,2,309.44
332,600138,3060,1,24.57
333,600138,3051,5,19.74
334,600139,3010,5,336.13
335,600140,3059,1,30.53
336,600141,3035,1,73.42
337,600141,3048,4,266.15
338,600142,3074,4,343.86
339,600142,3067,5,175.25
340,600143,3050,1,248.21
341,600143,3048,2,173.83
342,600143,3020,1,63.22
343,600144,3040,3,71.06
344,600144,3059,5,166.63
345,600145,3062,4,295.11
346,600145,3066,5,28.53
347,600145,3009,2,87.84
348,600146,3037,2,108.97
349,600146,3075,4,318.87
350,600147,3024,3,78.57
351,600147,3015,3,221.38
352,600148,3076,3,318.18
353,600149,3056,5,106.42
354,600150,3018,4,126.36
355,600150,3015,5,183.6
356,600150,3019,3,26.98
357,600151,3036,2,176.7
358,600151,3072,2,131.63
359,600152,3038,5,106.87
360,600152,3043,5,153.94
361,600152,3012,1,101.34
362,600153,3077,3,196.17
363,600154,3053,5,273.82
364,600154,3034,5,210.3
365,600154,3029,5,255.47
366,600155,3070,3,341.25
367,600155,3055,4,90.69
368,600156,3071,4,274.21
369,600156,3053,1,236.87
370,600157,3073,4,61.44
371,600157,3075,3,111.7
372,600158,3038,0,97.31
373,600159,3004,3,157.83
374,600159,3005,1,128.71
375,600159,3017,3,42.87
376,600159,3032,1,218.61
377,600160,3063,5,171.19
378,600160,3053,1,63.2
379,600160,3040,5,184.77
380,600161,3031,4,66.11
381,600161,3073,2,172.29
382,600161,3057,2,88.13
383,600162,3007,4,231.29
384,600162,3035,3,84.33
385,600162,3078,4,45.83
386,600162,3021,3,221.84
387,600163,3033,2,166.22
388,600163,3006,3,325.39
389,600164,3018,2,71.1
390,600164,3049,3,51.49
391,600164,3036,4,209.31
392,600165,3025,5,242.95
393,600166,3062,3,126.37
394,600166,3059,1,102.54
395,600167,3033,3,316.29
396,600167,3060,4,237.66
397,600167,3025,4,166.71
398,600167,3063,2,261.09
399,600168,3071,5,293.82
400,600168,3006,3,218.43
401,600168,3030,3,253.89
402,600168,3080,1,207.98
403,600169,3051,1,305.53
404,600169,3010,1,256.3
405,600170,3078,5,115.37
406,600170,3021,4,259.55
407,600171,3074,2,228.72
408,600172,3054,2,123.98
409,600173,3035,2,40.83
410,600173,3064,4,151.43
411,600173,3017,4,343.02
412,600174,3076,1,269.53
413,600175,3032,1,145.67
414,600176,3051,2,103.7
415,600176,3063,3,297.54
416,600176,3018,5,121.56
417,600176,3062,1,316.91
418,600177,3055,3,222.4
419,600177,3014,4,193.88
420,600178,3038,3,74.0
421,600178,3075,3,201.36
422,600179,3044,2,272.05
423,600179,3023,1,205.3
424,600180,3077,4,285.54
425,600180,3038,1,195.58
426,600180,3076,1,122.83
427,600180,3003,5,274.62
428,600181,3060,4,171.06
429,600181,3059,5,99.75
430,600182,3079,3,292.26
431,600182,3049,1,17.49
432,600182,3018,3,266.5
433,600182,3003,3,269.97
434,600183,3068,1,130.74
435,600183,3039,3,188.11
436,600183,3038,4,29.66
437,600184,3063,3,39.44
438,600184,3004,5,258.58
439,600184,3027,3,125.18
440,600185,3003,4,68.03
441,600185,3068,3,344.84
442,600186,3038,4,38.74
443,600186,3055,2,341.33
444,600187,3044,2,25.17
445,600187,3003,2,189.57
446,600188,3048,5,242.67
447,600189,3063,4,329.55
448,600189,3044,2,133.41
449,600189,3078,2,242.01
450,600189,3007,4,217.67
451,600190,3033,5,253.8
452,600191,3061,4,288.43
453,600192,3042,3,270.78
454,600192,3037,5,255.91
455,600192,3009,3,278.37
456,600192,3058,3,185.04
457,600193,3018,1,129.95
458,600193,3021,5,346.76
459,600193,3009,4,129.46
460,600194,3026,3,199.74
461,600194,3054,4,5.98
462,600195,3078,3,88.52
463,600195,3017,1,99.71
464,600195,3053,1,262.16
465,600196,3074,2,22.68
466,600196,3053,2,262.81
467,600196,3044,4,57.84
468,600197,3008,4,208.6
469,600197,3072,4,27.91
470,600198,3031,1,295.67
471,600198,3039,1,264.69
472,600198,3048,4,62.88
473,600198,3041,2,32.1
474,600199,3064,2,121.87
475,600199,3048,4,260.83
476,600199,3074,3,344.1
477,600199,3071,1,116.28
478,600200,3041,3,223.7
479,600201,3036,5,97.42
480,600201,3011,1,171.71
481,600202,3021,1,237.01
482,600202,3040,3,152.89
483,600203,3077,3,157.34
484,600203,3023,1,150.41
485,600203,3040,4,207.04
486,600203,3065,1,151.35
487,600204,3022,2,234.12
488,600204,3075,1,248.81
489,600204,3026,4,89.63
490,600205,3035,3,26.76
491,600206,3066,4,172.27
492,600207,3017,5,230.45
493,600207,3033,5,44.11
494,600208,3076,1,36.87
495,600209,3079,2,49.66
496,600210,3050,5,300.15
497,600210,3068,3,9.01
498,600210,3044,2,135.74
499,600211,3062,1,329.88
500,600211,3055,5,96.39
501,600212,3057,4,284.19
502,600212,3055,1,50.53
503,600212,3056,5,257.73
504,600213,3024,2,222.06
505,600214,3050,2,82.11
506,600215,3041,5,300.55
507,600215,3034,1,323.28
508,600215,3027,2,37.77
509,600215,3020,2,232.85
510,600216,3017,1,99.77
511,600216,3066,3,191.35
512,600217,3047,5,234.59
513,600217,3049,2,189.9
514,600218,3067,5,142.06
515,600218,3041,3,159.77
516,600218,3037,4,171.31
517,600219,3016,4,196.37
518,600219,3073,3,142.48
519,600220,3051,3,44.88
520,600221,3064,3,110.15
521,600221,3011,3,33.9
522,600222,3068,5,157.99
523,600222,3036,2,244.59
524,600222,3051,5,155.56
525,600222,3052,3,7.42
526,600223,3026,5,249.47
527,600223,3034,5,329.58
528,600223,3058,4,148.25
529,600223,3002,1,170.36
530,600224,3053,5,309.87
531,600224,3041,3,87.23
532,600225,3037,5,32.9
533,600225,3023,4,32.79
534,600226,3027,2,42.78
535,600226,3044,2,82.89
536,600227,3058,3,336.29
537,600227,3071,1,53.71
538,600228,3065,2,79.26
539,600228,3010,1,32.35
540,600228,3074,4,216.14
541,600229,3008,4,140.86
542,600229,3036,3,336.01
543,600229,3003,4,262.73
544,600229,3063,1,73.03
545,600230,3070,3,333.32
546,600230,3020,4,23.13
547,600230,3055,2,337.9
548,600230,3062,5,96.32
549,600231,3025,5,5.9
550,600231,3026,4,301.08
551,600232,3080,4,238.21
552,600232,3037,2,8.31
553,600232,3079,2,101.16
554,600233,3063,2,138.08
555,600234,3062,5,14.01
556,600234,3046,3,79.32
557,600234,3013,4,35.16
558,600235,3041,5,279.07
559,600235,3068,2,11.65
560,600235,3016,1,337.69
561,600236,3074,1,271.73
562,600236,3039,2,108.2
563,600236,3077,1,309.18
564,600237,3038,3,188.8
565,600237,3068,1,255.75
566,600237,3073,5,52.73
567,600238,3044,2,305.43
568,600238,3039,4,289.5
569,600239,3003,2,92.32
570,600239,3062,4,131.08
571,600239,3010,3,12.65
572,600239,3051,3,209.92
573,600240,3080,2,156.56
574,600240,3041,2,331.05
575,600240,3063,5,336.67
576,600241,3012,2,311.92
577,600241,3003,5,290.25
578,600241,3032,4,186.17
579,600242,3073,5,302.97
580,600242,3039,1,56.25
581,600243,3018,5,246.57
582,600243,3059,4,102.15
583,600243,3027,3,279.32
584,600244,3065,0,140.74
585,600245,3019,2,264.68
586,600245,3070,5,76.28
587,600246,3031,2,136.54
588,600246,3026,3,309.95
589,600246,3057,2,120.37
590,600247,3063,5,101.88
591,600247,3007,1,333.84
592,600248,3062,4,166.49
593,600249,3028,2,167.1
594,600249,3064,2,216.86
595,600249,3013,5,14.09
596,600249,3064,5,220.41
597,600250,3042,1,134.07
598,600250,3014,1,302.6
599,600250,3026,3,26.95
600,600251,3066,3,235.46
601,600251,3056,4,85.39
602,600251,3049,1,44.34
603,600252,3041,5,8.04
604,600253,3040,2,287.71
605,600253,3057,5,271.17
606,600253,3017,4,293.44
607,600253,3039,3,235.96
608,600254,3078,4,97.97
609,600254,3008,5,296.71
610,600254,3022,2,306.63
611,600254,3036,2,58.98
612,600255,3058,2,177.85
613,600255,3043,2,201.48
614,600255,3009,1,147.04
615,600256,3058,2,24.09
616,600256,3063,5,9.49
617,600257,3073,5,174.66
618,600258,3041,3,213.14
619,600258,3022,5,285.2
620,600259,3041,5,133.26
621,600259,3070,5,158.26
622,600259,3016,5,7.91
623,600260,3055,2,100.33
624,600261,3060,5,159.44
625,600261,3033,5,46.92
626,600261,3007,2,327.55
627,600262,3056,1,290.52
628,600262,3025,4,100.99
629,600262,3078,4,57.59
630,600262,3004,3,227.87
631,600263,3027,2,16.21
632,600263,3072,4,250.39
633,600264,3076,1,342.33
634,600264,3069,2,294.99
635,600264,3019,5,65.33
636,600264,3037,5,285.11
637,600265,3077,3,108.29
638,600266,3076,4,266.69
639,600266,3004,3,280.05
640,600266,3002,2,260.38
641,600266,3006,3,334.28
642,600267,3009,5,289.41
643,600267,3004,4,63.71
644,600268,3080,5,185.9
645,600268,3068,3,77.69
646,600269,3038,4,235.17
647,600270,3034,4,107.95
648,600271,3020,4,33.4
649,600271,3024,4,268.86
650,600271,3037,1,10.3
651,600271,3059,3,160.64
652,600272,3073,3,91.69
653,600273,3041,1,216.08
654,600273,3022,3,218.66
655,600273,3039,5,219.87
656,600273,3075,5,199.61
657,600274,3036,5,128.81
658,600274,3042,4,330.05
659,600274,3006,2,326.75
660,600275,3007,3,337.23
661,600276,3040,2,197.08
662,600277,3056,3,248.53
663,600277,3022,4,277.08
664,600278,3069,1,84.67
665,600279,3029,3,316.25
666,600279,3001,5,82.57
667,600279,3075,5,237.62
668,600280,3038,1,316.75
669,600280,3029,1,120.39
670,600280,3006,2,102.7
671,600281,3074,5,226.42
672,600282,3041,5,130.27
673,600283,3072,3,301.68
674,600284,3038,4,269.61
675,600285,3034,4,186.54
676,600285,3054,3,136.71
677,600285,3035,5,138.29
678,600285,3079,5,312.43
679,600286,3009,2,166.4
680,600287,3032,5,263.89
681,600287,3052,3,230.67
682,600287,3057,0,54.5
683,600288,3039,4,25.23
684,600288,3016,5,237.31
685,600288,3031,4,47.79
686,600288,3041,1,238.67
687,600289,3004,4,103.63
688,600289,3079,5,139.25
689,600290,3072,2,164.85
690,600290,3032,3,70.42
691,600291,3044,5,262.09
692,600292,3029,1,226.46
693,600293,3059,5,262.07
694,600294,3080,3,260.49
695,600294,3073,3,266.29
696,600294,9999,3,60.14
697,600295,3048,1,196.51
698,600295,3054,2,126.85
699,600295,3043,1,329.4
700,600295,3003,4,349.11
701,600296,3051,3,24.37
702,600297,3043,4,204.92
703,600298,3027,3,214.86
704,600298,3070,0,193.01
705,600298,3068,0,132.28
706,600299,3044,4,45.29
707,600299,3015,4,233.69
708,600300,3006,1,247.44
709,600301,3037,4,340.3
710,600302,3016,4,271.62
711,600303,3055,5,144.4
712,600303,3073,1,151.32
713,600303,3060,1,47.12
714,600304,3018,1,327.46
715,600304,3060,1,24.27
716,600305,3060,2,58.62
717,600305,3030,3,123.61
718,600305,3075,5,339.38
719,600305,3035,4,159.97
720,600306,3024,1,90.09
721,600307,3013,2,175.29
722,600308,3025,1,243.88
723,600309,3062,2,182.19
724,600309,3019,2,235.97
725,600310,3070,1,325.49
726,600310,3051,5,178.94
727,600311,3008,3,55.93
728,600311,3025,3,151.92
729,600311,3050,3,135.75
730,600312,3066,4,236.85
731,600312,3068,5,297.54
732,600313,3028,1,29.63
733,600314,3075,5,144.72
734,600314,3014,5,7.56
735,600315,3078,5,160.4
736,600315,3036,5,55.29
737,600315,3029,1,239.0
738,600316,3026,4,234.72
739,600316,3065,2,132.87
740,600317,3047,2,111.84
741,600317,3032,5,291.0
742,600318,3016,5,65.3
743,600318,3046,2,74.01
744,600318,3068,5,95.76
745,600319,3002,2,151.4
746,600319,3054,4,340.87
747,600320,3078,0,161.18
748,600321,3047,4,161.36
749,600321,3004,5,266.77
750,600322,3007,4,330.41
751,600322,3013,2,160.87
752,600322,3042,3,29.26
753,600323,3054,4,267.21
754,600323,3002,4,77.71
755,600324,3022,4,134.68
756,600325,3029,3,41.71
757,600325,3020,5,36.93
758,600325,3060,3,223.02
759,600325,3011,1,304.11
760,600326,3034,1,105.81
761,600327,3045,3,312.57
762,600327,3043,3,234.23
763,600327,3052,3,267.08
764,600327,3048,2,265.61
765,600328,3040,3,272.06
766,600328,3049,3,279.94
767,600328,3047,5,331.63
768,600329,3054,1,91.58
769,600329,3071,2,338.34
770,600329,3059,4,166.9
771,600330,3060,1,213.78
772,600330,3070,3,306.12
773,600330,3054,2,298.54
774,600331,3042,3,239.9
775,600332,3027,1,258.58
776,600333,3042,5,16.52
777,600333,3007,2,62.39
778,600333,3011,1,260.55
779,600334,3075,4,184.75
780,600334,3021,2,344.58
781,600334,3042,5,74.83
782,600334,3015,4,22.89
783,600335,3010,5,12.06
784,600335,3044,1,240.23
785,600335,3030,1,24.61
786,600336,3013,3,313.4
787,600336,3066,5,193.05
788,600336,3019,1,52.14
789,600336,3076,1,275.41
790,600337,3076,1,80.81
791,600337,3010,5,191.75
792,600337,3063,5,88.97
793,600338,3021,5,180.08
794,600339,3047,5,215.24
795,600339,3014,5,94.93
796,600340,3024,4,324.44
797,600340,3012,1,226.67
798,600340,3025,4,281.95
799,600341,3038,3,168.0
800,600341,3031,3,185.28
801,600342,3034,1,35.1
802,600342,3060,4,343.01
803,600342,3056,5,314.49
804,600343,3070,4,220.31
805,600344,3065,3,280.89
806,600344,3004,2,177.02
807,600345,3055,1,33.56
808,600345,3010,2,280.16
809,600346,3030,2,202.8
810,600346,3033,5,265.78
811,600346,3012,5,184.65
812,600346,3077,1,151.35
813,600347,3041,1,307.73
814,600347,3066,3,325.45
815,600348,3067,5,21.29
816,600349,3039,5,333.97
817,600350,3074,4,277.7
818,600350,3030,2,309.91
819,600350,3077,3,269.07
820,600351,3038,3,231.93
821,600351,3077,4,46.98
822,600351,3010,2,54.72
823,600352,3061,3,51.81
824,600352,3047,4,132.86
825,600352,3078,3,189.57
826,600352,3011,4,287.97
827,600353,3019,1,259.71
828,600353,3063,3,194.86
829,600353,3054,4,57.04
830,600353,3053,2,157.95
831,600354,3012,3,21.98
832,600354,3019,2,308.05
833,600355,3012,5,230.33
834,600355,3059,4,78.78
835,600355,3036,1,262.6
836,600356,3032,1,210.0
837,600356,3062,4,283.63
838,600357,3015,3,206.88
839,600357,3080,4,295.14
840,600357,3019,4,136.34
841,600357,3068,4,77.45
842,600358,3079,2,115.64
843,600359,3064,1,61.35
844,600359,3039,5,206.47
845,600359,3068,2,257.74
846,600360,3040,3,124.65
847,600360,3079,2,239.36
848,600361,3048,4,232.95
849,600361,3063,2,73.3
850,600361,3073,5,318.75
851,600362,3042,5,203.62
852,600363,3031,5,205.34
853,600363,3079,3,322.79
854,600364,3017,2,254.76
855,600365,3073,4,336.14
856,600365,3066,4,340.86
857,600365,3071,5,182.35
858,600365,3040,3,148.91
859,600366,3006,4,272.5
860,600366,3039,2,345.31
861,600366,3048,1,101.4
862,600366,3014,5,53.51
863,600367,3015,2,315.15
864,600367,3053,4,269.94
865,600367,3069,4,79.57
866,600368,3052,3,16.31
867,600368,3016,5,259.94
868,600368,3006,2,193.8
869,600369,3076,5,220.71
870,600369,3016,3,172.69
871,600369,3024,5,249.82
872,600370,3018,2,50.05
873,600370,3074,2,274.37
874,600371,3002,3,226.55
875,600371,3027,5,283.23
876,600371,3064,2,183.47
877,600371,3039,1,273.24
878,600372,3033,1,193.68
879,600372,3005,1,129.98
880,600372,3068,5,165.77
881,600372,3012,5,220.7
882,600373,3049,1,144.0
883,600373,3027,1,36.61
884,600373,3054,3,178.26
885,600374,3064,1,81.84
886,600375,3076,3,218.66
887,600375,3080,4,342.33
888,600375,3004,4,295.63
889,600376,3058,4,97.71
890,600376,3034,5,155.96
891,600376,3021,4,17.92
892,600376,3072,4,252.84
893,600377,3027,2,48.63
894,600377,3001,3,124.61
895,600377,3025,5,116.19
896,600378,3033,5,26.04
897,600379,3051,4,126.89
898,600379,3021,5,203.73
899,600379,3057,3,103.66
900,600379,3052,4,46.36
901,600380,3001,5,233.43
902,600380,3029,4,315.74
903,600381,3033,3,164.28
904,600381,3025,5,276.17
905,600381,3039,1,21.25
906,600382,3062,4,288.36
907,600383,3032,2,337.31
908,600384,3014,4,307.66
909,600385,3056,2,11.29
910,600385,3013,2,64.13
911,600386,3078,4,41.04
912,600387,3028,2,209.75
913,600387,3010,5,239.97
914,600388,3020,2,232.06
915,600389,3024,5,313.12
916,600389,3072,3,281.4
917,600390,3043,4,179.88
918,600391,3011,4,336.79
919,600391,3080,4,74.31
920,600391,3031,1,25.0
921,600392,3057,5,133.67
922,600392,3073,4,207.72
923,600392,3029,5,327.25
924,600392,3057,3,154.08
925,600393,3076,3,194.36
926,600394,3059,1,282.73
927,600394,3003,1,225.04
928,600394,3005,2,123.74
929,600394,3023,2,139.78
930,600395,3015,2,262.66
931,600395,3079,5,94.58
932,600396,3065,1,167.81
933,600396,3018,3,345.01
934,600397,3067,5,189.96
935,600397,3070,2,262.0
936,600397,3055,2,83.82
937,600397,3069,5,236.98
938,600398,3007,4,83.56
939,600398,3003,4,291.36
940,600398,3020,2,247.67
941,600399,3006,4,135.37
942,600399,3039,5,194.92
943,600400,3077,5,157.76
944,600400,3027,3,11.83
945,600401,3015,5,253.14
946,600402,3019,1,145.91
947,600402,3079,4,150.87
948,600403,3049,3,315.17
949,600403,3007,2,151.55
950,600403,3068,4,88.19
951,600404,3070,1,168.37
952,600404,3046,1,328.16
953,600404,3068,1,243.44
954,600404,3044,3,41.55
955,600405,3008,5,144.78
956,600405,3057,2,276.07
957,600405,3036,3,161.25
958,600405,3011,2,46.48
959,600406,3015,2,343.32
960,600407,3065,4,58.16
961,600407,3074,1,96.21
962,600407,3002,3,108.81
963,600407,3064,4,257.56
964,600408,3026,1,281.31
965,600408,3003,1,287.12
966,600409,3059,1,138.6
967,600410,3006,1,222.34
968,600410,3034,5,320.8
969,600411,3048,5,218.18
970,600411,3064,2,178.12
971,600411,3066,3,56.46
972,600412,3032,3,287.31
973,600412,3020,2,107.06
974,600412,3056,2,106.46
975,600412,3063,3,192.85
976,600413,3071,1,252.19
977,600414,3001,1,74.64
978,600414,3028,5,33.62
979,600415,3015,4,232.25
980,600416,3030,1,260.11
981,600416,3076,4,327.8
982,600416,3054,2,143.04
983,600417,3044,1,170.44
984,600417,3047,2,186.41
985,600417,3065,2,94.01
986,600418,3005,1,149.66
987,600418,3051,4,320.98
988,600418,3050,3,193.98
989,600418,3064,1,291.25
990,600419,3015,5,182.2
991,600419,3079,5,74.92
992,600419,3044,4,295.35
993,600420,3038,5,210.63
994,600420,3022,2,123.95
995,600421,3075,2,171.75
996,600422,3048,4,284.74
997,600422,3064,1,90.89
998,600423,3007,2,322.46
999,600423,3035,3,36.88
1000,600424,3027,3,15.49
1001,600424,3017,3,109.78
1002,600424,3063,2,88.78
1003,600424,3025,5,179.67
1004,600425,3076,5,249.54
1005,600426,3033,2,185.29
1006,600426,3016,4,343.77
1007,600426,3073,5,44.66
1008,600427,3035,2,169.76
1009,600427,3078,4,313.88
1010,600427,3051,2,304.43
1011,600427,3050,2,73.52
1012,600428,3063,2,68.42
1013,600428,3077,5,58.26
1014,600428,3011,2,302.74
1015,600428,3011,2,137.62
1016,600429,3020,4,326.02
1017,600429,3052,3,265.46
1018,600429,3022,4,246.44
1019,600430,3025,3,321.86
1020,600431,3072,5,308.15
1021,600431,3015,4,71.97
1022,600431,3071,2,301.96
1023,600432,3031,5,184.46
1024,600432,3037,3,18.33
1025,600432,3019,1,311.5
1026,600433,3050,5,179.33
1027,600433,3053,4,76.96
1028,600434,3040,1,205.9
1029,600434,3057,5,79.18
1030,600434,3026,2,335.76
1031,600434,3070,4,196.93
1032,600435,3030,2,24.15
1033,600436,3013,1,27.84
1034,600436,3002,3,222.87
1035,600437,3051,1,119.88
1036,600437,3069,1,247.19
1037,600437,3013,5,15.62
1038,600437,3007,1,148.81
1039,600438,3076,4,335.81
1040,600438,3057,5,241.32
1041,600438,3039,5,15.62
1042,600438,3029,4,271.6
1043,600439,3079,2,187.5
1044,600440,3023,4,238.27
1045,600441,3075,1,236.02
1046,600441,3006,2,319.32
1047,600441,3048,3,113.8
1048,600442,3068,4,24.62
1049,600442,3006,1,60.52
1050,600442,3019,1,349.56
1051,600443,3031,2,85.5
1052,600443,3038,2,191.99
1053,600443,3071,4,179.86
1054,600443,3022,5,55.49
1055,600444,3025,2,46.04
1056,600444,3064,2,146.04
1057,600444,3044,2,46.31
1058,600445,3060,5,67.82
1059,600445,3057,3,193.44
1060,600445,3014,3,258.99
1061,600445,3046,1,182.87
1062,600446,3046,3,187.39
1063,600446,3064,2,113.64
1064,600447,3014,4,58.75
1065,600447,3028,5,309.11
1066,600448,3053,3,35.44
1067,600448,3017,5,97.82
1068,600448,3061,4,334.2
1069,600449,3049,5,89.2
1070,600449,3049,3,68.95
1071,600450,3059,2,89.96
1072,600450,3051,2,148.01
1073,600451,3055,4,65.95
1074,600451,3070,2,41.47
1075,600451,3050,5,5.26
1076,600452,3066,4,5.3
1077,600452,3078,5,276.22
1078,600452,3040,2,337.08
1079,600453,3008,4,138.24
1080,600453,3001,5,153.09
1081,600453,3006,1,74.47
1082,600453,3012,1,288.34
1083,600454,3057,4,14.83
1084,600454,3019,1,151.85
1085,600455,3068,4,311.75
1086,600455,3046,5,195.27
1087,600455,3076,4,280.03
1088,600455,3051,1,158.06
1089,600456,3048,3,17.71
1090,600456,3051,4,248.7
1091,600456,3073,1,248.01
1092,600456,3009,5,104.21
1093,600457,3066,2,27.22
1094,600457,3036,5,164.37
1095,600457,3025,1,329.3
1096,600458,3069,1,194.16
1097,600458,3014,3,331.76
1098,600458,3007,1,241.81
1099,600458,3009,4,338.23
1100,600459,3004,5,78.98
1101,600459,3015,4,88.79
1102,600459,3019,5,308.16
1103,600460,3054,3,59.3
1104,600460,3031,2,133.23
1105,600460,3032,2,286.55
1106,600460,3067,1,195.84
1107,600461,3039,1,51.1
1108,600461,3036,2,170.61
1109,600461,3038,2,319.1
1110,600461,3073,2,212.31
1111,600462,3068,3,251.77
1112,600463,3007,1,121.11
1113,600463,3007,5,218.85
1114,600463,3065,3,13.94
1115,600463,3040,4,337.46
1116,600464,3065,2,61.85
1117,600464,3016,4,121.5
1118,600464,3056,3,182.38
1119,600465,3040,2,315.56
1120,600465,3018,5,68.61
1121,600465,3024,5,267.56
1122,600465,3057,5,34.92
1123,600466,3063,4,102.52
1124,600467,3076,1,18.4
1125,600467,3057,3,144.77
1126,600467,3050,2,162.04
1127,600467,3058,3,76.21
1128,600468,3072,4,284.08
1129,600468,3046,2,253.33
1130,600468,3066,4,154.92
1131,600469,3045,1,16.05
1132,600469,3029,4,307.49
1133,600470,3032,2,149.1
1134,600470,3076,5,145.47
1135,600470,3035,3,76.78
1136,600470,3008,5,11.96
1137,600471,3001,1,275.82
1138,600471,3011,5,197.11
1139,600471,3047,3,176.3
1140,600472,3020,4,197.49
1141,600473,3041,3,147.84
1142,600473,3058,1,102.25
1143,600473,3079,3,281.61
1144,600474,3052,4,32.17
1145,600474,3068,2,93.58
1146,600475,3039,1,342.0
1147,600475,3024,5,266.64
1148,600475,3080,5,190.0
1149,600476,3052,4,67.91
1150,600476,3062,3,181.99
1151,600476,3004,4,315.31
1152,600476,3030,5,210.04
1153,600477,3054,4,302.0
1154,600477,3036,3,32.96
1155,600477,9999,4,322.38
1156,600478,3036,4,197.54
1157,600478,3028,2,296.26
1158,600478,3058,3,323.15
1159,600479,3044,4,254.25
1160,600480,3028,1,210.14
1161,600480,3024,3,300.33
1162,600480,3055,5,305.04
1163,600481,3079,5,302.01
1164,600482,3058,5,164.6
1165,600482,3036,3,169.6
1166,600482,3008,3,204.76
1167,600483,3050,4,147.93
1168,600483,3064,1,146.09
1169,600484,3011,5,27.42
1170,600484,3041,3,101.9
1171,600485,3005,3,141.12
1172,600485,3008,5,73.95
1173,600486,3052,1,332.85
1174,600486,3043,1,118.0
1175,600486,3033,3,333.97
1176,600487,3001,5,160.06
1177,600487,3059,3,184.66
1178,600487,3024,1,33.34
1179,600488,3001,4,115.95
1180,600488,3063,1,51.43
1181,600489,3078,5,318.85
1182,600490,3052,2,237.55
1183,600490,3033,5,42.11
1184,600490,3008,5,253.72
1185,600490,3026,1,81.03
1186,600491,3035,5,134.88
1187,600491,3029,2,55.75
1188,600491,3011,2,341.86
1189,600491,3060,3,165.12
1190,600492,3041,2,34.92
1191,600492,3022,5,40.15
1192,600492,3052,3,177.67
1193,600492,3062,3,249.47
1194,600493,3026,3,220.16
1195,600493,3002,3,64.96
1196,600493,3058,2,317.86
1197,600493,3055,5,117.98
1198,600494,3050,1,96.45
1199,600494,3023,1,31.96
1200,600494,3044,2,70.97
1201,600494,3041,1,344.69
1202,600495,3057,5,45.06
1203,600495,3039,2,227.62
1204,600495,3012,4,40.44
1205,600495,3022,4,56.72
1206,600496,3017,2,130.33
1207,600496,3072,3,209.67
1208,600496,3023,5,161.54
1209,600497,3019,1,338.44
1210,600497,3025,4,126.67
1211,600497,3001,5,342.63
1212,600498,3029,2,331.33
1213,600498,3052,1,314.01
1214,600498,3034,5,344.54
1215,600499,3077,4,236.09
1216,600500,3073,4,144.56
1217,600500,3025,2,288.04
1218,600500,3026,3,348.64
1219,600500,3044,3,74.1
1220,600501,3055,1,219.26
1221,600502,3011,4,-11.85
1222,600502,3006,4,249.48
1223,600503,3043,4,232.72
1224,600503,3005,5,73.4
1225,600503,3031,2,332.84
1226,600504,3006,3,35.05
1227,600504,3010,4,238.97
1228,600504,3009,4,340.96
1229,600505,3013,3,18.47
1230,600506,3034,1,288.15
1231,600506,3031,2,319.76
1232,600507,3058,2,201.75
1233,600507,3053,2,270.9
1234,600507,3021,5,306.54
1235,600508,3042,1,66.85
1236,600508,3080,4,170.46
1237,600509,3060,1,144.37
1238,600509,3032,3,133.44
1239,600510,3033,3,103.14
1240,600510,3054,2,224.44
1241,600510,3066,3,225.19
1242,600511,3002,5,6.22
1243,600512,3050,1,323.96
1244,600512,3019,2,181.09
1245,600512,3067,1,25.01
1246,600513,3008,4,117.99
1247,600514,3044,1,180.45
1248,600514,3059,1,219.71
1249,600514,9999,1,73.43
1250,600514,3033,2,299.01
1251,600515,3016,1,330.14
1252,600515,3063,2,322.38
1253,600516,3031,4,185.11
1254,600516,3010,5,147.22
1255,600517,3004,3,158.9
1256,600517,3026,3,300.21
1257,600518,3019,3,192.06
1258,600519,3062,5,254.43
1259,600519,3031,2,50.98
1260,600520,3021,1,199.01
1261,600520,3019,5,109.58
1262,600521,3061,2,5.88
1263,600522,3019,5,74.47
1264,600522,3002,3,65.55
1265,600522,3060,2,190.79
1266,600522,3070,3,281.85
1267,600523,3067,1,220.41
1268,600523,3020,1,182.1
1269,600523,3070,1,262.86
1270,600524,3010,5,133.06
1271,600524,3003,4,34.14
1272,600524,3045,5,151.92
1273,600525,3012,2,172.46
1274,600525,3075,1,234.98
1275,600525,3054,3,181.1
1276,600525,3050,5,31.88
1277,600526,3012,1,22.81
1278,600527,3075,2,300.49
1279,600527,3035,1,198.58
1280,600527,3057,2,74.94
1281,600527,3017,3,183.3
1282,600528,3023,2,254.93
1283,600528,3042,5,38.83
1284,600528,3042,3,220.61
1285,600528,3003,4,320.61
1286,600529,3061,2,76.0
1287,600530,3066,5,124.33
1288,600531,3069,4,262.9
1289,600531,3009,4,145.11
1290,600531,3075,4,52.76
1291,600531,3014,2,232.61
1292,600532,3007,4,32.32
1293,600533,3039,1,131.48
1294,600533,3025,2,143.29
1295,600534,3062,1,266.62
1296,600535,3069,5,186.47
1297,600535,3061,5,181.98
1298,600535,3073,2,115.14
1299,600535,3073,3,86.36
1300,600536,3072,1,289.4
1301,600536,3047,2,138.09
1302,600536,3038,2,60.56
1303,600537,3009,3,347.02
1304,600538,3017,5,183.67
1305,600539,3042,1,110.49
1306,600539,3067,4,64.56
1307,600539,3062,3,90.68
1308,600539,3040,1,172.97
1309,600540,3060,4,250.62
1310,600541,3034,4,248.84
1311,600542,3025,3,319.47
1312,600542,3018,2,188.04
1313,600543,3039,5,320.32
1314,600544,3055,4,242.16
1315,600545,3073,1,74.52
1316,600546,3057,4,59.14
1317,600546,3056,1,164.33
1318,600547,3026,4,110.89
1319,600547,3047,1,66.48
1320,600547,3025,1,132.62
1321,600547,3046,4,16.39
1322,600548,3044,2,282.12
1323,600548,3073,1,187.98
1324,600549,3047,4,343.02
1325,600549,3078,3,168.51
1326,600549,3025,5,173.7
1327,600550,3047,4,35.49
1328,600550,3042,5,211.58
1329,600550,3064,1,313.58
1330,600551,3077,2,284.88
1331,600551,3067,2,306.6
1332,600552,3023,5,61.65
1333,600553,3031,1,115.34
1334,600553,3073,1,-337.4
1335,600553,3049,2,223.16
1336,600554,3011,2,333.85
1337,600555,3063,1,122.01
1338,600556,3035,1,95.74
1339,600557,3030,3,33.73
1340,600557,3045,2,55.37
1341,600557,3027,4,282.41
1342,600558,3064,2,73.73
1343,600559,3028,2,148.99
1344,600559,3078,3,62.2
1345,600559,3042,3,37.36
1346,600560,3012,1,338.3
1347,600560,3070,4,150.37
1348,600560,3047,3,248.33
1349,600561,3056,3,37.61
1350,600561,3078,2,259.56
1351,600561,3051,4,169.63
1352,600562,3023,4,11.41
1353,600563,3068,2,53.3
1354,600563,3075,3,102.1
1355,600563,3068,5,269.83
1356,600563,3034,4,245.25
1357,600564,3067,5,224.83
1358,600564,3031,3,185.89
1359,600564,3017,1,92.88
1360,600564,3073,5,178.03
1361,600565,3008,3,145.11
1362,600565,3073,4,45.65
1363,600565,3034,4,194.08
1364,600566,3048,5,211.57
1365,600566,3049,3,8.18
1366,600567,3018,4,44.93
1367,600567,3047,5,166.86
1368,600567,3075,3,163.48
1369,600567,3043,1,159.77
1370,600568,3079,2,141.58
1371,600568,3053,5,44.33
1372,600569,3067,1,116.74
1373,600569,3017,0,239.24
1374,600570,3043,2,195.6
1375,600570,3080,4,29.87
1376,600571,3025,1,315.29
1377,600572,3056,5,288.27
1378,600572,3021,5,114.14
1379,600572,3012,5,33.85
1380,600572,3001,2,147.09
1381,600573,3072,2,133.72
1382,600574,3058,3,47.12
1383,600574,3077,5,47.7
1384,600574,3016,2,95.62
1385,600575,3038,4,230.77
1386,600575,3054,1,145.36
1387,600576,3012,5,330.42
1388,600577,3004,1,314.34
1389,600577,3068,1,74.47
1390,600577,3038,2,313.96
1391,600578,3040,4,289.0
1392,600579,3017,2,304.6
1393,600580,3005,5,108.7
1394,600580,3030,4,298.66
1395,600581,3038,5,-281.59
1396,600581,3068,4,162.06
1397,600581,3047,5,35.92
1398,600582,3003,2,80.78
1399,600583,3046,5,54.39
1400,600583,3040,5,12.32
1401,600583,3030,3,65.42
1402,600584,3011,3,170.54
1403,600585,3035,1,151.25
1404,600585,3041,1,174.47
1405,600585,3015,5,36.04
1406,600586,3079,4,72.94
1407,600586,3060,1,198.22
1408,600586,3002,5,89.83
1409,600587,3067,1,224.64
1410,600587,3009,3,342.34
1411,600587,3066,2,24.23
1412,600587,3042,5,-315.76
1413,600588,3036,1,261.54
1414,600588,3042,5,257.7
1415,600588,3010,1,268.18
1416,600588,3013,4,246.3
1417,600589,3045,5,323.55
1418,600589,3002,1,211.32
1419,600589,3010,2,49.71
1420,600589,3003,1,336.12
1421,600590,3078,4,320.65
1422,600590,3077,2,71.18
1423,600591,3073,5,233.15
1424,600591,3042,4,279.03
1425,600592,3063,4,112.73
1426,600592,3052,3,74.6
1427,600592,3048,5,78.72
1428,600592,3037,2,130.82
1429,600593,3040,2,283.65
1430,600593,3015,4,92.22
1431,600594,3012,2,278.55
1432,600594,3071,5,267.1
1433,600594,3043,5,347.29
1434,600594,3034,1,201.56
1435,600595,3005,4,150.98
1436,600596,3075,1,70.08
1437,600596,3030,3,154.12
1438,600597,3035,3,168.17
1439,600597,3059,4,92.04
1440,600597,3018,3,181.69
1441,600597,3035,5,155.96
1442,600598,3058,5,197.18
1443,600598,3054,2,349.41
1444,600599,3053,3,23.13
1445,600600,3006,3,91.49
1446,600601,3076,1,154.68
1447,600601,3032,4,139.59
1448,600601,3028,1,276.8
1449,600601,3017,4,82.6
1450,600602,3078,1,319.28
1451,600602,3019,1,91.49
1452,600602,3025,4,135.57
1453,600602,3014,3,170.76
1454,600603,3025,4,150.37
1455,600603,3053,3,31.92
1456,600603,3012,2,238.51
1457,600603,3031,1,98.96
1458,600604,3024,4,297.7
1459,600604,3035,3,299.73
1460,600605,3026,1,289.86
1461,600605,3025,5,243.92
1462,600605,3063,1,131.66
1463,600605,3055,2,118.21
1464,600606,3031,2,283.26
1465,600606,3002,3,73.4
1466,600606,3042,3,49.31
1467,600607,3074,1,108.96
1468,600608,3080,5,329.74
1469,600609,3076,1,253.67
1470,600609,3010,4,236.42
1471,600610,3054,2,249.99
1472,600610,3041,5,73.12
1473,600611,3017,3,186.47
1474,600611,3020,4,264.02
1475,600612,3033,1,344.41
1476,600612,3024,1,94.95
1477,600612,3033,3,85.26
1478,600613,3062,3,255.87
1479,600613,3069,3,267.69
1480,600614,3020,4,63.74
1481,600614,3031,4,164.94
1482,600614,3013,4,94.07
1483,600615,3050,5,62.1
1484,600616,3022,4,208.98
1485,600617,3038,5,170.74
1486,600617,3035,4,309.91
1487,600617,3040,4,89.56
1488,600618,3068,4,176.32
1489,600618,3007,4,231.53
1490,600619,3023,4,117.02
1491,600620,3043,4,308.13
1492,600620,3010,2,347.92
1493,600621,3020,3,183.42
1494,600622,3078,5,261.81
1495,600622,3079,5,90.14
1496,600622,3016,1,321.24
1497,600623,3071,5,321.32
1498,600623,3012,2,173.82
1499,999999,3071,1,159.08
1500,600624,3010,1,186.39
1501,600625,3039,4,178.85
1502,600625,3021,5,139.68
1503,600626,3018,2,193.88
1504,600626,3049,1,77.05
1505,600626,3057,4,341.36
1506,600626,3054,2,277.56
1507,600627,3019,3,236.63
1508,600627,3062,3,107.63
1509,600628,3033,1,347.17
1510,600628,3053,2,118.6
1511,600628,3028,5,153.29
1512,600629,3057,1,58.12
1513,600629,3025,5,241.94
1514,600629,3028,3,246.23
1515,600630,3023,2,250.35
1516,600630,3026,4,63.2
1517,600630,3060,4,180.65
1518,600631,3079,5,308.98
1519,600631,3073,4,292.14
1520,600632,3074,5,269.81
1521,600632,3036,1,106.17
1522,600633,3056,5,337.75
1523,600633,3021,5,224.87
1524,600633,3046,1,195.21
1525,600633,3066,5,276.28
1526,600634,3036,4,27.92
1527,600635,3031,2,141.04
1528,600635,3069,1,161.68
1529,600636,3034,4,290.3
1530,600636,3055,1,219.14
1531,600636,3024,1,128.24
1532,600637,3075,4,35.55
1533,600637,3073,2,240.59
1534,600637,3072,1,343.14
1535,600638,3048,4,91.82
1536,600639,3004,4,47.21
1537,600639,3045,5,202.75
1538,600640,3067,2,153.92
1539,600641,3063,2,268.98
1540,600641,3057,1,185.19
1541,600642,3056,4,329.83
1542,600642,3067,5,258.49
1543,600642,3010,5,251.3
1544,600642,3003,3,278.63
1545,600643,3032,2,35.29
1546,600643,3008,4,263.59
1547,600644,3049,1,124.3
1548,600645,3029,1,141.68
1549,600646,3010,5,86.61
1550,600647,3057,4,244.46
1551,600647,3053,3,208.88
1552,600648,3023,3,144.81
1553,600648,3031,0,156.22
1554,600648,3072,4,159.88
1555,600648,3005,2,199.07
1556,600649,3027,3,22.16
1557,600649,3056,5,312.36
1558,600650,3014,5,103.22
1559,600651,3028,3,215.72
1560,999999,3042,4,204.17
1561,600653,3012,4,289.44
1562,600654,3057,3,175.73
1563,600655,3035,3,344.91
1564,600655,3049,4,202.1
1565,600655,3076,5,131.9
1566,600656,3025,2,291.83
1567,600656,3030,0,176.47
1568,600656,3016,4,206.78
1569,600656,3068,4,48.8
1570,600657,3012,3,346.37
1571,600657,3051,4,41.23
1572,600658,3039,3,263.08
1573,600658,3032,3,246.24
1574,600658,3040,5,152.58
1575,600658,3077,2,266.29
1576,600659,3022,4,281.17
1577,600659,3047,2,268.66
1578,600659,3009,5,176.76
1579,600660,3052,2,313.73
1580,600660,3003,5,206.67
1581,600660,3006,1,177.19
1582,600661,3022,1,33.71
1583,600661,3073,2,221.09
1584,600661,3068,1,175.02
1585,600661,3073,5,92.55
1586,600662,3015,2,262.02
1587,600663,3073,2,217.95
1588,600663,3051,2,163.06
1589,600664,3026,3,231.48
1590,600664,3063,5,268.29
1591,600665,3049,3,161.57
1592,600665,3070,1,19.33
1593,600665,3054,1,219.44
1594,600665,3039,5,22.5
1595,600666,3065,1,148.95
1596,600667,3074,4,24.5
1597,600667,3037,5,327.84
1598,600667,3066,5,147.87
1599,600667,3015,2,230.49
1600,600668,3031,2,214.93
1601,600668,3053,2,56.89
1602,600668,3058,5,340.96
1603,600669,3006,4,287.93
1604,600669,3052,1,196.26
1605,600669,3062,2,113.49
1606,600670,3054,2,338.46
1607,600670,3029,2,128.17
1608,600670,3062,4,50.07
1609,600671,3043,4,21.12
1610,600671,3017,3,342.5
1611,600671,3062,1,315.19
1612,600672,3034,1,304.4
1613,600672,3063,2,249.22
1614,600673,3073,4,320.2
1615,600673,3069,2,240.7
1616,600673,3002,4,190.66
1617,600673,3051,3,325.73
1618,600674,3034,3,149.91
1619,600674,3037,1,183.39
1620,600674,3059,3,82.11
1621,600675,3037,2,274.49
1622,600675,3003,1,282.99
1623,600675,3011,3,190.79
1624,600676,3062,1,321.72
1625,600676,3076,2,249.7
1626,600676,3043,1,165.83
1627,600677,3037,3,329.96
1628,600677,3003,3,16.57
1629,600677,3062,5,117.57
1630,600678,3045,2,264.91
1631,600678,3038,1,-11.75
1632,600678,3015,3,97.29
1633,600679,3073,3,299.29
1634,600680,3039,4,53.68
1635,600680,3030,1,62.05
1636,600680,3015,4,201.37
1637,600680,3019,3,229.33
1638,600681,3043,4,136.04
1639,600681,3074,3,346.14
1640,600682,3004,5,115.5
1641,600682,3079,2,22.69
1642,600682,3050,2,216.66
1643,600682,3065,2,346.6
1644,600683,3018,4,160.39
1645,600683,3005,1,179.58
1646,600683,3041,2,277.25
1647,600683,3040,5,113.73
1648,600684,3026,1,209.77
1649,600684,3055,4,-290.94
1650,600684,3054,1,237.81
1651,600685,3014,4,184.99
1652,600685,3045,2,347.57
1653,600686,3050,5,218.04
1654,600687,3015,5,29.69
1655,600687,3001,1,209.79
1656,600688,3022,4,340.84
1657,600688,3040,5,58.6
1658,600688,3017,4,64.86
1659,600689,3011,3,79.84
1660,600689,3075,3,321.79
1661,600689,3074,3,264.88
1662,600690,3055,1,49.0
1663,600690,3019,5,274.11
1664,600691,3068,3,65.03
1665,600691,3070,4,-177.7
1666,600692,3047,4,123.53
1667,600692,3043,1,177.87
1668,600693,3049,3,346.62
1669,600693,3070,2,280.45
1670,600693,3038,1,245.93
1671,600693,3074,1,205.09
1672,600694,3044,1,162.85
1673,600694,3041,3,174.95
1674,600694,3028,5,137.86
1675,600694,3012,4,26.26
1676,600695,3027,4,308.53
1677,600695,3012,1,91.48
1678,600695,3016,5,10.09
1679,600696,3056,2,175.07
1680,600696,3020,2,275.56
1681,600696,3063,5,67.39
1682,600697,3006,5,153.94
1683,600697,3041,3,125.62
1684,600697,3035,1,307.78
1685,600697,3027,2,122.51
1686,600698,3077,5,166.5
1687,600698,3075,1,307.24
1688,600698,3072,5,28.21
1689,600698,3029,2,143.81
1690,600699,3047,2,30.25
1691,600699,3037,4,248.98
1692,600700,3056,1,238.35
1693,600701,3055,3,290.37
1694,600701,3014,2,43.71
1695,600702,3080,3,232.11
1696,600703,3069,1,198.85
1697,600703,3047,5,138.98
1698,600703,3004,5,256.66
1699,600704,3014,3,212.58
1700,600704,3040,5,219.91
1701,600704,3009,5,48.75
1702,600705,3072,3,315.66
1703,600705,3003,4,65.54
1704,600706,3069,3,334.87
1705,600706,3068,5,100.64
1706,600707,3033,3,115.76
1707,600707,3017,4,177.72
1708,600707,3080,1,188.05
1709,600707,3054,5,286.02
1710,600708,3011,2,275.09
1711,600708,3029,3,73.57
1712,600709,3031,2,197.47
1713,600710,3035,3,92.77
1714,600710,3058,1,227.84
1715,600710,3015,1,135.68
1716,600710,3054,4,84.67
1717,600711,3055,4,109.01
1718,600711,3012,2,87.39
1719,600711,3064,1,190.17
1720,600711,3079,4,176.21
1721,600712,3057,2,332.31
1722,600712,3034,2,120.26
1723,600712,3070,1,76.22
1724,600712,3014,3,278.84
1725,600713,3073,3,139.94
1726,600713,3069,2,187.79
1727,600713,3020,4,98.32
1728,600714,3051,3,82.23
1729,600714,3044,3,240.92
1730,600715,3022,5,131.54
1731,600715,3080,2,331.88
1732,600716,3027,3,282.19
1733,600717,3049,5,251.04
1734,600717,3012,5,203.0
1735,600717,3062,2,168.07
1736,600717,3076,2,102.88
1737,600718,3055,2,149.48
1738,600718,3070,3,157.97
1739,600718,3012,4,134.22
1740,600718,3012,5,52.07
1741,600719,3035,4,245.48
1742,600719,3063,3,298.32
1743,600720,3075,5,91.68
1744,600721,3006,2,242.98
1745,600721,3066,4,290.73
1746,600722,3056,1,212.92
1747,600722,3022,1,269.47
1748,600722,3034,2,138.97
1749,600723,3018,5,86.91
1750,600723,3012,4,165.61
1751,600723,3002,1,212.85
1752,600723,3065,4,307.41
1753,600724,3010,5,289.6
1754,600724,3044,1,219.05
1755,600724,3011,1,155.04
1756,600725,3003,4,342.09
1757,600725,3033,2,169.74
1758,600725,3004,4,263.11
1759,600726,3040,3,59.43
1760,600727,3066,5,247.53
1761,600727,3017,4,45.37
1762,600727,3042,3,315.28
1763,600728,3025,5,82.63
1764,600728,3013,4,151.02
1765,600729,3036,2,345.06
1766,600729,3077,3,315.93
1767,600729,3032,3,148.49
1768,600729,3002,4,224.57
1769,600730,3065,1,65.89
1770,600730,3050,3,260.02
1771,600731,3028,4,105.14
1772,600731,3059,2,305.34
1773,600731,3073,5,162.51
1774,600732,3028,4,49.81
1775,600732,3072,3,325.36
1776,600732,3060,4,113.02
1777,600732,3017,4,132.43
1778,600733,3059,2,247.28
1779,600733,3060,3,38.62
1780,600733,3002,1,240.49
1781,600734,3005,2,57.86
1782,600734,3011,3,177.54
1783,600735,3011,3,105.66
1784,600735,3066,1,118.07
1785,600735,3051,2,28.95
1786,600735,3020,4,251.41
1787,600736,3025,2,233.01
1788,600736,3011,5,335.7
1789,600736,3023,1,325.74
1790,600737,3002,1,69.5
1791,600738,3030,3,190.76
1792,600738,3062,5,176.58
1793,600739,3013,2,154.47
1794,600739,3013,5,75.83
1795,600740,3005,4,242.14
1796,600740,3043,2,170.64
1797,600740,3026,1,31.6
1798,600741,3003,4,75.6
1799,600742,3015,4,316.36
1800,600743,3043,5,83.66
1801,600743,3025,2,216.85
1802,600743,3021,2,196.26
1803,600743,3032,1,320.43
1804,600744,3039,2,58.24
1805,600744,3016,1,66.39
1806,600744,3018,2,39.16
1807,600745,3078,3,193.21
1808,600745,3020,2,176.51
1809,600745,3026,3,153.58
1810,600745,3001,5,137.91
1811,600746,3037,2,74.52
1812,600746,3043,4,220.86
1813,600746,3015,5,187.01
1814,600746,3022,1,300.76
1815,600747,3050,1,63.27
1816,600748,3038,5,158.16
1817,600748,3025,5,330.63
1818,600749,3009,1,256.64
1819,600749,3042,2,249.29
1820,600749,3044,2,319.21
1821,600749,3053,4,122.37
1822,600750,3040,3,342.01
1823,600751,3009,3,247.43
1824,600751,3080,4,290.55
1825,600751,3029,1,271.14
1826,600752,3023,4,107.37
1827,600752,3002,2,24.14
1828,600753,3001,1,316.71
1829,600753,3022,1,211.44
1830,600753,3004,2,70.82
1831,600754,3044,2,178.67
1832,600754,3017,4,176.18
1833,600754,3049,2,215.64
1834,600755,3005,5,241.3
1835,600755,3010,3,99.68
1836,600755,3020,1,326.16
1837,600756,3031,4,157.32
1838,600756,3016,2,254.74
1839,600756,3080,4,127.4
1840,600757,3006,2,232.27
1841,600757,3002,1,134.11
1842,600758,3061,5,7.18
1843,600758,3011,3,314.27
1844,600759,3049,5,318.07
1845,600760,3064,2,284.35
1846,600761,3038,4,63.23
1847,600761,3045,2,53.56
1848,600761,3020,4,101.87
1849,600762,3049,2,133.79
1850,600762,3052,1,23.58
1851,600763,3049,1,244.33
1852,600763,3032,2,177.86
1853,600763,3039,2,154.17
1854,600763,3009,1,229.1
1855,600764,3041,2,-157.99
1856,600765,3061,2,263.97
1857,600765,3032,2,51.33
1858,600765,3059,1,211.65
1859,600766,3068,3,78.42
1860,600766,3020,5,264.34
1861,600766,3056,3,169.34
1862,600767,3023,3,156.49
1863,600767,3031,1,253.53
1864,600767,3006,3,174.09
1865,600767,3061,5,145.3
1866,600768,3070,3,77.43
1867,600768,3076,1,133.53
1868,600769,3037,5,90.56
1869,600769,3055,2,122.2
1870,600770,3061,1,152.91
1871,600770,3005,5,93.54
1872,600770,3080,2,151.22
1873,600771,3047,3,253.94
1874,600771,3025,4,140.99
1875,600771,3027,5,278.18
1876,600772,3034,4,21.81
1877,600772,3038,3,346.04
1878,600773,3039,2,33.51
1879,600773,3054,4,259.58
1880,600774,3023,1,31.76
1881,600774,3024,5,210.65
1882,600774,3027,1,145.42
1883,600775,3039,5,269.6
1884,600775,3047,2,67.72
1885,600775,3046,2,28.61
1886,600776,3050,2,216.08
1887,600776,3055,2,347.78
1888,600776,3064,1,190.69
1889,600777,3044,3,97.95
1890,600777,3006,5,72.7
1891,600777,3013,5,280.88
1892,600777,3012,3,245.94
1893,600778,3019,4,321.51
1894,600778,3028,3,314.75
1895,600778,3027,4,311.42
1896,600778,3032,4,70.32
1897,600779,3028,1,70.52
1898,600779,3052,3,254.09
1899,600779,3052,5,118.25
1900,600780,3047,3,243.87
1901,600780,3074,5,189.59
1902,600780,3061,5,127.56
1903,600780,3076,5,12.65
1904,600781,3072,1,260.95
1905,600781,3012,1,289.01
1906,600782,3011,4,125.99
1907,600782,3054,2,110.7
1908,600782,3059,2,161.83
1909,600782,3066,3,236.38
1910,600783,3054,3,118.39
1911,600783,3024,3,54.74
1912,600784,3068,2,330.02
1913,600784,3068,2,209.17
1914,600784,3049,4,167.14
1915,600784,3018,2,251.5
1916,600785,3044,1,252.73
1917,600785,3022,4,107.85
1918,600786,3019,5,333.97
1919,600786,3021,4,205.99
1920,600787,3052,5,99.98
1921,600787,3017,5,197.62
1922,600787,3053,1,165.62
1923,600788,3019,2,106.54
1924,600788,3009,2,39.42
1925,600789,3025,4,5.55
1926,600790,3018,1,244.02
1927,600790,3038,3,210.56
1928,600791,3063,3,175.5
1929,600791,3050,5,268.68
1930,600791,3018,5,43.76
1931,600792,3054,1,25.31
1932,600792,3015,3,212.06
1933,600792,3044,1,291.66
1934,600793,3074,3,332.32
1935,600793,3034,3,66.12
1936,600793,3038,5,172.74
1937,600793,3006,5,25.98
1938,600794,3020,4,122.61
1939,600795,3065,4,347.84
1940,600796,3079,5,129.87
1941,600797,3060,4,39.08
1942,600797,3009,5,54.37
1943,600797,3055,2,45.66
1944,600797,3030,1,289.44
1945,600798,3068,4,140.55
1946,600798,3071,5,57.92
1947,600798,3004,5,264.95
1948,600798,3002,0,338.13
1949,600799,3003,1,51.72
1950,600800,3077,1,70.56
1951,600801,3074,5,71.26
1952,600802,3049,4,153.55
1953,600802,3038,5,271.32
1954,600802,3007,4,330.25
1955,600803,3005,5,340.68
1956,600803,3033,5,74.68
1957,600804,3061,2,123.97
1958,600804,3074,1,50.11
1959,600805,3018,1,245.6
1960,600805,3043,2,259.47
1961,600805,3002,2,150.66
1962,600806,3059,2,245.9
1963,600806,3079,3,128.22
1964,600807,3079,4,10.39
1965,600807,3064,3,242.93
1966,600807,3063,5,111.19
1967,600807,3066,1,121.93
1968,600808,3066,5,141.87
1969,600808,3017,3,224.08
1970,600809,3018,3,267.16
1971,600810,3076,5,148.98
1972,600811,3019,4,285.07
1973,600811,3072,5,50.86
1974,600812,3032,5,67.35
1975,600813,3066,5,334.05
1976,600814,3026,1,206.46
1977,600814,3063,5,277.56
1978,600814,3014,4,341.48
1979,600815,3078,1,34.05
1980,600815,3065,3,16.89
1981,600815,3066,2,218.99
1982,600816,3065,2,224.15
1983,600816,3020,1,278.53
1984,600816,3016,2,283.31
1985,600817,3073,1,335.13
1986,600817,3048,2,161.06
1987,600818,3038,5,196.23
1988,600818,3020,4,202.33
1989,600819,3051,4,193.75
1990,600819,3065,3,51.25
1991,600819,3029,4,75.35
1992,600820,3028,4,227.35
1993,600820,3007,1,45.83
1994,600820,3023,5,311.27
1995,600820,3007,1,76.84
1996,600821,3054,2,190.29
1997,600821,3023,5,152.06
1998,600822,3025,5,159.74
1999,600822,3026,1,344.03
2000,600822,3050,5,255.21
2001,600823,3021,3,159.94
2002,600824,3005,3,328.8
2003,600824,3002,3,67.59
2004,600824,3044,1,185.55
2005,600825,3032,3,184.78
2006,600825,3035,5,194.12
2007,600826,3065,4,290.28
2008,600826,3079,1,338.65
2009,600826,3062,4,178.5
2010,600827,3022,5,258.85
2011,600827,3047,1,47.06
2012,600828,3051,1,185.22
2013,600829,3013,3,231.69
2014,600830,3029,3,131.16
2015,999999,3077,4,42.07
2016,600831,3002,1,68.92
2017,600831,3021,2,149.95
2018,600832,3072,2,218.79
2019,600833,3011,4,275.33
2020,600833,3043,2,331.5
2021,600834,3049,5,259.73
2022,600835,3054,1,117.5
2023,600835,3073,0,25.62
2024,600835,3033,5,55.65
2025,600835,3036,5,290.86
2026,600836,3042,5,72.79
2027,600836,3010,5,252.07
2028,600837,3009,3,52.84
2029,600838,3011,2,309.69
2030,600838,3019,4,294.6
2031,600838,3059,2,249.91
2032,600838,3069,4,79.73
2033,600839,3027,3,239.35
2034,600840,3077,4,227.67
2035,600840,3048,2,28.12
2036,600841,3029,4,197.01
2037,600841,3058,5,77.03
2038,600842,3040,2,30.05
2039,600842,3061,1,9.63
2040,600842,3048,4,323.07
2041,600843,3022,2,333.14
2042,600843,3047,4,110.47
2043,600843,3062,2,261.85
2044,600844,3060,1,120.06
2045,600844,3008,3,282.64
2046,600845,3038,2,173.96
2047,600846,3049,2,290.14
2048,600846,3055,3,278.05
2049,600846,3057,1,273.75
2050,600846,3024,1,329.6
2051,600847,3038,2,304.4
2052,600848,3050,5,73.71
2053,600849,3067,1,100.98
2054,600849,3074,2,135.97
2055,600849,3062,3,325.78
2056,600849,3039,2,105.36
2057,600850,3023,2,184.09
2058,600850,3016,2,37.91
2059,600850,3003,1,304.3
2060,600851,3059,1,73.1
2061,600851,3040,1,26.51
2062,600851,3072,3,346.2
2063,600851,3046,1,119.17
2064,600852,3035,1,149.0
2065,600852,3027,1,196.01
2066,600852,3067,4,68.55
2067,600852,3069,2,169.51
2068,600853,3046,4,206.15
2069,600853,3017,5,98.63
2070,600853,3048,3,269.8
2071,600853,3065,1,303.91
2072,600854,3031,1,51.75
2073,600854,3059,5,141.14
2074,600855,3058,5,172.87
2075,600856,3036,2,324.06
2076,600856,3080,2,33.18
2077,600857,3007,3,250.85
2078,600858,3015,3,285.4
2079,600859,3075,1,168.17
2080,600860,3028,3,33.77
2081,600860,3008,2,67.89
2082,600861,3005,0,134.35
2083,600862,3079,5,21.04
2084,600862,3007,4,93.85
2085,600862,3014,5,197.05
2086,600862,3049,4,84.45
2087,600863,3031,5,116.85
2088,600863,3071,2,155.82
2089,600864,3024,5,46.53
2090,600864,3075,5,120.04
2091,600864,3048,0,18.81
2092,600865,3019,2,139.03
2093,600865,3017,1,222.67
2094,600865,3068,3,73.95
2095,600866,3048,3,7.84
2096,600867,3080,2,99.77
2097,600867,3022,2,241.5
2098,600868,3001,1,255.51
2099,600868,3018,1,42.28
2100,600868,3003,1,9.55
2101,600869,3047,1,190.41
2102,600869,3008,3,104.92
2103,600870,3044,5,80.81
2104,600870,3008,2,203.51
2105,600870,3052,2,245.96
2106,600870,3008,5,108.62
2107,600871,3072,3,276.92
2108,600871,3079,1,236.74
2109,600871,3057,1,211.96
2110,600871,3002,2,233.61
2111,600872,3028,4,76.94
2112,600872,3041,5,178.21
2113,600872,3017,5,150.47
2114,600872,3063,2,96.16
2115,600873,3009,1,232.99
2116,600873,3045,2,128.96
2117,600873,3061,3,231.63
2118,600873,3005,2,69.56
2119,600874,3020,4,57.77
2120,600875,3034,1,323.01
2121,600875,3071,1,121.57
2122,600876,3046,5,215.26
2123,600877,3050,3,66.61
2124,600877,3065,5,116.51
2125,600878,3050,2,88.09
2126,600878,3047,4,33.48
2127,600879,3078,1,331.78
2128,600880,3028,5,245.22
2129,600880,3034,2,272.7
2130,600880,3069,2,306.92
2131,600881,3008,3,119.21
2132,600881,3045,2,202.75
2133,600882,3070,3,263.61
2134,600882,3061,5,27.71
2135,600882,3025,4,310.64
2136,600882,3072,1,64.15
2137,600883,3053,1,300.21
2138,600883,3057,1,260.55
2139,600884,9999,2,239.59
2140,600884,3058,4,206.05
2141,600884,3006,5,144.8
2142,600884,3063,3,75.26
2143,600885,3062,4,155.92
2144,600886,3016,3,294.07
2145,600886,3006,3,256.44
2146,600886,3079,3,18.4
2147,600887,3061,3,183.05
2148,600887,3042,2,127.38
2149,600887,3064,5,91.54
2150,600888,3013,1,264.17
2151,600889,3037,4,111.64
2152,600890,3034,3,229.22
2153,600890,3035,3,323.34
2154,600890,3016,5,247.4
2155,600890,3020,3,18.5
2156,600891,3009,3,309.02
2157,600892,3045,2,148.8
2158,600892,3053,3,114.65
2159,600892,3054,3,54.87
2160,600892,3054,1,198.69
2161,600893,3067,1,126.22
2162,600893,3029,5,263.2
2163,600894,3070,5,50.29
2164,600895,3006,3,240.74
2165,600895,3036,2,160.62
2166,600896,3051,1,45.62
2167,600896,3077,4,114.45
2168,600897,3010,5,333.87
2169,600897,3020,3,33.0
2170,600897,3075,5,89.57
2171,600897,3024,4,158.29
2172,600898,3026,4,287.1
2173,600898,3008,5,138.79
2174,600899,3065,5,299.75
2175,600899,3044,5,34.35
2176,600899,3013,4,184.7
2177,600900,3074,4,88.64
2178,600900,3039,3,35.97
2179,600900,3026,5,210.7
2180,600900,3022,4,273.89
2181,600901,3026,4,336.76
2182,600901,3068,2,321.51
2183,600901,3020,5,251.62
2184,600902,3012,3,26.92
2185,600902,3023,3,268.18
2186,600903,3004,2,96.63
2187,600903,3069,2,185.56
2188,600904,3008,2,118.39
2189,600904,3005,2,332.29
2190,600904,3066,3,173.37
2191,600905,3042,2,274.29
2192,600906,3050,3,16.81
2193,600906,3067,4,316.91
2194,600907,3042,5,39.47
2195,600907,3020,2,14.99
2196,600907,3026,4,22.52
2197,600907,3004,5,273.75
2198,600908,3039,5,290.88
2199,600909,3010,3,150.65
2200,600909,3013,2,76.13
2201,600909,3004,3,92.16
2202,600909,3043,3,245.33
2203,600910,3025,3,143.81
2204,600910,3008,1,157.99
2205,600910,3022,3,252.46
2206,600910,3036,2,117.97
2207,600911,3019,2,38.73
2208,600911,3016,4,280.59
2209,600911,3023,1,69.31
2210,600912,3037,4,230.41
2211,600912,3070,3,143.84
2212,600913,3031,5,207.68
2213,600913,3048,2,191.62
2214,600913,3024,2,242.53
2215,600914,9999,5,127.85
2216,600914,3072,4,187.5
2217,600914,3069,3,250.72
2218,600914,3028,4,143.76
2219,600915,3062,2,126.4
2220,600915,3022,1,328.03
2221,600915,3040,1,259.48
2222,600915,3034,1,94.3
2223,600916,3051,4,46.14
2224,600917,3025,5,124.11
2225,600917,3007,5,347.4
2226,600917,3012,1,126.29
2227,600917,3002,3,174.26
2228,600918,3003,1,93.11
2229,600919,3021,2,63.18
2230,600919,3045,2,342.1
2231,600919,3076,5,168.23
2232,600920,3035,5,236.16
2233,600920,3044,2,332.14
2234,600920,3026,3,93.14
2235,600921,3074,4,294.25
2236,600922,3041,4,38.89
2237,600923,3068,1,59.52
2238,600923,3034,1,53.73
2239,600923,3027,4,18.31
2240,600924,3037,5,284.95
2241,600925,3046,3,11.66
2242,600925,3049,4,278.83
2243,600926,3009,1,319.42
2244,600926,3034,1,94.66
2245,600926,3074,4,251.6
2246,600927,3009,2,94.83
2247,600927,3026,3,156.83
2248,600927,3002,5,349.44
2249,600928,3028,5,223.56
2250,600928,3018,2,266.0
2251,600928,3026,1,54.8
2252,600929,3010,1,161.43
2253,600929,3077,5,266.2
2254,600929,3073,1,47.13
2255,600930,3016,4,347.11
2256,600930,3026,2,48.23
2257,600930,3026,4,130.8
2258,600930,3037,5,143.37
2259,600931,3080,1,228.8
2260,600931,3021,2,320.16
2261,600931,3068,4,108.52
2262,600931,3049,1,157.77
2263,600932,3071,3,234.34
2264,600932,3034,4,218.63
2265,600933,3016,4,304.76
2266,600933,3057,1,313.25
2267,600933,3002,4,102.57
2268,600934,3043,1,182.29
2269,600934,3080,5,23.41
2270,600934,3004,4,144.61
2271,600935,3002,5,69.97
2272,600935,3054,5,236.1
2273,600935,3059,3,192.86
2274,600935,3020,1,58.06
2275,600936,3057,2,174.31
2276,600937,3065,2,87.25
2277,600937,3066,2,148.81
2278,600937,3026,5,79.36
2279,600937,3010,4,270.06
2280,600938,3062,5,139.77
2281,600939,3038,3,296.87
2282,600939,3018,3,321.32
2283,600939,3045,4,337.19
2284,600939,3069,4,337.66
2285,600940,3050,1,201.5
2286,600940,3001,1,265.16
2287,600940,3050,2,14.97
2288,600941,3022,5,25.8
2289,600942,3031,2,259.92
2290,600942,3053,5,82.83
2291,600942,3004,5,237.11
2292,600943,3050,4,170.16
2293,600943,3036,1,251.58
2294,600943,3026,3,228.39
2295,600943,3023,1,75.9
2296,600944,3041,4,120.29
2297,600944,3049,1,263.67
2298,600945,3052,4,38.91
2299,600945,3043,5,73.87
2300,600946,3001,3,173.08
2301,600946,3061,3,77.36
2302,600946,3039,5,278.98
2303,600946,3027,1,104.24
2304,600947,3019,3,203.33
2305,600948,3077,3,15.94
2306,600948,3035,1,194.83
2307,600948,3036,2,50.04
2308,600948,3074,3,90.29
2309,600949,3004,3,282.15
2310,600949,3022,4,280.58
2311,600949,3037,1,344.49
2312,600950,3074,2,280.53
2313,600950,3037,5,194.09
2314,600950,3006,4,202.33
2315,600951,3077,2,90.69
2316,600952,3005,3,232.74
2317,600952,3059,3,331.16
2318,600953,3013,2,85.34
2319,600953,3047,5,100.61
2320,600953,3067,1,52.33
2321,600954,3061,5,332.49
2322,600954,3003,2,219.05
2323,600954,3036,2,147.36
2324,600955,3011,5,62.68
2325,600956,3014,5,292.43
2326,600957,3076,1,82.16
2327,600958,3011,3,115.48
2328,600958,3039,4,21.54
2329,600959,3039,4,190.37
2330,600959,3067,5,100.13
2331,600959,3066,5,262.8
2332,600960,3048,3,191.86
2333,600961,3045,1,105.86
2334,600961,3037,1,61.85
2335,600961,3072,3,267.9
2336,600961,3012,1,315.57
2337,600962,3068,1,145.18
2338,600963,3067,2,127.72
2339,600963,3077,2,41.22
2340,600963,3011,3,172.07
2341,600964,3025,5,70.87
2342,600964,3033,5,338.69
2343,600964,3066,4,334.87
2344,600965,3048,1,233.54
2345,600966,3070,2,174.38
2346,600967,3052,3,68.8
2347,600967,3045,3,302.84
2348,600967,3016,4,11.79
2349,600968,3041,3,189.56
2350,600968,3060,1,98.7
2351,600969,3048,2,34.79
2352,600969,3064,3,183.65
2353,600969,3080,3,54.05
2354,600970,3024,2,324.5
2355,600970,3026,3,256.09
2356,600970,3014,3,127.16
2357,600970,3021,2,138.36
2358,600971,3031,3,154.45
2359,600972,3058,5,34.15
2360,600972,3080,4,206.95
2361,600972,3080,1,101.62
2362,600972,3075,3,253.61
2363,600973,3063,2,221.72
2364,600973,3037,4,76.79
2365,600973,3020,3,235.91
2366,600974,3049,4,28.11
2367,600974,3004,5,56.58
2368,600974,3028,5,291.23
2369,600974,3040,1,308.73
2370,600975,3037,4,156.38
2371,600976,3025,3,333.52
2372,600976,3041,2,243.92
2373,600977,3060,3,77.22
2374,600977,3031,2,174.56
2375,600978,3061,5,132.74
2376,600978,3073,2,168.75
2377,600978,3055,3,67.88
2378,600979,3011,2,113.23
2379,600979,3063,3,242.23
2380,600979,3039,3,97.54
2381,600979,3006,4,172.64
2382,600980,3011,4,131.66
2383,600980,3073,1,269.75
2384,600980,3042,1,347.22
2385,600980,3032,2,303.14
2386,600981,3071,4,304.5
2387,600982,3050,5,186.56
2388,600982,3069,5,336.36
2389,600982,3011,5,258.02
2390,600983,3043,1,138.67
2391,600983,3001,5,45.19
2392,600983,3024,4,337.04
2393,600983,3052,2,46.41
2394,600984,3053,4,255.86
2395,600984,3031,3,48.42
2396,600984,3072,5,213.43
2397,600985,3029,3,343.53
2398,600985,3032,1,95.02
2399,600985,3039,1,212.91
2400,600985,3072,2,201.21
2401,600986,3067,5,158.96
2402,600986,3045,3,29.02
2403,600987,3055,2,258.33
2404,600988,3047,3,125.1
2405,600988,3022,1,71.71
2406,600988,3060,3,24.23
2407,600988,3071,2,131.37
2408,600989,3075,2,87.91
2409,600990,3032,5,189.36
2410,600991,3047,1,299.95
2411,600992,3007,3,35.78
2412,600992,3024,4,149.25
2413,600992,3042,2,241.88
2414,600993,3022,5,89.86
2415,600993,3045,4,329.34
2416,600993,3007,3,245.66
2417,600994,3066,2,264.21
2418,600994,3042,1,244.89
2419,600994,3071,1,157.89
2420,600995,3004,1,13.65
2421,600996,3014,1,62.71
2422,600996,3057,4,43.45
2423,600997,3038,2,70.0
2424,600997,3027,4,273.71
2425,600997,3071,2,158.59
2426,600997,3074,5,90.62
2427,600998,3071,1,23.15
2428,600998,3058,4,339.85
2429,600998,3014,0,291.58
2430,600999,3063,5,38.19
2431,600999,3005,1,252.27
2432,600999,3072,5,43.5
2433,601000,3037,2,287.58
2434,601001,3072,1,326.4
2435,601001,3031,2,181.9
2436,601001,3050,3,279.16
2437,601001,3022,3,256.64
2438,601002,3026,1,62.47
2439,601002,3080,2,209.47
2440,601002,3052,5,148.93
2441,601003,3033,1,171.15
2442,601003,3049,4,184.33
2443,601004,3039,2,236.62
2444,601004,3057,2,318.58
2445,601004,3034,2,253.19
2446,601005,3067,2,125.25
2447,601005,3053,5,254.94
2448,601006,3075,5,58.77
2449,601007,3011,2,160.29
2450,601007,3053,1,105.85
2451,601007,3025,4,161.19
2452,601008,3017,4,247.54
2453,601008,3053,5,320.65
2454,601008,3050,2,139.82
2455,601009,3018,2,108.07
2456,601010,3015,2,12.98
2457,601010,3044,1,68.1
2458,601010,3072,4,100.68
2459,601011,3061,2,267.85
2460,601011,3059,4,200.26
2461,601012,3018,2,223.57
2462,601013,3054,2,159.8
2463,601013,3047,4,139.75
2464,601014,3020,1,136.2
2465,601014,3052,5,213.55
2466,601015,3030,4,106.93
2467,601015,3045,1,100.16
2468,601016,3044,2,107.18
2469,601016,3042,3,102.93
2470,601016,3056,5,52.0
2471,601017,3007,3,98.75
2472,601018,3021,4,246.31
2473,601018,3007,0,194.71
2474,601018,3067,1,263.51
2475,601018,3021,2,104.12
2476,601019,3080,5,143.49
2477,601019,3028,1,90.84
2478,601019,3034,2,287.84
2479,601020,3009,1,32.77
2480,601020,3058,2,233.75
2481,601021,3008,3,159.52
2482,601021,3044,3,20.32
2483,601021,3020,3,114.66
2484,601022,3032,4,102.92
2485,601022,3046,2,94.5
2486,601022,3003,5,37.38
2487,601022,3002,4,339.92
2488,601023,3051,1,118.72
2489,601023,3076,1,92.25
2490,601023,3068,4,265.73
2491,601024,3072,1,153.64
2492,601025,3071,1,249.96
2493,601026,3005,4,108.19
2494,601026,3032,2,177.03
2495,601026,3029,5,79.04
2496,601026,3058,3,296.93
2497,601027,3044,5,228.71
2498,601027,3072,5,111.25
2499,601027,3004,5,175.06
2500,601027,3074,3,117.49
2501,601028,3028,5,255.16
2502,601029,3046,1,344.74
2503,601029,3036,3,302.93
2504,601029,3016,5,187.32
2505,601030,3056,2,55.77
2506,601030,3011,1,333.34
2507,601030,3065,4,128.33
2508,601031,3034,3,161.92
2509,601031,3015,2,309.5
2510,601031,3041,3,178.09
2511,601032,3042,3,106.15
2512,601032,3065,1,232.17
2513,601033,3080,4,81.69
2514,601033,3060,2,72.5
2515,601033,3005,5,312.71
2516,601034,3064,2,180.22
2517,601034,3076,3,215.94
2518,601035,3070,4,300.91
2519,601035,3060,4,317.54
2520,601035,3014,2,47.54
2521,601035,3064,0,88.24
2522,601036,3044,4,46.49
2523,601036,3013,1,155.07
2524,601036,3070,3,37.66
2525,601037,3025,4,237.65
2526,601037,3058,1,205.19
2527,601038,3055,5,64.33
2528,601038,3071,5,79.95
2529,601039,3039,2,259.6
2530,601039,3043,5,335.53
2531,601040,3022,4,210.07
2532,601040,3002,4,119.21
2533,601041,3073,2,10.51
2534,601041,3061,2,287.57
2535,601042,3044,4,230.58
2536,601042,3009,4,92.56
2537,601042,3044,4,169.65
2538,601042,3074,2,107.14
2539,601043,3038,1,242.06
2540,601043,3075,5,105.02
2541,601043,3022,2,53.1
2542,601044,3050,2,20.88
2543,601045,3009,5,276.72
2544,601045,3019,1,149.65
2545,601045,3028,5,296.8
2546,601046,3052,5,311.38
2547,601046,3034,4,341.33
2548,601046,3050,2,212.05
2549,601046,3033,4,103.88
2550,601047,3043,2,268.05
2551,601048,3020,5,326.02
2552,601049,3037,3,114.76
2553,601050,3061,1,253.29
2554,601050,3022,4,206.9
2555,601050,3003,5,6.36
2556,601051,3075,1,130.73
2557,601052,3080,5,178.42
2558,601052,3074,5,149.19
2559,601053,3070,5,173.09
2560,601053,3024,2,243.88
2561,601053,3061,2,266.28
2562,601054,3042,2,8.73
2563,601055,3066,1,243.2
2564,601055,3025,1,199.05
2565,601056,3048,4,266.8
2566,601056,3017,4,64.47
2567,601056,3034,5,179.13
2568,601056,3068,2,-293.4
2569,601057,3005,2,142.87
2570,601057,3030,1,21.41
2571,601057,3020,5,337.49
2572,601057,3011,4,272.8
2573,601058,3069,5,14.89
2574,601058,3051,5,268.29
2575,601058,3008,4,238.55
2576,601058,3029,1,300.36
2577,601059,3009,4,61.75
2578,601060,3069,5,77.71
2579,601060,3033,3,93.16
2580,601061,3020,3,22.75
2581,601061,3061,5,277.45
2582,601061,3041,2,198.69
2583,601061,3006,1,64.84
2584,601062,3066,3,298.77
2585,601062,3033,5,24.2
2586,601062,3061,2,289.22
2587,601062,3065,1,213.89
2588,601063,3066,2,141.75
2589,601063,3077,5,236.32
2590,601063,3074,2,242.5
2591,601064,3020,4,162.82
2592,601064,3067,1,212.68
2593,601065,3071,3,41.03
2594,601065,3014,3,244.48
2595,601066,3063,2,130.3
2596,601067,3076,1,81.77
2597,601067,3045,2,270.41
2598,601068,3048,4,9.08
2599,601069,3074,5,142.92
2600,601069,3015,3,147.7
2601,601069,3010,4,117.14
2602,601069,3002,4,42.33
2603,601070,3035,4,297.07
2604,601071,3006,5,254.7
2605,601071,3034,3,54.46
2606,601071,3001,5,44.43
2607,601072,3011,1,189.71
2608,601072,3061,3,333.34
2609,601072,3076,5,274.28
2610,601072,3075,1,239.93
2611,601073,3078,3,30.63
2612,601073,3032,0,213.07
2613,601073,3015,5,333.67
2614,601073,3062,4,109.23
2615,601074,3073,1,215.54
2616,601074,3031,1,218.51
2617,601075,3033,1,19.72
2618,601075,3071,3,50.31
2619,601075,3051,1,326.82
2620,601076,3051,2,191.03
2621,601077,3035,4,314.64
2622,601077,3031,3,99.06
2623,601078,3073,5,321.79
2624,601079,3029,1,337.3
2625,601079,3047,1,139.15
2626,601080,3048,4,323.4
2627,601081,3058,5,62.59
2628,601082,3067,3,39.11
2629,601082,3053,2,73.02
2630,601082,3025,3,123.49
2631,601083,3045,4,291.95
2632,601084,3009,2,189.35
2633,601085,3050,1,78.65
2634,601085,3074,2,121.72
2635,601085,3016,5,250.72
2636,601085,3006,2,262.95
2637,601086,3079,4,265.0
2638,601086,3057,4,106.85
2639,601086,3029,2,22.12
2640,601086,3027,5,-105.34
2641,601087,3035,2,134.88
2642,601087,3068,1,45.92
2643,601087,3017,3,258.7
2644,601087,3061,2,232.23
2645,601088,3065,1,219.24
2646,601089,3079,4,201.88
2647,601089,3020,5,82.98
2648,601089,3046,3,177.19
2649,601089,3064,3,314.65
2650,601090,3044,1,255.38
2651,601090,3072,4,188.31
2652,601090,3020,2,206.35
2653,601090,3014,4,296.73
2654,601091,3034,5,20.12
2655,601091,3019,1,261.12
2656,601091,3062,2,87.69
2657,601091,9999,5,23.27
2658,601092,3002,2,67.55
2659,601092,3050,1,180.9
2660,601092,3005,3,106.83
2661,601093,3002,5,224.97
2662,601094,3016,1,200.69
2663,601095,3029,4,93.36
2664,601095,3072,2,116.31
2665,601096,3044,2,279.76
2666,601097,3032,3,234.96
2667,601097,3015,1,116.68
2668,601098,3069,3,271.06
2669,601099,3005,2,187.52
2670,601099,3001,1,53.74
2671,601099,3021,3,127.52
2672,601099,3058,3,36.4
2673,601100,3004,2,286.4
2674,601101,3078,3,339.46
2675,601101,3063,5,65.12
2676,601101,3067,1,161.06
2677,601101,3033,4,304.16
2678,601102,3029,3,95.97
2679,601102,3001,1,12.68
2680,601102,3057,5,194.93
2681,601102,3042,1,67.94
2682,601103,3016,5,5.74
2683,601103,3013,1,341.22
2684,601104,3066,5,85.2
2685,601104,3053,5,313.51
2686,601105,3020,1,309.15
2687,601105,3007,1,279.02
2688,601105,3050,3,142.96
2689,601105,3025,4,336.14
2690,601106,3062,4,126.41
2691,601106,3002,4,157.29
2692,601107,3014,4,134.04
2693,601107,3055,5,43.06
2694,601108,3072,3,135.7
2695,601108,3048,4,53.89
2696,601108,3006,4,222.25
2697,601108,3043,1,323.78
2698,601109,3062,3,63.22
2699,601109,3005,1,142.75
2700,601109,3057,2,168.92
2701,601110,3021,5,127.78
2702,601110,3007,5,240.16
2703,601110,3057,4,341.71
2704,601111,3049,1,239.84
2705,601111,3038,4,65.32
2706,601111,3042,3,61.36
2707,601111,3067,4,35.37
2708,601112,3013,3,54.47
2709,601112,3060,1,341.99
2710,601112,3066,5,266.51
2711,601112,3058,4,314.52
2712,601113,3070,3,114.37
2713,601113,3022,5,25.45
2714,601114,3078,5,161.48
2715,601114,3043,4,143.6
2716,601115,3057,3,208.33
2717,601116,3005,3,218.71
2718,601116,3077,5,131.62
2719,601117,3015,3,280.24
2720,601118,3038,2,284.25
2721,601118,3032,5,317.08
2722,601118,3005,1,211.44
2723,601118,3036,2,250.67
2724,601119,3023,1,86.09
2725,601120,3022,5,121.44
2726,601120,3035,2,105.01
2727,601121,3031,2,63.69
2728,601122,3057,4,265.93
2729,601122,3001,4,177.83
2730,601123,3004,2,102.69
2731,601123,3009,3,79.33
2732,601124,3015,5,49.92
2733,601124,3031,5,57.24
2734,601124,3045,2,168.91
2735,601125,3029,1,217.86
2736,601125,3006,4,322.39
2737,601125,3022,4,85.01
2738,601126,3039,3,137.83
2739,601127,3052,3,-305.35
2740,601127,3053,3,183.73
2741,601128,3048,4,181.09
2742,601128,3045,3,155.74
2743,601128,3023,4,326.64
2744,601129,3068,1,127.67
2745,601129,3059,3,246.89
2746,601130,3075,4,129.4
2747,601130,3017,1,289.5
2748,601130,3035,2,208.0
2749,601130,3070,5,25.16
2750,601131,3053,4,251.11
2751,601131,3001,3,90.88
2752,601131,3075,2,254.84
2753,601132,3004,1,128.41
2754,601132,3025,3,266.8
2755,601132,3037,3,291.98
2756,601133,3045,2,112.18
2757,601133,3011,2,273.64
2758,601133,3019,2,238.46
2759,601134,3029,5,238.75
2760,601134,3018,3,284.16
2761,601134,3058,4,292.86
2762,601134,3016,1,285.03
2763,601135,3050,4,115.22
2764,601135,3077,3,172.22
2765,601135,3015,2,110.15
2766,601135,3050,2,154.61
2767,601136,3025,4,90.85
2768,601137,3037,1,15.17
2769,601137,3028,3,228.49
2770,601137,3069,2,267.98
2771,601138,3027,5,152.41
2772,601138,3045,4,174.06
2773,601138,3050,2,111.66
2774,601138,3045,5,104.85
2775,601139,3057,4,243.74
2776,601139,3047,4,217.1
2777,601140,3064,3,336.66
2778,601140,3031,3,270.51
2779,601141,3058,2,8.7
2780,601141,3075,1,55.16
2781,601141,3063,4,226.66
2782,601142,3005,1,15.36
2783,601143,3003,2,57.56
2784,601143,3036,2,250.45
2785,601144,3048,1,328.83
2786,601145,3018,2,241.84
2787,601145,3050,5,224.17
2788,601145,3046,4,100.94
2789,601145,3045,3,295.2
2790,601146,3065,2,100.05
2791,601146,3008,3,339.71
2792,601147,3034,1,74.58
2793,601147,3046,1,43.13
2794,601147,3035,1,122.43
2795,601148,3013,3,88.46
2796,601148,3051,4,113.65
2797,601149,3057,2,203.15
2798,601149,3057,1,172.48
2799,601149,3004,4,310.84
2800,601150,3058,2,58.63
2801,601150,3047,4,297.26
2802,601150,3057,5,202.77
2803,601151,3066,5,78.45
2804,601151,3015,5,83.02
2805,601152,3031,1,160.79
2806,601152,3027,5,185.47
2807,601152,3056,4,235.11
2808,601153,3005,1,130.35
2809,601153,3075,1,126.92
2810,601153,3003,2,294.57
2811,601154,3055,3,314.86
2812,601154,3038,1,116.88
2813,601155,3033,2,132.97
2814,601156,3075,2,221.06
2815,601156,3052,1,346.26
2816,601156,3050,1,139.69
2817,601156,3038,1,18.1
2818,601157,3039,3,75.42
2819,601157,3010,2,348.1
2820,601157,3076,5,334.37
2821,601157,3004,3,237.43
2822,601158,3005,4,47.84
2823,601158,3077,3,25.82
2824,601158,3006,4,321.52
2825,601159,3052,4,349.13
2826,601159,3042,1,310.79
2827,601159,3064,2,16.2
2828,601159,3040,5,284.31
2829,601160,3022,5,49.2
2830,601160,3016,0,209.28
2831,601161,3033,5,10.9
2832,601161,3043,4,151.68
2833,601161,3023,4,237.26
2834,601162,3065,3,241.88
2835,601162,3009,3,260.4
2836,601162,3066,2,293.67
2837,601162,3033,2,59.2
2838,601163,3013,3,70.23
2839,601163,3004,1,283.89
2840,601163,3067,4,57.46
2841,601163,3040,5,169.83
2842,601164,3042,1,279.63
2843,601164,3055,4,258.85
2844,601164,3021,5,315.38
2845,601164,3003,4,331.35
2846,601165,3051,4,206.45
2847,601166,3035,3,292.52
2848,601166,3025,2,225.38
2849,601166,3022,4,161.45
2850,601166,3037,2,162.19
2851,601167,3041,3,274.04
2852,601167,3070,4,93.05
2853,601167,3053,3,72.28
2854,601168,3036,2,324.3
2855,601168,3036,4,228.02
2856,601168,3032,4,162.04
2857,601168,3045,5,162.87
2858,601169,3033,2,264.27
2859,601169,3068,3,183.29
2860,601170,3024,3,223.67
2861,601170,3022,3,169.02
2862,601170,3042,2,62.52
2863,601170,3041,1,80.06
2864,601171,3065,5,17.66
2865,601172,3032,1,300.26
2866,601173,3011,1,269.42
2867,601173,3015,3,113.67
2868,601173,3032,3,314.58
2869,601173,3006,4,156.62
2870,601174,3052,1,66.84
2871,601174,3037,4,173.15
2872,601174,3064,4,58.46
2873,601175,3076,3,214.51
2874,601175,3024,4,194.57
2875,601175,3008,4,72.64
2876,601175,3058,4,115.74
2877,601176,3011,3,342.7
2878,601176,3061,2,299.5
2879,601177,3004,1,103.61
2880,601177,3018,3,324.75
2881,601177,3029,2,134.28
2882,601178,3054,2,203.49
2883,601178,3063,3,193.11
2884,601178,3067,5,15.18
2885,601179,3026,2,236.27
2886,601179,3005,1,197.88
2887,601180,3044,3,129.0
2888,601181,3006,5,208.08
2889,601181,3079,4,268.91
2890,601181,3059,3,172.37
2891,601182,3067,5,91.71
2892,601182,3054,2,18.91
2893,601183,3026,1,116.91
2894,601183,3011,4,112.06
2895,601183,3068,5,127.26
2896,601184,3052,1,51.72
2897,601184,3022,5,245.29
2898,601184,3047,3,339.92
2899,601184,3010,5,224.47
2900,601185,3003,3,6.69
2901,601185,3017,4,73.9
2902,601186,3058,2,212.99
2903,601186,3010,4,295.52
2904,601186,3048,2,88.4
2905,601187,3080,1,141.78
2906,601187,3019,2,87.56
2907,601188,3054,1,98.81
2908,601188,3031,2,287.84
2909,601189,3046,4,31.53
2910,601189,3020,5,83.69
2911,601189,9999,1,64.55
2912,601189,3066,5,45.35
2913,601190,3041,2,287.74
2914,601190,3050,4,107.3
2915,601190,3044,3,166.5
2916,601190,3080,2,167.59
2917,601191,3033,4,221.67
2918,601191,3080,2,209.98
2919,601191,3076,1,249.52
2920,601192,3031,2,104.41
2921,601193,3004,3,42.74
2922,601193,3076,5,315.61
2923,601193,3061,3,55.09
2924,601193,3050,5,148.41
2925,601194,3037,5,24.93
2926,601194,3064,5,340.45
2927,601194,3032,3,235.41
2928,601194,3031,1,76.72
2929,601195,3001,3,336.62
2930,601195,3075,3,125.81
2931,601195,3006,5,302.62
2932,601195,3020,5,60.64
2933,601196,3015,1,73.77
2934,601196,3018,3,153.88
2935,601196,3028,5,186.79
2936,601196,3055,4,313.81
2937,601197,3079,3,283.53
2938,601198,3073,2,327.94
2939,601198,3049,1,46.16
2940,601198,3028,5,78.74
2941,601199,3052,1,125.72
2942,601199,3006,2,137.08
2943,601199,3074,1,75.62
2944,601200,3004,2,326.31
2945,601201,3015,2,177.79
2946,601201,3024,2,186.61
2947,601201,3078,5,191.44
2948,601201,3050,5,123.88
2949,601202,3035,1,204.72
2950,601202,3066,3,322.15
2951,601203,3031,3,39.87
2952,601203,3015,3,200.61
2953,601203,3015,1,127.07
2954,601203,3013,5,152.92
2955,601204,3023,4,257.67
2956,601205,3061,4,254.86
2957,601205,3025,3,185.55
2958,601205,3050,1,317.09
2959,601205,3040,3,149.06
2960,601206,3051,2,37.82
2961,601206,3020,2,27.07
2962,601206,3072,1,189.16
2963,601206,3053,5,108.6
2964,601207,3002,3,122.6
2965,601207,3061,3,23.86
2966,601208,3058,3,265.38
2967,601208,3033,2,158.33
2968,601209,3006,5,92.25
2969,601209,3014,3,243.7
2970,601209,3046,5,39.41
2971,601210,3063,4,191.32
2972,601210,3007,4,56.82
2973,601211,3014,1,318.61
2974,601212,3025,5,94.0
2975,601212,3045,4,96.06
2976,601212,3055,1,-291.29
2977,601213,3004,4,142.64
2978,601214,3043,1,60.22
2979,601214,3067,1,160.4
2980,601214,3071,5,42.94
2981,601214,3034,5,41.69
2982,601215,3079,4,147.54
2983,601215,3044,5,38.46
2984,601215,3019,4,82.03
2985,601215,3020,2,67.33
2986,601216,3063,3,49.04
2987,601217,3024,2,-121.29
2988,601217,3035,2,152.64
2989,601218,3027,3,63.57
2990,601218,3039,5,76.78
2991,601218,3005,4,98.47
2992,601219,3030,2,53.38
2993,601219,3076,3,186.2
2994,601219,3006,2,289.2
2995,601219,3067,5,125.92
2996,601220,3010,4,182.07
2997,601220,3026,5,68.52
2998,601221,3063,4,49.81
2999,601221,3075,2,117.11
3000,601222,3066,2,333.3
3001,601222,3018,5,74.13
3002,601223,3080,5,42.27
3003,601223,3062,3,151.92
3004,601223,3018,2,61.91
3005,601223,3073,5,149.61
3006,601224,3025,2,98.61
3007,601224,3012,3,87.46
3008,601224,3016,4,29.81
3009,601225,3065,2,100.4
3010,601225,3033,4,-154.91
3011,601225,3002,4,96.2
3012,601226,3069,4,50.97
3013,601226,3068,3,317.79
3014,601226,3045,4,259.2
3015,601227,3027,3,250.86
3016,601227,3015,4,319.12
3017,601227,3066,4,213.05
3018,601228,3020,2,164.41
3019,601228,3015,4,136.9
3020,601228,3066,3,213.78
3021,601228,3046,2,20.44
3022,601229,3047,2,8.25
3023,601229,3070,5,341.07
3024,601230,3035,4,114.19
3025,601231,3017,1,162.01
3026,601231,3062,2,322.61
3027,601231,3047,2,223.94
3028,601232,3074,1,157.72
3029,601232,3069,5,56.28
3030,601233,3028,4,18.55
3031,601233,3065,2,277.7
3032,601234,3073,2,267.43
3033,601234,3071,1,123.64
3034,601234,3011,3,226.89
3035,601234,3026,4,183.34
3036,601235,3018,4,73.66
3037,601236,3021,1,211.56
3038,601236,3036,4,120.93
3039,601237,3047,2,292.02
3040,601237,3031,4,250.72
3041,601237,3068,2,328.27
3042,601237,3066,3,338.02
3043,601238,3059,3,212.5
3044,601238,3059,2,58.94
3045,601238,3043,4,272.49
3046,601238,3042,2,31.2
3047,601239,3053,2,123.37
3048,601239,3030,2,301.73
3049,601239,3057,5,332.73
3050,601240,3009,4,305.0
3051,601241,3034,5,166.33
3052,601241,3005,3,112.55
3053,601241,3078,1,243.04
3054,601241,3004,2,331.5
3055,601242,3046,2,142.56
3056,601242,3001,1,27.58
3057,601242,3027,1,231.25
3058,601242,3064,2,150.03
3059,601243,3036,4,208.63
3060,601243,3037,4,298.06
3061,601243,3038,2,41.89
3062,601243,3062,2,345.03
3063,601244,3040,3,61.42
3064,601244,3055,5,298.53
3065,601245,3041,3,212.09
3066,601245,3043,4,143.99
3067,601245,3017,3,190.51
3068,601246,3065,2,185.65
3069,601246,3005,2,276.1
3070,601247,3036,1,145.46
3071,601248,3014,2,109.04
3072,601248,3026,3,173.91
3073,601248,3002,1,189.9
3074,601249,3004,4,328.98
3075,601249,3029,5,288.85
3076,601249,3030,4,264.0
3077,601250,3054,3,70.76
3078,601250,3064,4,235.74
3079,601250,3041,3,307.3
3080,601250,3060,1,297.57
3081,601251,3029,2,111.39
3082,601252,3048,1,66.45
3083,601252,3062,2,72.88
3084,601253,3069,2,251.65
3085,601253,3077,1,81.05
3086,601254,3052,2,89.64
3087,601255,3036,3,46.73
3088,601256,3001,4,96.96
3089,601256,3072,5,137.2
3090,601256,3075,5,-83.69
3091,601257,3073,2,145.55
3092,601257,3017,4,111.76
3093,601257,3024,2,335.58
3094,601257,3061,1,159.01
3095,601258,3046,2,86.0
3096,601258,3017,3,348.21
3097,601258,3046,5,80.57
3098,601259,3012,5,286.63
3099,601259,3023,0,13.29
3100,601259,3051,5,80.7
3101,601259,3003,2,222.2
3102,601260,3026,4,24.34
3103,601260,3048,4,118.03
3104,601260,3010,2,279.57
3105,601260,3014,2,303.78
3106,601261,3006,4,151.41
3107,601261,3050,2,89.5
3108,601262,3046,2,199.15
3109,601263,3028,1,344.51
3110,601263,3043,5,69.2
3111,601263,3068,3,204.2
3112,601263,3028,2,302.37
3113,601264,3009,4,163.25
3114,601264,3054,5,56.59
3115,601264,3002,4,134.97
3116,601265,3063,1,158.62
3117,601265,3066,5,70.36
3118,601265,3030,3,118.51
3119,601266,3047,3,233.24
3120,601266,3074,1,52.98
3121,601267,3042,5,113.41
3122,601267,3063,5,320.12
3123,601268,3065,1,333.21
3124,601268,3049,2,244.21
3125,601268,3003,1,253.28
3126,601268,3016,3,106.05
3127,601269,3076,2,115.03
3128,601269,3064,4,180.14
3129,601269,3077,4,260.11
3130,601270,3059,2,165.48
3131,601271,3020,4,265.69
3132,601272,3057,3,188.13
3133,601273,3035,2,60.33
3134,601273,3042,5,187.38
3135,601274,3002,1,268.05
3136,601274,3038,3,347.62
3137,601274,3055,3,37.32
3138,601274,3049,1,250.06
3139,601275,3040,5,312.2
3140,601275,3049,4,317.6
3141,601276,3022,3,120.83
3142,601277,3022,5,162.34
3143,601277,3038,4,62.98
3144,601278,3050,5,50.17
3145,601278,3002,3,298.64
3146,601278,3017,3,104.35
3147,601279,3004,4,256.74
3148,601279,3009,5,230.03
3149,601279,3044,2,58.55
3150,601280,3053,5,53.2
3151,601280,3078,2,30.74
3152,601281,3076,1,30.14
3153,601281,3002,5,221.43
3154,601281,3003,1,316.41
3155,601282,3008,2,221.34
3156,601282,3070,1,308.19
3157,601282,3012,2,298.45
3158,601282,3041,2,284.93
3159,601283,3015,4,44.73
3160,601283,3001,3,147.72
3161,601283,3048,5,168.58
3162,601283,3055,0,28.49
3163,601284,3042,3,315.4
3164,601284,3050,1,310.63
3165,601284,3006,5,312.72
3166,601284,3062,4,315.59
3167,601285,3076,3,56.03
3168,601286,3019,3,136.0
3169,601286,3007,5,217.79
3170,601286,3019,4,336.38
3171,601286,3016,5,251.82
3172,601287,3072,5,118.05
3173,601287,3017,3,336.72
3174,601288,3027,4,113.81
3175,601288,3039,2,197.76
3176,601288,3040,2,224.03
3177,601289,3027,2,173.33
3178,601289,3057,4,173.66
3179,601289,3031,1,25.88
3180,601289,3025,2,321.82
3181,601290,3057,5,204.73
3182,601290,3010,5,132.78
3183,601291,3005,3,229.34
3184,601291,3080,2,217.35
3185,601291,3030,1,69.8
3186,601292,3074,2,182.86
3187,601293,3045,2,192.58
3188,601294,3038,3,108.11
3189,999999,3058,3,176.96
3190,601295,3028,2,290.91
3191,601295,3076,1,89.84
3192,601295,3047,1,242.32
3193,601296,3012,1,174.62
3194,601296,3041,3,66.88
3195,601296,3035,5,321.46
3196,601297,3060,5,56.31
3197,601297,3066,4,112.68
3198,601297,3021,5,110.74
3199,601298,3078,5,211.02
3200,601298,3078,3,218.55
3201,601299,3047,2,263.63
3202,601299,3066,1,88.86
3203,601299,3059,1,291.53
3204,601299,3074,5,195.89
3205,601300,3071,3,7.63
3206,601300,3034,3,252.01
3207,601300,3034,2,41.12
3208,601300,3048,1,36.76
3209,601301,3074,2,218.74
3210,601301,3033,1,314.33
3211,601301,3009,3,175.51
3212,601302,3064,3,332.63
3213,601302,3026,2,337.86
3214,601302,3008,3,163.99
3215,601302,3040,3,103.59
3216,601303,3069,5,201.18
3217,601303,3047,1,272.18
3218,601304,3006,1,320.15
3219,601304,3030,3,100.34
3220,601304,3042,2,134.39
3221,601305,3026,2,46.95
3222,601305,3048,3,109.45
3223,601306,3042,2,16.24
3224,601307,3009,4,15.44
3225,601307,3021,3,97.28
3226,601307,3056,2,281.89
3227,601307,3076,3,326.49
3228,601308,3072,4,267.25
3229,601308,3035,4,277.11
3230,601309,3048,5,167.58
3231,601309,3049,4,282.47
3232,601309,3068,2,99.32
3233,601309,3077,2,46.17
3234,601310,3037,2,90.55
3235,601310,3031,2,139.49
3236,601310,3045,3,103.59
3237,601311,3012,0,34.28
3238,601312,3053,3,214.81
3239,601312,3041,5,160.86
3240,601312,3066,3,287.08
3241,601313,3017,1,287.59
3242,601314,3045,3,283.37
3243,601315,3046,3,130.77
3244,601315,3014,2,138.6
3245,601315,3058,2,164.92
3246,601315,3028,3,303.14
3247,601316,3036,5,227.07
3248,601317,3012,3,192.54
3249,601317,3045,2,203.53
3250,601317,3047,2,183.03
3251,601317,3060,3,148.99
3252,601318,3017,1,197.84
3253,601318,3006,1,67.56
3254,601318,3058,2,160.08
3255,601318,3044,2,136.6
3256,601319,3061,3,174.22
3257,601320,3014,4,205.61
3258,601320,3077,4,-63.72
3259,601321,3079,4,325.04
3260,601321,3006,3,216.81
3261,601321,3060,1,283.11
3262,601322,3012,3,174.69
3263,601322,3054,5,295.72
3264,601322,3044,1,200.28
3265,601323,3015,4,145.81
3266,601323,3055,2,330.45
3267,601324,3029,4,95.49
3268,601324,3046,1,196.69
3269,601324,3040,4,133.0
3270,601325,3069,2,263.9
3271,601326,3035,5,65.25
3272,601327,3061,5,184.49
3273,601327,3051,3,278.77
3274,601327,3008,5,344.87
3275,601328,3018,3,302.76
3276,601329,3053,3,311.8
3277,601329,3052,1,121.13
3278,601329,3040,5,25.02
3279,601330,3078,3,21.16
3280,601330,3017,4,338.43
3281,601330,3075,5,337.09
3282,601330,3052,4,226.83
3283,601331,3050,1,51.57
3284,601331,3056,4,170.3
3285,601331,3070,5,160.21
3286,601331,3001,2,85.71
3287,601332,3004,3,152.9
3288,601332,3021,4,334.61
3289,601332,3016,4,299.06
3290,601332,3058,1,121.0
3291,601333,3028,1,78.83
3292,601333,3005,5,198.09
3293,601333,3029,1,154.42
3294,601333,3021,5,319.86
3295,601334,3057,3,100.46
3296,601334,3046,2,198.72
3297,601335,3079,2,82.88
3298,601335,3049,1,48.75
3299,601335,3050,1,165.84
3300,601336,3017,5,236.83
3301,601336,3072,3,346.26
3302,601337,3022,1,24.14
3303,601337,3041,5,327.04
3304,601337,3003,5,262.31
3305,601337,3004,2,137.58
3306,601338,3004,4,217.97
3307,601339,3017,1,346.25
3308,601340,3010,2,244.15
3309,601341,3011,5,348.24
3310,601341,3048,4,197.11
3311,601342,3057,3,331.27
3312,601342,3020,5,292.14
3313,601342,3064,5,299.27
3314,601343,3031,5,158.57
3315,601343,3034,5,138.72
3316,601344,3073,3,7.96
3317,601344,3045,3,206.46
3318,601345,3075,4,266.45
3319,601346,3049,2,188.76
3320,601346,3064,4,343.18
3321,601347,3014,5,59.3
3322,601347,3023,4,97.59
3323,601347,3034,5,323.98
3324,601347,3030,2,90.2
3325,601348,3059,2,33.78
3326,601349,3033,3,294.96
3327,601349,3061,2,211.71
3328,601349,3052,3,12.93
3329,601349,3055,1,265.45
3330,601350,3045,1,55.61
3331,601350,3039,3,127.07
3332,601350,3033,3,346.03
3333,601350,3041,4,65.16
3334,601351,3016,2,232.65
3335,601351,3029,2,33.37
3336,601351,3068,2,141.34
3337,601352,3046,3,38.66
3338,601352,3070,0,279.16
3339,601352,3052,2,319.86
3340,601353,3012,3,107.95
3341,601354,3033,1,152.55
3342,601355,3058,1,146.24
3343,601356,3051,5,202.08
3344,601356,3071,4,254.22
3345,601357,3028,2,154.41
3346,601357,3044,3,158.67
3347,601358,3037,0,185.98
3348,601358,3080,4,272.36
3349,601359,3047,2,34.8
3350,601359,3015,1,173.92
3351,601359,3035,2,154.27
3352,601359,3001,2,20.38
3353,601360,3045,2,102.57
3354,601360,3019,1,327.26
3355,601361,3072,1,63.51
3356,601361,3050,3,251.57
3357,601361,3013,4,43.38
3358,601361,3022,5,280.03
3359,601362,3047,5,335.47
3360,601362,3005,4,98.4
3361,601362,3069,5,30.44
3362,601362,3059,4,184.66
3363,601363,3050,1,185.56
3364,601363,3071,4,155.16
3365,601363,3075,5,112.78
3366,601363,3062,1,139.66
3367,601364,3080,4,29.91
3368,601364,3036,3,31.73
3369,601365,3046,5,48.01
3370,601365,3017,4,263.39
3371,601366,3046,4,76.67
3372,601366,3010,3,167.98
3373,601367,3047,4,257.2
3374,601368,3044,2,321.63
3375,601369,3055,4,252.12
3376,601369,3077,2,297.83
3377,601369,3066,3,253.27
3378,601370,3060,5,191.46
3379,601370,3056,1,341.43
3380,601370,3034,0,280.27
3381,601371,3016,3,330.62
3382,601372,3064,3,153.79
3383,601372,3050,1,254.36
3384,601372,3012,5,16.48
3385,601372,3027,5,167.04
3386,601373,3040,5,38.53
3387,601373,3066,3,308.53
3388,601373,3008,2,196.86
3389,601374,3035,5,6.2
3390,601374,3051,3,269.43
3391,601374,3020,5,275.48
3392,601374,3053,4,10.93
3393,601375,3008,5,187.99
3394,601375,3026,4,122.29
3395,601375,3031,1,340.94
3396,601376,3011,1,86.72
3397,601376,3074,1,238.56
3398,601376,3065,2,207.24
3399,601376,3070,2,242.01
3400,601377,3011,2,74.88
3401,601377,3069,4,7.13
3402,601377,3006,2,175.58
3403,601377,3080,1,205.72
3404,601378,3047,1,27.8
3405,601379,3035,2,228.08
3406,601379,3046,2,221.58
3407,601379,3009,4,192.55
3408,601380,3056,4,155.14
3409,601381,3034,2,222.25
3410,601381,3015,5,13.06
3411,601381,3071,1,16.88
3412,601381,3079,4,113.07
3413,601382,3025,3,176.31
3414,601382,3048,1,274.6
3415,601382,3003,3,81.07
3416,601383,3045,4,8.16
3417,601383,3032,1,316.67
3418,601384,3041,2,63.14
3419,601384,3046,2,333.81
3420,601384,3061,5,199.39
3421,601385,3029,1,282.04
3422,601385,3068,5,110.04
3423,601385,3015,1,165.7
3424,601385,3037,3,255.04
3425,601386,3041,4,224.83
3426,601387,3044,3,202.13
3427,601388,3021,1,302.86
3428,601388,3060,1,346.8
3429,601389,3049,3,257.36
3430,601389,3037,1,162.62
3431,601389,3065,2,183.16
3432,601389,3007,3,51.7
3433,601390,3072,4,290.64
3434,601390,3022,3,55.27
3435,601391,3070,3,173.51
3436,601392,3018,4,93.18
3437,601393,3040,3,5.78
3438,601393,3019,2,70.68
3439,601393,3062,4,195.14
3440,601393,3026,5,161.76
3441,601394,3024,2,51.66
3442,601394,3051,4,13.73
3443,601395,3053,3,100.68
3444,601395,3071,4,347.5
3445,601395,3022,2,170.97
3446,601395,3073,2,94.62
3447,601396,3063,1,83.8
3448,601396,3055,3,123.93
3449,601397,3003,5,87.93
3450,601397,3013,4,123.8
3451,601397,3061,5,256.39
3452,601397,3031,5,232.49
3453,601398,3033,5,324.92
3454,601399,3011,5,243.0
3455,601399,3053,3,179.52
3456,601400,3044,4,344.59
3457,601400,3051,4,266.72
3458,601401,3060,1,68.97
3459,601402,3077,3,29.68
3460,601403,3026,1,249.01
3461,601404,3057,1,37.82
3462,601404,3061,2,260.63
3463,601404,3006,5,43.07
3464,601405,3055,1,348.04
3465,601405,3062,3,328.33
3466,601405,3023,0,102.13
3467,601405,3028,2,155.28
3468,601406,3046,2,101.39
3469,601406,3040,3,18.06
3470,601407,3069,5,237.49
3471,601407,3020,1,293.37
3472,601408,3068,3,56.97
3473,601408,3068,2,266.49
3474,601409,3017,4,225.11
3475,601409,3054,4,118.45
3476,601410,3025,3,301.91
3477,601410,3043,2,264.92
3478,601411,3047,4,321.39
3479,601412,3038,5,94.76
3480,601412,3069,1,76.17
3481,601412,3018,1,160.25
3482,601413,3065,3,347.6
3483,601413,3035,5,177.25
3484,601414,3050,1,304.93
3485,601414,3056,5,307.87
3486,601414,3038,1,183.74
3487,601414,3055,1,210.69
3488,601415,3029,3,96.53
3489,601415,3017,4,270.78
3490,601416,3050,2,74.23
3491,601416,3056,2,162.15
3492,601416,3078,4,86.5
3493,601417,3035,3,54.31
3494,601417,3040,2,17.13
3495,601418,3050,5,154.06
3496,601418,3007,2,6.57
3497,601418,3003,3,310.78
3498,601418,3004,3,309.51
3499,601419,3008,5,194.49
3500,601419,3076,5,121.55
3501,601420,3017,3,92.1
3502,601420,3052,5,137.44
3503,601420,3051,4,318.97
3504,601420,3020,1,335.34
3505,601421,3015,3,300.07
3506,601421,3074,1,337.07
3507,601421,3044,1,29.47
3508,601422,3072,1,60.57
3509,601422,3016,2,211.93
3510,601423,3036,5,58.4
3511,601424,3063,1,151.08
3512,601424,3058,1,289.31
3513,601424,3044,3,273.43
3514,601425,3022,5,44.13
3515,601425,3026,3,63.74
3516,601425,3067,5,287.94
3517,601426,3045,4,201.56
3518,601426,3047,2,341.16
3519,601426,3024,1,23.83
3520,601427,3054,3,48.63
3521,601428,3038,1,-153.42
3522,601428,3051,2,21.25
3523,601428,3049,3,260.82
3524,601429,3019,2,243.72
3525,601429,3043,4,82.46
3526,601429,3016,1,327.86
3527,601430,3065,2,297.15
3528,601430,3068,5,206.7
3529,601431,3046,1,302.07
3530,601432,3017,3,304.54
3531,601433,3045,5,126.64
3532,601433,3037,5,143.44
3533,601433,3064,3,110.5
3534,601433,3028,2,28.6
3535,601434,3020,1,253.21
3536,601434,3070,1,137.89
3537,601435,3066,2,278.55
3538,601435,3023,1,325.5
3539,601435,3077,2,54.34
3540,601436,3074,2,43.46
3541,601436,3047,2,171.76
3542,601436,3024,4,92.97
3543,601437,3070,4,151.33
3544,601437,3041,3,147.5
3545,601437,3018,1,183.65
3546,601437,3020,3,176.02
3547,601438,3070,1,151.29
3548,601438,3060,3,180.3
3549,601438,3059,5,170.64
3550,601438,3074,2,12.75
3551,601439,3017,5,302.76
3552,601439,3061,4,250.4
3553,601440,3055,3,247.91
3554,601440,3053,3,272.81
3555,601440,3053,4,69.82
3556,601441,3015,4,261.35
3557,601441,3014,4,113.9
3558,601442,3057,4,249.5
3559,601442,3075,1,231.56
3560,601442,3054,4,140.03
3561,601443,3045,2,176.82
3562,601443,3080,5,133.45
3563,601443,3018,4,174.29
3564,601444,3038,4,238.51
3565,601444,3015,1,311.23
3566,601445,3044,1,216.46
3567,601445,3064,4,235.48
3568,601445,3060,5,40.08
3569,601445,3031,4,46.13
3570,601446,3020,1,145.61
3571,601447,3064,3,253.27
3572,601447,3028,3,335.73
3573,601447,3048,1,94.92
3574,601447,3026,1,267.46
3575,601448,3016,4,88.19
3576,601448,3065,0,97.04
3577,601449,3054,5,183.29
3578,601449,3010,4,91.3
3579,601450,3037,5,193.0
3580,601450,3004,2,42.96
3581,601450,3031,1,211.42
3582,601450,3014,2,102.12
3583,601451,3011,0,215.57
3584,601451,3031,5,304.91
3585,601451,3025,2,337.49
3586,601452,3033,3,300.68
3587,601452,3007,1,102.65
3588,601452,3040,2,42.1
3589,601453,3073,3,90.37
3590,601454,3074,3,253.97
3591,601454,3045,4,175.34
3592,601454,3059,2,273.54
3593,601454,3053,3,129.62
3594,601455,3043,4,327.49
3595,601455,3054,2,244.6
3596,601455,3051,5,279.06
3597,601456,3037,0,14.53
3598,601456,3071,4,139.26
3599,601456,3019,5,168.5
3600,601457,3011,2,307.47
3601,601457,3073,1,6.65
3602,601457,3029,1,256.89
3603,601457,3031,4,151.67
3604,601458,3078,4,220.35
3605,601458,3076,4,338.94
3606,601458,3019,2,104.07
3607,601458,3077,3,229.26
3608,601459,3027,2,47.13
3609,601459,3041,5,73.02
3610,601459,3040,1,223.91
3611,601459,3070,2,44.91
3612,601460,3080,4,346.07
3613,601460,3002,4,32.8
3614,601460,3047,1,6.17
3615,601461,3052,4,209.41
3616,601462,3077,3,126.28
3617,601462,3077,2,59.29
3618,601463,3061,4,42.79
3619,601463,3038,4,223.4
3620,601464,3075,2,93.49
3621,601465,3029,4,210.84
3622,601465,3035,2,310.61
3623,601466,3042,3,265.48
3624,601466,3077,4,167.1
3625,601466,3057,4,235.35
3626,601467,3009,5,135.57
3627,601468,3055,4,322.4
3628,601469,3014,5,110.31
3629,601469,3013,3,257.34
3630,601469,3056,4,223.31
3631,601470,3047,5,7.99
3632,601470,3021,1,193.41
3633,601470,3061,4,33.47
3634,601471,3003,5,20.22
3635,601471,3061,4,140.53
3636,601472,3023,1,117.56
3637,601473,3067,1,295.0
3638,601474,3003,3,192.34
3639,601474,3015,4,-203.81
3640,601474,3037,5,96.22
3641,601474,3047,4,249.72
3642,601475,3005,4,194.54
3643,601475,3004,3,55.23
3644,601475,3068,3,16.98
3645,601475,3024,4,273.72
3646,601476,3002,2,116.98
3647,601477,3053,2,81.47
3648,601477,3037,2,274.58
3649,601478,3050,3,297.01
3650,601478,3050,4,331.97
3651,601478,3067,5,208.24
3652,601479,3056,4,226.14
3653,601480,3007,1,314.04
3654,601481,3002,2,226.18
3655,601481,3073,3,284.06
3656,601482,3027,1,178.13
3657,601482,3025,4,143.84
3658,601483,3064,1,40.04
3659,601483,3003,1,227.34
3660,601484,3041,2,170.74
3661,601484,3037,1,228.2
3662,601485,3020,2,213.6
3663,601486,3033,3,55.23
3664,601487,3001,4,105.52
3665,601488,3057,5,292.82
3666,601489,3050,2,250.99
3667,601489,3011,1,218.64
3668,601490,3015,5,144.37
3669,601490,3059,1,120.67
3670,601490,3029,3,33.16
3671,601490,3045,3,327.42
3672,601491,3047,2,332.35
3673,601491,3031,5,126.49
3674,601491,3019,2,97.13
3675,601491,3010,5,305.86
3676,601492,3053,2,163.46
3677,601492,3051,2,220.67
3678,601493,3037,5,342.18
3679,601493,3013,2,313.36
3680,601493,3011,4,237.28
3681,601494,3033,4,168.98
3682,601494,3005,5,158.89
3683,601495,3014,3,56.72
3684,601495,3057,5,247.54
3685,601496,3008,3,240.86
3686,601496,3038,5,244.09
3687,601496,3075,4,191.82
3688,601497,3007,3,175.89
3689,601497,3078,3,63.06
3690,601497,3006,3,259.11
3691,601497,3018,1,290.52
3692,601498,3034,1,80.94
3693,601498,3010,2,267.24
3694,601499,3020,4,231.27
3695,601499,3059,5,148.97
3696,601500,3061,4,307.97
3697,601500,3056,2,238.77
3698,601500,3076,4,219.78
3699,601500,3053,3,242.04
3700,601501,3056,0,324.56
3701,601501,3016,5,15.22
3702,601501,3017,5,247.16
3703,601502,3024,3,113.33
3704,601502,3015,3,230.05
3705,601502,3036,1,15.75
3706,601503,3079,5,331.41
3707,601503,3018,4,46.54
3708,601504,3025,5,95.53
3709,601505,3072,3,31.52
3710,601505,3028,5,223.27
3711,601505,3009,2,194.9
3712,601505,3062,2,125.04
3713,601506,3077,4,280.56
3714,601506,3041,4,321.07
3715,601507,3065,4,228.96
3716,601508,3073,5,159.68
3717,601508,3042,1,78.02
3718,601509,3075,5,75.92
3719,601510,3016,2,346.45
3720,601510,3006,4,100.24
3721,601510,3009,3,333.78
3722,601511,3007,1,307.81
3723,601511,3018,1,89.12
3724,601511,9999,3,65.08
3725,601511,3047,3,48.91
3726,601512,3055,2,334.35
3727,601512,3047,3,109.65
3728,601513,3011,2,299.11
3729,601514,3078,2,207.39
3730,601515,3028,5,28.66
3731,601516,3055,2,169.05
3732,601516,3026,1,142.5
3733,601516,3079,3,106.2
3734,601517,3018,2,347.73
3735,601517,3046,5,49.88
3736,601517,3076,3,16.07
3737,601518,3044,4,316.46
3738,601518,3063,2,68.52
3739,601518,3028,4,107.21
3740,601519,3021,3,158.18
3741,601519,3071,2,113.15
3742,601520,3012,5,81.78
3743,601521,3027,1,288.52
3744,601521,3015,1,293.6
3745,601521,3015,5,224.69
3746,601522,3072,2,123.09
3747,601522,3065,4,62.31
3748,601523,3043,2,232.46
3749,601523,3035,4,318.52
3750,601523,3028,5,86.76
3751,601524,3040,4,340.49
3752,601524,3038,5,282.27
3753,601525,3053,2,286.93
3754,601526,3008,4,252.15
3755,601526,3067,1,131.72
3756,601526,3076,2,177.62
3757,601527,3070,4,139.22
3758,601527,3014,2,268.97
3759,601528,3060,4,306.96
3760,601529,3027,5,163.23
3761,601529,3042,2,174.17
3762,601530,3061,3,208.11
3763,601531,3052,2,239.03
3764,601531,3041,5,126.75
3765,601532,3022,1,205.8
3766,601532,3045,3,76.27
3767,601532,3024,4,197.72
3768,601533,3009,4,107.39
3769,601533,3006,3,246.19
3770,601533,3055,0,186.73
3771,601533,3062,2,8.76
3772,601534,3016,1,305.25
3773,601534,3002,5,279.46
3774,601534,3026,4,140.51
3775,601534,3045,2,271.52
3776,601535,3016,2,341.17
3777,601535,3026,4,94.82
3778,601535,3050,2,137.33
3779,601535,3072,5,171.73
3780,601536,3006,1,23.37
3781,601536,3068,5,69.98
3782,601536,3066,3,103.34
3783,601536,3014,4,146.47
3784,601537,3064,4,68.31
3785,601538,3001,3,269.11
3786,601539,3058,2,196.15
3787,601539,3022,3,268.32
3788,601539,3022,1,234.64
3789,601539,3019,3,172.72
3790,601540,3001,4,204.01
3791,601540,3070,1,230.47
3792,601541,3075,1,111.5
3793,601541,3026,5,234.0
3794,601541,3068,5,320.35
3795,601541,3023,1,52.59
3796,601542,3006,2,210.49
3797,601542,3007,1,12.2
3798,601542,3034,3,-249.84
3799,601542,3071,3,178.54
3800,601543,3013,4,89.73
3801,601543,3038,3,239.43
3802,601544,3002,2,230.51
3803,601544,3058,1,117.41
3804,601544,3031,1,58.44
3805,601544,3006,3,36.5
3806,601545,3054,3,172.56
3807,601545,3069,1,308.86
3808,601545,3042,4,91.2
3809,601546,3016,5,335.24
3810,601546,3024,2,211.26
3811,601547,3024,4,198.37
3812,601547,3043,3,328.67
3813,601547,3051,5,213.5
3814,601547,3034,5,183.98
3815,601548,3037,2,204.51
3816,601548,3065,3,140.21
3817,601549,3053,2,125.22
3818,601549,3029,5,157.95
3819,601550,3017,2,168.62
3820,601550,3046,5,197.45
3821,601550,3059,5,310.98
3822,601550,3018,1,203.09
3823,601551,3023,3,347.29
3824,601551,3028,2,246.52
3825,601551,3047,5,133.3
3826,601552,3074,2,36.19
3827,601552,3074,1,205.87
3828,601552,3001,5,273.34
3829,601552,3016,2,52.26
3830,601553,3044,4,99.99
3831,601554,3022,2,125.46
3832,601554,3055,0,162.88
3833,601554,3065,1,213.04
3834,601555,3077,1,246.66
3835,601555,3063,2,347.48
3836,601555,3043,4,290.28
3837,601555,3027,2,19.51
3838,601556,3015,4,316.33
3839,601556,3010,3,75.68
3840,601557,3052,5,277.73
3841,601557,3029,1,220.45
3842,601557,3003,3,152.54
3843,601558,3032,4,110.25
3844,601558,3071,3,289.61
3845,601558,3053,5,154.99
3846,601559,3057,1,228.84
3847,601559,3073,3,295.4
3848,601559,3034,5,262.17
3849,601560,3077,1,112.12
3850,601560,3077,1,306.55
3851,601560,3050,1,254.47
3852,601560,3010,5,56.68
3853,601561,3007,4,346.25
3854,601562,3040,5,149.64
3855,601562,3036,3,265.49
3856,601562,3076,1,133.79
3857,601562,3020,4,304.62
3858,601563,3062,5,100.09
3859,601563,3039,2,258.44
3860,601563,3005,1,298.59
3861,601564,3007,4,307.29
3862,601564,3067,2,83.22
3863,601565,3012,3,162.98
3864,601565,3033,4,189.76
3865,601565,3036,4,125.47
3866,601566,3033,2,117.13
3867,601566,3015,1,9.36
3868,601566,3074,1,137.78
3869,601567,3074,5,337.57
3870,601568,3062,4,105.42
3871,601569,3021,3,118.63
3872,601570,3030,4,158.8
3873,601570,3063,4,211.31
3874,601571,3006,5,221.85
3875,601571,3024,3,53.17
3876,601572,3042,5,249.91
3877,601573,3009,3,339.72
3878,601573,3077,5,153.98
3879,601573,3068,3,315.76
3880,601574,3017,2,119.25
3881,601574,3015,1,108.91
3882,601574,3066,1,156.14
3883,601574,3055,2,107.93
3884,601575,3052,5,191.32
3885,601575,3053,5,277.58
3886,601575,3034,3,219.81
3887,601576,3025,3,91.01
3888,601576,3035,3,173.02
3889,601576,3026,5,265.84
3890,601577,3077,4,21.58
3891,601577,3032,5,93.69
3892,601578,3079,2,295.54
3893,601578,3019,2,343.66
3894,601578,3008,3,177.54
3895,601578,3059,2,60.53
3896,601579,3057,1,49.5
3897,601579,3051,3,196.07
3898,601580,3021,1,33.09
3899,601581,3012,5,64.23
3900,601581,3056,1,67.85
3901,601581,3061,5,342.93
3902,601582,3011,4,163.86
3903,601583,3027,2,110.89
3904,601583,3036,3,130.76
3905,601584,3049,4,293.38
3906,601584,3007,1,256.68
3907,601584,3067,5,17.35
3908,601584,3070,4,88.29
3909,601585,3028,5,18.92
3910,601585,3049,4,156.34
3911,601585,3026,2,21.79
3912,601586,3003,1,348.49
3913,601586,3065,5,249.04
3914,601586,3010,4,191.31
3915,601586,3024,3,253.94
3916,601587,3066,5,244.06
3917,601587,3009,3,201.29
3918,601587,3019,3,73.62
3919,601588,3070,1,245.14
3920,601588,3001,3,143.69
3921,601588,3049,5,216.18
3922,601589,3075,5,312.32
3923,601590,3072,1,231.83
3924,601590,3034,2,152.68
3925,601590,3012,4,193.17
3926,601591,3009,1,238.16
3927,601591,3063,3,317.85
3928,601592,3034,4,106.52
3929,601593,3053,2,129.05
3930,601593,3037,1,210.22
3931,601594,3058,2,21.94
3932,601594,3080,5,238.92
3933,601594,3027,3,331.01
3934,601595,3075,1,199.09
3935,601595,3010,2,156.48
3936,601595,3076,5,164.09
3937,601596,3004,1,191.4
3938,601596,3012,4,240.69
3939,601596,3071,4,337.5
3940,601597,3075,4,146.05
3941,601598,3001,4,134.45
3942,601598,3007,2,69.64
3943,601599,3068,1,312.81
3944,601599,3052,1,60.94
3945,601599,3075,2,9.01
3946,601599,3075,0,29.11
3947,601600,3031,2,83.93
3948,601601,3020,1,236.34
3949,601602,3039,1,39.28
3950,601602,3044,3,343.6
3951,601603,3019,3,158.39
3952,601603,3071,3,251.21
3953,601604,3026,5,83.25
3954,601604,3035,5,210.56
3955,601604,3046,5,309.49
3956,601604,3025,5,197.77
3957,601605,3032,1,308.74
3958,601605,3049,2,140.79
3959,601605,3004,5,32.67
3960,601605,3060,4,59.24
3961,601606,3044,1,314.89
3962,601607,3026,3,122.61
3963,601607,3028,0,126.55
3964,601607,3048,1,305.44
3965,601607,3043,1,75.35
3966,601608,3051,4,69.5
3967,601609,3013,2,21.58
3968,601609,3072,2,170.91
3969,601609,3012,2,302.94
3970,601610,3026,5,211.38
3971,601610,3014,4,113.05
3972,601610,3008,2,6.4
3973,601611,3056,4,212.08
3974,601611,3076,2,90.23
3975,601612,3054,1,53.55
3976,601612,3023,2,77.29
3977,601613,3063,3,100.86
3978,601613,3053,1,270.3
3979,601613,3054,2,309.8
3980,601613,3024,4,302.4
3981,601614,3076,2,64.56
3982,601614,3023,3,-292.62
3983,601614,3080,2,75.51
3984,601614,3032,2,206.85
3985,601615,3028,5,170.18
3986,601615,3032,4,345.68
3987,601615,3047,1,215.05
3988,601616,3061,3,315.94
3989,601616,3046,3,193.96
3990,601617,3015,1,136.93
3991,601617,3036,1,274.01
3992,601618,3079,5,337.72
3993,601618,3034,5,48.51
3994,601618,3031,5,39.8
3995,601618,3032,2,332.76
3996,601619,3039,5,155.41
3997,601619,3075,5,259.35
3998,601619,3059,4,103.05
3999,601619,3013,1,102.85
4000,601620,3077,2,183.87
4001,601620,3034,3,96.36
4002,601620,3056,2,96.35
4003,601621,3070,1,113.69
4004,601621,3055,2,109.9
4005,601621,3038,5,84.24
4006,601621,3025,5,259.35
4007,601622,3063,5,194.95
4008,601623,3071,2,239.54
4009,601624,3030,1,80.98
4010,601624,3040,5,208.73
4011,601624,3079,4,166.56
4012,601625,3044,1,312.51
4013,601626,3061,1,317.49
4014,601626,3018,1,311.33
4015,601627,3015,3,70.07
4016,601627,3034,3,342.42
4017,601627,3074,3,215.71
4018,601628,3009,4,112.38
4019,601628,3060,4,146.32
4020,601628,3043,5,100.44
4021,601629,3043,4,246.02
4022,601629,3049,5,253.98
4023,601630,3047,1,311.96
4024,601630,3070,3,71.93
4025,601630,3044,5,338.85
4026,601630,3035,3,196.5
4027,601631,3037,2,287.72
4028,601631,3064,2,20.36
4029,601631,3058,3,249.68
4030,601632,3044,1,149.32
4031,601632,3060,3,232.55
4032,601632,3056,2,139.76
4033,601632,3001,5,268.21
4034,601633,3021,4,112.78
4035,601633,3028,1,123.7
4036,601633,3046,4,90.9
4037,601633,3021,1,215.47
4038,601634,3078,4,273.35
4039,601635,3009,1,298.69
4040,601635,3027,3,300.55
4041,601635,3054,2,262.6
4042,601636,3048,5,99.19
4043,601637,3059,4,232.69
4044,601637,3072,3,326.88
4045,601637,3005,5,311.72
4046,601638,3040,4,304.01
4047,601638,3067,5,235.87
4048,601638,3008,3,265.2
4049,601638,3053,2,37.86
4050,601639,3003,1,317.9
4051,601639,3062,5,272.35
4052,601639,3028,5,315.49
4053,601639,3034,3,185.68
4054,601640,3040,3,61.79
4055,601640,3026,5,66.88
4056,601640,3064,4,252.94
4057,601640,3058,2,314.15
4058,601641,3036,1,166.61
4059,601641,3025,1,221.25
4060,601641,3004,3,192.84
4061,601641,3044,1,92.74
4062,601642,3062,4,131.21
4063,601642,3037,5,336.78
4064,601643,3011,4,302.71
4065,601643,3020,3,135.9
4066,601644,3003,3,225.96
4067,601644,3050,4,242.26
4068,601644,3004,4,242.22
4069,601645,3076,2,194.41
4070,601645,3004,3,86.25
4071,601645,3069,5,254.3
4072,601646,3013,3,258.03
4073,601646,3041,2,25.28
4074,601647,3012,3,17.45
4075,601647,3048,2,319.66
4076,601647,3045,2,119.3
4077,601648,3017,4,239.44
4078,601648,3001,2,109.29
4079,601649,3025,3,93.03
4080,601649,3033,4,128.64
4081,601650,3056,1,164.4
4082,601650,3037,4,10.33
4083,601651,3056,2,142.34
4084,601651,3053,5,280.6
4085,601652,3010,2,210.1
4086,601653,3076,1,16.86
4087,601653,3066,3,68.36
4088,601653,3058,3,242.65
4089,601653,3027,3,163.3
4090,601654,9999,5,207.18
4091,601655,3015,3,180.92
4092,601655,3022,4,285.48
4093,601655,3013,5,128.77
4094,601655,3015,4,338.85
4095,601656,3030,3,134.38
4096,601656,3044,3,323.53
4097,601656,3048,4,101.53
4098,601656,3071,1,184.28
4099,601657,3070,4,344.78
4100,601657,3043,3,55.64
4101,601657,3074,5,147.03
4102,601657,3056,5,340.2
4103,601658,3048,5,135.9
4104,601658,3063,5,257.95
4105,601658,3050,1,269.61
4106,601658,3059,4,338.76
4107,601659,3032,2,348.32
4108,601660,3051,2,333.37
4109,601661,3037,1,309.32
4110,601661,3073,5,280.8
4111,601662,3036,4,287.76
4112,601663,3079,4,55.82
4113,601664,3058,2,212.6
4114,601664,3003,2,116.53
4115,601665,3047,1,229.43
4116,601666,3014,4,58.15
4117,601667,3029,2,33.88
4118,601667,3070,4,171.89
4119,601668,3077,2,208.44
4120,601668,3027,3,60.11
4121,601668,3022,1,43.43
4122,601668,3031,1,133.91
4123,601669,3064,3,142.99
4124,601669,3052,3,174.46
4125,601670,3008,2,344.8
4126,601671,3026,4,346.46
4127,601671,3034,5,260.16
4128,601671,3045,5,312.11
4129,601672,3032,3,324.82
4130,601672,3062,2,37.61
4131,601673,3053,3,129.86
4132,601674,3024,3,349.55
4133,601674,3057,3,142.97
4134,601674,3033,3,166.57
4135,601675,3023,1,197.68
4136,601675,3009,2,228.51
4137,601675,3014,3,66.95
4138,601676,3007,2,129.41
4139,601676,3077,4,91.37
4140,601676,3070,5,200.23
4141,601676,3068,2,208.59
4142,601677,3020,4,29.71
4143,601678,3020,1,196.14
4144,601679,3061,5,259.71
4145,601679,3019,1,35.61
4146,601679,3006,4,95.58
4147,601679,3028,1,212.78
4148,601680,3048,3,8.51
4149,601680,3058,1,147.91
4150,601680,3033,3,205.71
4151,601680,3008,4,292.65
4152,601681,3013,3,182.05
4153,601681,3023,4,293.71
4154,601682,3027,4,142.71
4155,601683,3070,3,11.17
4156,601684,3013,3,19.1
4157,601685,3027,2,162.4
4158,601685,3003,3,165.92
4159,601685,3026,3,343.26
4160,601686,3014,1,37.21
4161,601686,3049,5,194.08
4162,601686,3024,5,20.0
4163,601686,3016,5,307.23
4164,601687,3021,2,135.64
4165,601687,3041,4,301.84
4166,601687,3057,5,90.55
4167,601688,3028,3,244.92
4168,601688,3067,1,115.28
4169,601689,3009,2,252.85
4170,601689,3003,3,111.38
4171,601689,3029,5,11.21
4172,601689,3017,5,127.85
4173,601690,3013,2,15.89
4174,601690,3031,5,236.0
4175,601690,3006,3,231.87
4176,601691,3074,1,227.07
4177,601691,3043,5,109.29
4178,601692,3009,5,213.53
4179,601692,3033,4,142.2
4180,601692,3031,5,64.34
4181,601693,3034,4,318.09
4182,601693,3059,4,309.45
4183,601693,3057,3,268.35
4184,601693,3020,3,235.38
4185,601694,3050,3,211.29
4186,601694,3015,2,18.71
4187,601694,3050,1,147.31
4188,601695,3033,5,113.69
4189,601695,3040,2,300.51
4190,601695,3016,5,113.01
4191,601696,3055,4,297.89
4192,601697,3014,3,299.11
4193,601697,3027,2,169.85
4194,601697,3064,5,88.32
4195,601698,3062,3,102.63
4196,601698,3020,3,88.38
4197,601698,3043,3,252.27
4198,601698,3036,2,72.73
4199,601699,3060,3,190.29
4200,601700,3026,1,33.49
4201,601701,3021,4,262.9
4202,601701,3046,3,232.37
4203,601701,3035,3,-341.55
4204,601702,3040,2,143.95
4205,601702,3007,1,209.16
4206,601702,3067,5,109.04
4207,601703,3074,0,305.43
4208,601704,3008,5,21.96
4209,601704,3044,2,179.1
4210,601704,3015,5,110.98
4211,601705,3030,3,140.72
4212,601705,3076,4,222.46
4213,601705,3018,2,249.84
4214,601705,3065,1,11.48
4215,601706,3003,5,191.03
4216,601706,3044,4,253.66
4217,601706,3068,2,223.61
4218,601707,3009,4,40.59
4219,601707,3053,2,226.99
4220,601708,3049,5,83.63
4221,601708,3014,5,116.28
4222,601709,3029,3,323.23
4223,601710,3060,3,136.66
4224,601710,3038,4,24.58
4225,999999,3047,5,343.3
4226,601711,3067,3,70.68
4227,601711,3074,4,142.97
4228,601711,3077,3,129.55
4229,601712,3003,2,96.5
4230,601712,3043,4,160.82
4231,601713,3013,3,211.95
4232,601714,3031,2,341.46
4233,601714,3041,3,207.48
4234,601715,3057,5,124.95
4235,601715,3067,4,69.55
4236,601715,3067,1,44.0
4237,601716,3056,5,255.56
4238,601717,3005,2,5.88
4239,601717,3066,1,235.4
4240,601717,3035,5,324.31
4241,601718,3034,0,259.63
4242,601718,3065,5,258.77
4243,601719,3011,3,182.77
4244,601719,3042,3,64.19
4245,601719,3070,4,42.62
4246,601720,3051,3,290.09
4247,601720,3036,3,292.57
4248,601720,3029,5,19.53
4249,601721,3028,3,215.89
4250,601721,3024,5,21.4
4251,601721,3015,1,179.31
4252,601721,3073,4,55.02
4253,601722,3017,1,291.37
4254,601723,3040,2,51.66
4255,601723,3002,2,238.31
4256,601723,3027,5,232.69
4257,601724,3004,3,296.81
4258,601725,3052,2,115.58
4259,601726,3066,4,303.94
4260,601726,3003,2,333.49
4261,601726,3055,1,329.65
4262,601726,3047,2,146.5
4263,601727,3049,5,175.13
4264,601727,3017,2,138.64
4265,601727,3059,1,227.79
4266,601728,3059,5,247.58
4267,601728,3006,4,300.09
4268,601728,3033,3,90.09
4269,601728,3073,1,192.42
4270,601729,3028,3,292.82
4271,601729,3045,4,260.48
4272,601729,3011,5,161.51
4273,601729,3053,1,251.52
4274,601730,3044,2,293.7
4275,601730,3006,4,39.77
4276,601730,3033,4,29.56
4277,601730,3079,3,56.43
4278,601731,3069,1,113.63
4279,601731,3010,1,220.64
4280,601732,3069,3,151.69
4281,601732,3057,3,319.91
4282,601732,3007,1,240.33
4283,601732,3055,5,286.7
4284,601733,3020,2,33.49
4285,601733,3068,3,132.46
4286,601733,3044,2,90.12
4287,601734,3043,5,257.08
4288,601734,3012,4,109.5
4289,601735,3035,3,225.19
4290,601736,3026,4,18.29
4291,601736,3059,4,340.77
4292,601737,3076,2,244.31
4293,601738,3023,2,295.14
4294,601738,3066,5,177.7
4295,601738,3047,3,120.74
4296,601738,3003,3,52.62
4297,601739,3060,5,11.84
4298,601739,3043,1,149.98
4299,601739,3003,2,55.77
4300,601739,3022,2,50.66
4301,601740,3052,3,121.01
4302,601740,3040,5,163.26
4303,601740,3028,3,142.34
4304,601740,3010,4,65.33
4305,601741,3039,4,162.47
4306,601741,3033,1,247.61
4307,601741,3050,4,319.63
4308,601741,3038,1,14.62
4309,601742,3076,3,228.68
4310,601743,3021,5,123.12
4311,601743,3065,5,170.46
4312,601743,3048,3,104.82
4313,601743,3044,4,222.3
4314,601744,3034,5,184.96
4315,601744,3030,5,196.43
4316,601744,3027,1,331.55
4317,601744,3072,2,345.22
4318,601745,3055,4,44.74
4319,601745,3012,5,218.95
4320,601745,3071,4,84.18
4321,601745,3068,2,133.58
4322,601746,3038,1,272.79
4323,601746,3041,3,283.82
4324,601746,3076,2,63.42
4325,601746,3023,1,132.76
4326,601747,3035,5,139.36
4327,601747,3076,3,44.49
4328,601748,3018,3,282.68
4329,601749,3038,1,148.43
4330,601749,3062,4,63.62
4331,601749,3046,3,298.44
4332,601750,3012,4,283.57
4333,601750,3078,3,322.76
4334,601750,3080,5,122.42
4335,601751,3071,3,321.95
4336,601751,3001,3,279.36
4337,601752,3068,2,156.21
4338,601753,3068,1,320.51
4339,601753,3018,5,125.83
4340,601753,3048,5,145.64
4341,601754,3015,1,305.19
4342,601754,3006,3,290.2
4343,601754,3019,5,21.11
4344,601755,3064,3,311.07
4345,601756,3073,1,186.05
4346,601757,3053,5,245.21
4347,601757,3001,2,117.64
4348,601757,3006,2,257.2
4349,601758,3032,2,72.26
4350,601758,3073,0,79.16
4351,601758,3039,3,222.03
4352,601758,3057,4,182.57
4353,601759,3060,4,118.97
4354,601760,3062,5,202.6
4355,601761,3035,2,113.5
4356,601761,3061,2,106.49
4357,601762,3075,4,269.08
4358,601762,3060,5,13.97
4359,601763,3062,5,143.84
4360,601763,3035,3,123.52
4361,601764,3004,4,214.43
4362,601764,3023,4,315.74
4363,601764,3066,3,183.38
4364,601765,3061,5,229.06
4365,601766,3026,3,327.46
4366,601766,3018,4,57.57
4367,601766,3073,3,141.49
4368,601766,3006,5,72.18
4369,601767,3037,2,120.11
4370,601767,3046,3,279.22
4371,601768,3019,3,56.95
4372,601768,3074,4,313.46
4373,601768,3061,1,79.39
4374,601769,3016,2,235.2
4375,601769,3017,5,7.99
4376,601770,3018,3,72.66
4377,601770,3030,4,50.54
4378,601770,3044,3,43.41
4379,601770,3072,4,285.16
4380,601771,3012,4,7.83
4381,601772,3080,1,12.4
4382,601772,3072,1,335.09
4383,601772,3035,3,222.09
4384,601772,3017,2,143.58
4385,601773,3034,3,286.28
4386,601773,3013,1,129.91
4387,601773,3005,4,311.64
4388,601774,3009,5,87.01
4389,601775,3053,2,248.27
4390,601775,3047,2,86.95
4391,601775,3028,1,120.13
4392,601775,3005,5,224.19
4393,601776,3044,1,272.24
4394,601776,3062,3,-204.45
4395,601776,3065,1,73.01
4396,601777,3042,1,252.47
4397,601778,3046,2,167.87
4398,601778,3079,3,30.82
4399,601778,3068,4,193.91
4400,601779,3021,4,92.21
4401,601779,3062,2,227.17
4402,601779,3006,3,126.17
4403,601779,3043,3,256.78
4404,601780,3048,4,24.89
4405,601781,3063,2,282.87
4406,601781,3001,5,325.53
4407,601781,3020,4,321.02
4408,601781,3060,1,164.06
4409,601782,3061,1,329.88
4410,601783,3073,5,41.5
4411,601783,3056,3,127.3
4412,601783,3078,3,247.84
4413,601784,3013,4,205.23
4414,601784,3056,2,18.89
4415,601785,3006,1,318.22
4416,601785,3023,3,239.95
4417,601786,3041,2,29.66
4418,601787,3066,3,39.59
4419,601787,3018,3,86.95
4420,601787,3065,5,266.57
4421,601788,3008,5,173.02
4422,601788,3039,5,302.09
4423,601789,3026,2,242.68
4424,601790,3023,4,219.58
4425,601790,3017,4,158.44
4426,601790,3025,3,157.51
4427,601790,3054,5,222.43
4428,601791,3030,2,18.66
4429,601791,3026,1,269.19
4430,601791,3075,1,36.15
4431,601791,3047,1,161.1
4432,601792,3076,0,139.2
4433,601792,3007,3,340.39
4434,601792,3018,2,207.48
4435,601792,3070,5,161.93
4436,601793,3065,3,122.11
4437,601793,3006,4,101.01
4438,601794,3041,2,242.97
4439,601795,3024,3,68.11
4440,601796,3013,5,267.56
4441,601797,3045,3,321.01
4442,601797,3013,1,69.21
4443,601797,3054,4,331.07
4444,601797,3031,4,117.61
4445,601798,3015,3,268.86
4446,601798,3068,2,134.26
4447,601798,3069,3,35.99
4448,601798,3049,3,111.46
4449,601799,3066,5,118.56
4450,601799,3005,3,148.42
4451,601799,3050,2,181.42
4452,601800,3038,5,328.3
4453,601800,3059,4,231.38
4454,601800,3062,1,143.95
4455,601801,3037,3,109.63
4456,601802,3073,4,160.75
4457,601802,3026,4,224.58
4458,601802,3005,5,249.64
4459,601803,3008,1,150.44
4460,601803,3076,3,127.01
4461,601804,3067,4,232.02
4462,601804,3073,4,240.3
4463,601804,3040,2,63.18
4464,601804,3079,4,58.58
4465,601805,3031,5,19.41
4466,601806,3037,5,142.91
4467,601806,3052,3,130.85
4468,601806,3076,3,38.41
4469,601807,3043,1,262.36
4470,601807,3036,5,31.44
4471,601808,3063,4,229.31
4472,601808,3059,5,331.51
4473,601809,3034,4,197.28
4474,601809,3004,5,317.67
4475,601809,3075,2,260.78
4476,601809,3004,1,191.45
4477,601810,3034,2,153.43
4478,601810,3056,0,197.05
4479,601810,3048,1,257.46
4480,601811,3042,5,235.6
4481,601811,3038,5,115.51
4482,601812,3077,5,28.84
4483,601812,3035,4,165.23
4484,601813,3065,3,138.26
4485,601813,3017,1,235.19
4486,601814,3071,3,268.42
4487,601815,3005,1,45.73
4488,601816,3039,4,191.12
4489,601817,3055,2,124.46
4490,601817,3059,4,23.33
4491,601817,3067,3,316.95
4492,601817,3021,1,279.39
4493,601818,3007,5,178.27
4494,601819,3028,5,213.1
4495,601819,3062,4,57.01
4496,601819,3044,2,204.75
4497,601820,3050,1,66.51
4498,601821,3063,1,217.53
4499,601821,3077,5,106.03
4500,601822,3025,1,41.62
4501,601823,3069,5,94.08
4502,601823,3021,4,336.8
4503,601824,3050,1,71.73
4504,601824,3013,2,51.24
4505,601824,3049,1,5.28
4506,601825,3079,1,15.72
4507,601825,3007,5,248.2
4508,601826,3020,4,200.02
4509,601827,3040,4,168.82
4510,601827,3014,5,283.4
4511,601828,3005,2,169.15
4512,601828,3012,2,144.07
4513,601828,3053,1,191.8
4514,601829,3005,2,29.7
4515,601830,3076,4,204.24
4516,601831,3013,4,261.15
4517,601831,3020,5,91.09
4518,601831,3008,1,167.25
4519,601832,3068,4,201.42
4520,601833,3013,3,88.9
4521,601833,3016,1,159.63
4522,601834,3068,2,72.04
4523,601835,3038,3,64.3
4524,601836,3062,2,28.34
4525,601837,3051,1,213.09
4526,601837,3065,3,248.62
4527,601838,3016,4,61.1
4528,601839,3053,1,142.17
4529,601839,3020,1,304.16
4530,601840,3030,2,119.59
4531,601840,3020,1,204.22
4532,601840,3080,3,55.49
4533,601840,3017,2,144.13
4534,601841,3032,3,284.98
4535,601841,3046,1,268.59
4536,601841,3076,2,16.87
4537,601842,3068,2,80.15
4538,601842,3043,4,35.52
4539,601843,3010,5,176.2
4540,601843,3037,1,16.92
4541,601844,3050,2,144.43
4542,601844,3026,4,67.15
4543,601845,3060,5,232.91
4544,601845,3062,3,74.7
4545,601845,3023,3,91.33
4546,601845,3037,2,66.95
4547,601846,3009,5,15.55
4548,601847,3015,1,329.32
4549,601847,3038,2,319.74
4550,601847,3026,3,319.38
4551,601847,3027,4,285.61
4552,601848,3069,2,177.67
4553,601849,3025,3,97.55
4554,601850,3067,5,137.59
4555,601850,3025,3,105.3
4556,601850,3004,5,75.08
4557,601850,3070,3,32.61
4558,601851,3069,5,237.4
4559,601851,3031,1,16.43
4560,601852,3059,1,295.56
4561,601853,3039,5,122.53
4562,601854,3009,1,77.13
4563,601855,3032,5,271.43
4564,601855,3048,1,178.05
4565,601855,3045,3,67.42
4566,601856,3025,5,337.77
4567,601856,3036,1,333.36
4568,601856,3012,5,264.13
4569,601857,3035,2,36.79
4570,601857,3050,1,332.1
4571,601858,3050,4,61.69
4572,601858,3018,4,330.86
4573,601859,3004,1,32.17
4574,601859,3004,3,119.82
4575,601859,3054,4,266.6
4576,601859,3015,3,229.65
4577,601860,3069,2,12.09
4578,601860,3015,1,95.27
4579,601861,3048,3,336.18
4580,601861,3002,3,92.62
4581,601861,3038,4,231.61
4582,601861,3045,1,205.23
4583,601862,3075,5,197.52
4584,601863,3065,1,311.16
4585,601863,3036,4,161.2
4586,601863,3046,2,316.56
4587,601863,3003,1,130.1
4588,601864,3037,2,278.72
4589,601865,3061,4,237.13
4590,601865,3004,3,202.85
4591,601865,3048,1,144.74
4592,601865,3062,4,11.78
4593,601866,3061,4,189.53
4594,601866,3009,4,30.52
4595,601867,3072,2,185.83
4596,601867,3076,2,111.84
4597,601868,3057,5,204.5
4598,601869,3051,2,40.31
4599,601869,3014,2,188.67
4600,601869,3064,5,312.73
4601,601870,3074,4,38.69
4602,601870,3065,1,162.07
4603,601870,3010,1,251.24
4604,601870,3028,5,261.7
4605,601871,3061,2,265.99
4606,601871,3060,2,7.57
4607,601871,3066,4,347.26
4608,601871,3020,1,225.59
4609,601872,3022,2,229.04
4610,601872,3013,2,136.67
4611,601873,3035,2,24.35
4612,601874,3044,5,83.55
4613,601874,3009,4,134.5
4614,601874,3071,5,280.62
4615,601874,3067,1,251.06
4616,601875,3072,5,150.75
4617,601875,3015,2,252.73
4618,601875,3053,3,221.28
4619,601875,3077,1,208.33
4620,601876,3073,4,329.49
4621,601876,3026,5,84.66
4622,601876,3045,4,120.43
4623,601876,3002,5,133.97
4624,601877,3040,4,170.71
4625,601877,3043,2,17.49
4626,601877,3011,3,38.3
4627,601878,3009,1,339.94
4628,601878,3011,5,123.53
4629,601878,3066,3,162.28
4630,601878,3076,4,46.38
4631,601879,3013,1,348.41
4632,601879,3069,1,308.4
4633,601879,3048,1,262.57
4634,601879,3040,2,172.12
4635,601880,3030,5,133.67
4636,601880,3020,5,313.84
4637,601881,3059,3,238.72
4638,601882,3024,1,79.45
4639,601883,3054,3,181.81
4640,601883,3066,2,83.59
4641,601884,3060,2,28.88
4642,601884,3046,1,107.76
4643,601884,3074,2,-245.4
4644,601884,3014,2,16.89
4645,601885,3010,4,184.41
4646,601885,3063,1,307.23
4647,601885,3024,5,29.25
4648,601885,3041,4,316.65
4649,601886,3007,2,302.73
4650,601887,3011,5,190.06
4651,601888,3062,5,274.82
4652,601888,3036,2,76.95
4653,601888,3080,2,210.58
4654,601889,3039,3,58.57
4655,601889,3050,3,169.31
4656,601890,3034,2,296.77
4657,601890,3057,2,197.19
4658,601890,3051,1,5.93
4659,601890,3005,2,284.76
4660,601891,3070,4,53.34
4661,601891,3021,2,5.67
4662,601892,3038,1,70.87
4663,601893,3049,3,44.68
4664,601893,3045,4,323.71
4665,601893,3022,4,300.38
4666,601894,3008,0,119.73
4667,601894,3035,3,260.5
4668,601895,3028,5,98.5
4669,601895,3080,4,281.67
4670,601895,3007,5,94.88
4671,601895,3011,2,272.78
4672,601896,3065,1,286.96
4673,601896,3077,4,261.42
4674,601896,3052,4,194.14
4675,601897,3020,3,54.66
4676,601897,3038,4,194.4
4677,601897,3045,5,83.36
4678,601897,3061,2,345.4
4679,601898,3058,2,311.06
4680,601898,3075,3,61.77
4681,601898,3011,4,184.69
4682,601899,3067,4,116.74
4683,601899,3073,1,48.9
4684,601899,3020,3,266.68
4685,601899,3010,5,48.92
4686,601900,3012,5,184.86
4687,601900,3064,1,146.91
4688,601900,3023,5,237.16
4689,601900,3001,3,172.86
4690,601901,3076,5,18.86
4691,601901,3060,5,130.75
4692,601902,3064,1,232.27
4693,601902,3003,5,312.28
4694,601902,3026,1,54.98
4695,601902,3012,4,269.24
4696,601903,3052,1,184.88
4697,601903,3077,1,61.32
4698,601903,3009,1,201.61
4699,601904,3080,5,325.01
4700,601905,3014,3,38.39
4701,601905,3006,5,267.69
4702,601905,3020,5,275.04
4703,601905,3070,4,247.46
4704,601906,3042,3,168.75
4705,601907,3069,5,101.17
4706,601907,3012,4,300.96
4707,601907,3051,5,52.56
4708,601907,3058,5,256.81
4709,601908,3062,1,237.3
4710,601908,3076,4,317.75
4711,601908,3054,5,6.17
4712,601908,3017,1,250.98
4713,601909,3006,4,113.24
4714,601909,3077,5,290.51
4715,601909,3063,4,77.79
4716,601910,3038,1,127.11
4717,601911,3010,5,318.61
4718,601911,3029,3,124.6
4719,601911,3033,3,5.21
4720,601911,3049,4,165.58
4721,601912,3079,3,338.85
4722,601912,3009,1,340.31
4723,601912,3002,4,150.61
4724,601912,3051,5,267.44
4725,601913,3027,5,46.68
4726,601913,3052,4,143.87
4727,601913,3004,4,95.99
4728,601914,3008,4,51.76
4729,601914,3079,1,131.27
4730,601914,3044,5,39.06
4731,601915,3027,2,168.48
4732,601915,3017,1,235.39
4733,601915,3067,1,276.36
4734,601915,3003,4,194.45
4735,601916,3058,1,131.27
4736,601917,3025,4,159.88
4737,601918,3074,2,94.51
4738,601919,3067,2,95.72
4739,601919,3008,2,139.66
4740,601920,3076,1,49.12
4741,601921,3062,3,165.74
4742,601921,3007,4,75.05
4743,601921,3008,3,334.89
4744,601922,3004,3,198.69
4745,601922,3002,1,106.99
4746,601923,3073,3,310.69
4747,601923,3064,3,144.03
4748,601923,3048,1,311.6
4749,601924,3062,2,123.8
4750,601924,3047,3,250.47
4751,601924,3015,2,51.8
4752,601925,3025,1,177.21
4753,601925,3026,1,171.95
4754,601926,3034,1,210.97
4755,601926,3079,1,290.81
4756,601927,3001,3,348.81
4757,601927,3023,1,135.33
4758,601927,3012,5,248.31
4759,601928,3058,2,34.21
4760,601929,3053,2,60.51
4761,601929,3003,5,12.9
4762,601929,3018,1,199.46
4763,601929,3031,5,14.59
4764,601930,3017,2,332.29
4765,601930,3069,5,211.53
4766,601930,3031,1,327.22
4767,601931,3078,4,270.86
4768,601931,3047,5,186.97
4769,601932,3035,1,15.22
4770,601933,3078,2,141.91
4771,601933,3067,2,126.42
4772,601934,3049,2,63.65
4773,601934,3061,2,176.0
4774,601935,3007,2,341.83
4775,601935,3051,4,250.19
4776,601935,3040,4,200.24
4777,601936,3038,1,170.75
4778,601936,3057,5,343.15
4779,601936,3005,5,186.8
4780,601937,3054,4,67.2
4781,601937,3019,1,159.79
4782,601937,3028,3,286.37
4783,601938,3020,5,55.35
4784,601938,3057,3,176.58
4785,601938,3002,4,81.11
4786,601939,3006,5,265.15
4787,601940,3020,1,296.2
4788,601940,3048,4,189.0
4789,601941,3049,1,307.35
4790,601941,3066,5,105.52
4791,601941,3025,1,250.1
4792,601941,3055,1,148.32
4793,601942,3076,4,300.93
4794,601942,3027,4,175.92
4795,601943,3001,5,38.98
4796,601943,3003,3,183.17
4797,601943,3001,2,254.44
4798,601943,3008,4,155.71
4799,601944,3030,3,104.27
4800,601945,3051,3,63.97
4801,601945,3002,3,277.48
4802,601945,3032,3,67.6
4803,601946,3011,2,169.1
4804,601946,3033,4,217.92
4805,601946,3007,2,217.51
4806,601946,3014,5,219.29
4807,601947,3002,2,37.63
4808,601947,3065,5,246.23
4809,601947,3075,5,338.0
4810,601948,3054,1,131.44
4811,601948,3040,4,54.7
4812,601948,3048,1,212.53
4813,601948,3057,2,257.66
4814,601949,3030,5,220.75
4815,601949,3040,4,84.42
4816,601949,3033,2,230.7
4817,601950,3075,4,39.65
4818,601950,3001,3,317.16
4819,601951,3023,4,329.61
4820,601951,3015,4,203.47
4821,601951,3034,2,320.49
4822,601952,3024,4,201.15
4823,601952,3046,5,279.44
4824,601952,3045,1,175.38
4825,601953,3009,5,77.24
4826,601954,3002,2,326.05
4827,601954,3037,2,144.19
4828,601954,3040,4,347.84
4829,601954,3070,2,336.65
4830,601955,3077,5,321.58
4831,601955,3025,4,43.98
4832,601955,3045,3,245.32
4833,601955,3022,3,230.26
4834,601956,3021,4,45.2
4835,601956,3060,3,320.33
4836,601956,3047,2,105.72
4837,601957,3008,5,118.59
4838,601958,3070,2,186.59
4839,601958,3018,1,110.08
4840,601959,3044,1,33.62
4841,601959,3002,1,23.2
4842,601959,3057,1,75.02
4843,601960,3071,1,116.23
4844,601960,3063,1,335.22
4845,601960,3033,5,102.56
4846,601960,3019,5,293.82
4847,601961,3047,5,172.8
4848,601961,3078,4,266.03
4849,601961,3049,5,172.75
4850,601961,3035,3,79.82
4851,601962,3010,4,144.49
4852,601963,3037,3,339.28
4853,601963,3052,4,120.59
4854,601963,3051,4,91.94
4855,601964,3032,1,58.1
4856,601964,3014,5,110.61
4857,601965,3080,5,188.53
4858,601966,3078,4,327.94
4859,601966,3078,1,207.76
4860,601966,3006,4,236.55
4861,601966,3061,4,55.03
4862,601967,3037,5,191.52
4863,601967,3001,1,288.71
4864,601967,3040,4,149.84
4865,601967,3065,3,83.83
4866,601968,3065,4,130.05
4867,601968,3014,4,63.49
4868,601969,3014,2,250.16
4869,601969,3049,3,343.58
4870,601970,3026,2,76.29
4871,601971,3053,5,43.69
4872,601971,3029,2,122.2
4873,601972,3034,3,241.32
4874,601973,3024,2,112.05
4875,601973,3058,3,136.09
4876,601973,3053,5,216.42
4877,601973,3077,4,203.26
4878,601974,3053,4,227.09
4879,601974,3069,2,249.62
4880,601975,3053,3,141.23
4881,601975,3057,5,132.42
4882,601976,3013,5,288.21
4883,601977,3014,2,66.97
4884,601977,3028,4,53.26
4885,601977,3053,1,145.56
4886,601977,3075,1,214.58
4887,601978,3070,5,94.66
4888,601979,3018,4,52.7
4889,601979,3019,3,344.05
4890,601980,3037,2,264.93
4891,601980,3025,4,36.12
4892,601980,3055,3,140.71
4893,601981,3068,2,13.47
4894,601981,3054,4,209.2
4895,601982,3070,1,32.6
4896,601983,3040,3,83.73
4897,601983,3072,5,176.06
4898,601984,3019,3,277.48
4899,601985,3064,1,8.69
4900,601986,3034,4,244.63
4901,601986,3054,5,134.71
4902,601986,3051,1,258.5
4903,601986,3025,2,16.18
4904,601987,3028,1,128.33
4905,601987,3048,3,163.14
4906,601987,3040,5,58.4
4907,601987,3033,3,318.97
4908,601988,3073,4,214.96
4909,601988,3020,5,155.31
4910,601989,3071,1,296.17
4911,601989,3058,3,157.57
4912,601990,3012,5,285.74
4913,601991,3036,1,255.68
4914,601991,3026,3,210.46
4915,601992,3060,5,62.31
4916,601993,3047,3,48.12
4917,601994,3056,1,33.73
4918,601994,3004,5,110.08
4919,601995,3032,1,268.26
4920,601995,3059,5,12.34
4921,601996,3047,1,332.4
4922,601996,3071,2,172.37
4923,601996,3030,4,193.31
4924,601997,3032,5,154.73
4925,601997,3066,2,21.74
4926,601998,3033,5,278.51
4927,601998,3057,2,91.61
4928,601999,3047,5,345.58
4929,601999,3078,4,34.33
4930,601999,3048,1,317.44
4931,602000,3075,5,22.7
4932,602000,3071,5,56.0
4933,602000,3048,5,20.26
4934,602001,3078,1,219.43
4935,602001,3004,2,161.02
4936,602001,3056,5,53.96
4937,602001,3024,5,92.18
4938,602002,3057,2,23.59
4939,602002,3047,4,111.51
4940,602002,3017,5,76.09
4941,602003,3061,2,150.58
4942,602004,3005,5,34.24
4943,602004,3024,1,89.51
4944,602005,3002,5,260.32
4945,602005,3055,5,-48.82
4946,602006,3043,4,133.92
4947,602006,3077,1,239.91
4948,602006,3020,2,250.14
4949,602007,3005,5,6.95
4950,602008,3076,5,296.7
4951,602008,3034,1,328.2
4952,602008,3065,2,211.27
4953,602008,3037,4,315.04
4954,602009,3022,5,11.53
4955,602009,3049,4,114.64
4956,602009,3072,5,62.08
4957,602010,3079,1,190.94
4958,602010,3050,3,140.3
4959,602010,3075,2,210.07
4960,602011,3058,3,143.69
4961,602011,3015,5,270.49
4962,602011,3052,5,199.79
4963,602011,3010,3,99.69
4964,602012,3045,5,272.82
4965,602012,3067,3,44.0
4966,602013,3040,4,127.42
4967,602013,3078,4,141.36
4968,602014,3005,2,306.22
4969,602014,3014,5,102.91
4970,602014,3059,2,295.15
4971,602015,3010,1,341.07
4972,602015,3002,4,22.79
4973,602016,3062,1,217.29
4974,602017,3041,5,339.7
4975,602018,3018,1,250.34
4976,602018,3050,1,239.16
4977,602018,3068,1,186.54
4978,602019,3061,1,38.95
4979,602019,3034,4,155.71
4980,602019,3034,4,100.77
4981,602020,3013,1,247.24
4982,602020,3012,1,164.09
4983,602021,3071,3,9.63
4984,602021,3035,3,242.37
4985,602021,3051,3,165.63
4986,602022,3041,4,282.67
4987,602022,3015,3,112.75
4988,602022,3035,3,297.53
4989,602022,3046,3,29.77
4990,602023,3053,1,104.95
4991,602023,3079,5,240.14
4992,602023,3015,2,264.2
4993,602024,3026,2,71.86
4994,602025,3011,1,324.96
4995,602026,3070,2,70.71
4996,602027,3050,2,152.46
4997,602027,3021,1,8.15
4998,602028,3073,1,264.62
4999,602028,3032,5,57.38
5000,602028,3056,4,89.47
5001,602028,3001,1,194.37
5002,602029,3065,2,319.5
5003,602029,3015,3,126.88
5004,602029,3047,1,173.05
5005,602030,3005,4,150.68
5006,602031,3053,4,340.51
5007,602031,3001,3,29.37
5008,602032,3067,3,214.22
5009,602032,3049,5,8.21
5010,602032,3079,3,253.89
5011,602033,3027,3,14.93
5012,602033,3034,0,89.61
5013,602034,3002,2,232.26
5014,602034,3068,5,201.56
5015,602035,3005,4,191.01
5016,602036,3033,5,235.7
5017,602036,3037,1,222.72
5018,602037,3014,2,314.52
5019,602037,3034,4,64.37
5020,602038,3059,4,333.78
5021,602038,3025,2,201.2
5022,602038,3019,2,217.44
5023,602039,3015,3,188.0
5024,602039,3066,1,231.51
5025,602040,3062,4,15.66
5026,602040,3034,1,185.09
5027,602041,3010,4,56.86
5028,602041,3038,5,210.97
5029,602041,3033,1,163.39
5030,602041,3007,2,144.97
5031,602042,3011,4,93.69
5032,602042,3004,3,317.56
5033,602043,3018,5,75.16
5034,602043,3009,4,31.72
5035,602043,3033,2,182.32
5036,602043,3044,2,244.85
5037,602044,3016,0,308.14
5038,602044,3010,3,44.14
5039,602045,3052,1,236.5
5040,602045,3074,1,199.74
5041,602045,3020,1,286.48
5042,602045,3077,4,143.54
5043,602046,3017,1,205.82
5044,602046,3059,2,320.13
5045,602047,3041,1,201.92
5046,602047,3009,3,107.49
5047,602047,3030,3,301.43
5048,602047,3032,4,32.78
5049,602048,3018,4,17.84
5050,602048,3041,4,93.23
5051,602048,3076,1,127.62
5052,602048,3011,3,223.55
5053,602049,3059,3,191.86
5054,602049,3015,1,294.37
5055,602050,3013,5,207.49
5056,602050,3045,5,201.47
5057,602050,3037,4,336.11
5058,602050,3052,1,66.77
5059,602051,3027,4,36.39
5060,602052,3066,3,11.59
5061,602052,3080,4,41.23
5062,602052,3046,5,160.36
5063,602053,3007,2,281.88
5064,602053,3017,5,297.52
5065,602053,3007,4,216.42
5066,602053,3031,4,24.69
5067,602054,3080,5,223.1
5068,602054,3019,2,289.33
5069,602054,3025,3,203.57
5070,602055,3058,5,248.3
5071,602055,3071,2,184.49
5072,602055,3030,4,289.45
5073,602055,3017,5,313.43
5074,602056,3068,1,221.91
5075,602056,3047,5,291.79
5076,602056,3009,5,26.4
5077,602056,3053,1,193.46
5078,602057,3015,1,166.12
5079,602058,3003,1,297.02
5080,602058,3043,5,114.85
5081,602058,3015,1,265.57
5082,602058,3061,4,122.24
5083,602059,3052,5,152.52
5084,602059,3028,5,226.66
5085,602059,3046,4,126.02
5086,602059,3067,3,98.57
5087,602060,3060,1,72.93
5088,602061,3002,1,179.05
5089,602061,3021,5,330.48
5090,602061,3069,5,120.3
5091,602062,3062,4,317.18
5092,602062,3012,4,59.88
5093,602062,3071,1,141.06
5094,602062,3060,5,208.87
5095,602063,3003,5,185.53
5096,602064,3013,3,190.82
5097,602064,3059,5,310.32
5098,602064,3015,1,92.2
5099,602064,3053,2,40.71
5100,602065,3075,1,79.56
5101,602066,3037,3,244.69
5102,602066,3050,4,276.37
5103,602067,3035,3,147.59
5104,602067,3054,1,319.26
5105,602067,3078,3,103.74
5106,602068,3050,5,308.19
5107,602068,3079,1,27.18
5108,602069,3022,1,200.88
5109,602069,3031,1,268.28
5110,602070,3060,4,232.86
5111,602070,3038,4,166.49
5112,602071,3023,2,251.04
5113,602072,3016,2,301.56
5114,602072,3062,3,231.19
5115,602072,3060,4,-304.37
5116,602072,3079,2,87.16
5117,602073,3007,1,15.42
5118,602073,3019,1,134.13
5119,602073,3012,4,290.52
5120,602074,3074,5,161.69
5121,602074,3054,5,285.66
5122,602075,3049,1,318.24
5123,602075,3032,1,197.78
5124,602075,3045,3,197.89
5125,602076,3011,5,249.6
5126,602076,3032,2,96.06
5127,602077,3020,1,30.43
5128,602077,3070,3,143.95
5129,602078,3009,2,11.25
5130,602079,3068,4,140.12
5131,602079,3004,2,103.69
5132,602080,3013,5,346.17
5133,602080,3059,2,268.65
5134,602081,3057,5,166.05
5135,602081,3042,2,119.63
5136,602081,3013,1,27.43
5137,602081,3005,4,209.19
5138,602082,3036,1,94.87
5139,602082,3079,4,76.92
5140,602082,3074,1,17.06
5141,602082,3055,5,215.18
5142,602083,3068,2,196.85
5143,602084,3053,1,78.13
5144,602084,3043,5,6.32
5145,602085,3072,3,102.8
5146,602086,3044,1,46.02
5147,602087,3058,1,176.47
5148,602088,3046,5,272.05
5149,602088,3041,4,349.33
5150,602088,3078,4,333.75
5151,602088,3017,5,214.16
5152,602089,3063,5,250.14
5153,602089,3001,2,6.03
5154,602090,3026,1,233.9
5155,602091,3045,1,62.74
5156,602091,3004,4,117.08
5157,602091,3025,2,330.73
5158,602092,3009,2,180.89
5159,602093,3050,2,135.16
5160,602093,3070,2,78.93
5161,602093,3008,4,222.1
5162,602094,3077,2,139.14
5163,602095,3064,3,77.63
5164,602095,3071,0,263.43
5165,602096,3013,2,285.26
5166,602096,3004,2,22.88
5167,602096,3008,3,20.04
5168,602097,3032,3,163.52
5169,602098,3076,4,349.82
5170,602099,3037,4,279.79
5171,602099,3047,5,198.25
5172,602099,3069,2,138.74
5173,602100,3054,5,267.03
5174,602101,3079,2,253.4
5175,602101,3016,3,338.69
5176,602101,3071,2,308.87
5177,602101,3073,5,61.94
5178,602102,3047,2,268.82
5179,602102,3029,4,106.07
5180,602102,3017,4,159.73
5181,602102,3025,2,337.44
5182,602103,3026,2,146.69
5183,602103,3039,3,25.0
5184,602103,3077,2,238.38
5185,602103,3012,2,217.82
5186,602104,3017,1,5.52
5187,602104,3039,3,220.07
5188,602104,3066,1,25.43
5189,602105,3072,5,13.11
5190,602105,3060,1,74.4
5191,602106,3067,3,27.46
5192,602106,3022,4,296.0
5193,602107,3022,5,-50.39
5194,602107,3061,1,172.13
5195,602107,3073,5,271.92
5196,602107,3012,5,132.66
5197,602108,3069,0,181.79
5198,602108,3032,5,133.87
5199,602109,3004,1,85.04
5200,602109,3074,1,310.61
5201,602109,3012,5,24.62
5202,602110,3063,3,322.41
5203,602110,3053,5,189.77
5204,602110,3062,2,344.67
5205,602110,3011,4,61.95
5206,602111,3009,5,206.27
5207,602111,3013,4,341.49
5208,602111,3040,1,51.55
5209,602111,3053,3,246.08
5210,602112,3041,1,260.07
5211,602112,3052,3,144.35
5212,602112,3066,5,109.28
5213,602113,3073,1,309.66
5214,602113,3074,3,24.66
5215,602114,3078,2,56.79
5216,602114,3042,0,196.92
5217,602115,3048,4,344.92
5218,602116,3067,4,349.6
5219,602116,3007,5,109.79
5220,602116,3055,2,331.59
5221,602117,3003,2,267.69
5222,602117,3069,4,17.89
5223,602117,3032,5,267.93
5224,602117,3066,1,95.24
5225,602118,3027,4,141.38
5226,602118,3031,5,223.37
5227,602118,3076,1,196.54
5228,602119,3023,3,250.14
5229,602119,3021,2,20.95
5230,602119,3011,3,162.69
5231,602119,3033,1,73.04
5232,602120,3049,2,295.12
5233,602120,3074,5,256.34
5234,602121,3021,2,337.86
5235,602121,3031,3,236.66
5236,602122,3069,5,115.47
5237,602122,3058,1,87.22
5238,602122,3032,5,67.8
5239,602123,3004,1,162.09
5240,602123,3025,4,203.13
5241,602124,3060,2,235.17
5242,602124,3045,2,54.0
5243,602125,3008,1,168.37
5244,602125,3035,2,109.58
5245,602125,3037,5,130.99
5246,602126,3043,3,239.88
5247,602126,3076,2,77.26
5248,602127,3044,2,283.71
5249,602127,3002,4,164.09
5250,602128,3074,5,46.53
5251,602128,3043,3,138.41
5252,602128,3067,4,253.63
5253,602129,3009,2,57.75
5254,602129,3060,1,176.12
5255,602130,3046,4,270.69
5256,602131,3024,3,181.53
5257,602132,3006,3,36.15
5258,602133,3024,1,206.53
5259,602133,3012,2,280.48
5260,602133,3001,4,251.3
5261,602134,3028,2,100.93
5262,602135,3056,4,65.94
5263,602136,3014,2,22.17
5264,602136,3026,3,18.04
5265,602137,3020,5,60.16
5266,602137,3008,5,230.69
5267,602137,3010,2,77.72
5268,602137,3023,1,185.32
5269,602138,3061,5,185.14
5270,602138,3005,3,241.98
5271,602138,3063,4,337.07
5272,602139,3062,1,88.83
5273,602139,3019,2,294.4
5274,602139,3005,4,332.4
5275,602139,3069,1,206.69
5276,602140,3024,5,21.95
5277,602140,3015,1,199.52
5278,602140,3038,4,128.24
5279,602140,3026,4,76.56
5280,602141,3039,1,157.49
5281,602141,3055,1,53.06
5282,602142,3015,2,208.4
5283,602142,3049,5,91.95
5284,602142,3062,4,117.16
5285,602143,3078,5,235.0
5286,602143,3008,3,40.28
5287,602143,3071,3,256.01
5288,602143,3078,5,245.37
5289,602144,3011,1,325.08
5290,602145,3004,1,280.12
5291,602145,3009,1,111.51
5292,602145,3018,3,64.75
5293,602145,3052,2,73.92
5294,602146,3052,5,166.49
5295,602146,3030,5,142.84
5296,602146,3027,5,228.06
5297,602147,3014,3,101.35
5298,602147,3007,5,171.29
5299,602147,3074,3,38.21
5300,602147,3012,4,218.93
5301,602148,3032,2,20.75
5302,602149,3017,2,116.98
5303,602150,3005,2,84.89
5304,602150,3020,3,343.13
5305,602150,3002,1,260.24
5306,602150,3007,2,193.11
5307,602151,3014,2,72.02
5308,602151,3016,4,311.97
5309,602151,3031,3,217.3
5310,602152,3062,2,161.35
5311,602152,3059,4,192.11
5312,602152,3015,2,180.71
5313,602153,3022,5,62.38
5314,602153,3063,2,208.21
5315,602153,3072,0,343.81
5316,602153,3016,4,299.63
5317,602154,3052,4,186.49
5318,602155,3064,2,108.37
5319,602155,3007,1,317.59
5320,602156,3018,5,289.13
5321,602156,3069,3,180.78
5322,602156,3053,5,118.62
5323,602157,3059,1,136.19
5324,602158,3065,2,170.61
5325,602158,3029,1,219.96
5326,602158,3036,3,187.11
5327,602159,3005,1,17.64
5328,602160,3042,3,169.11
5329,602160,3024,2,217.4
5330,602161,3053,3,147.27
5331,602162,3078,5,31.7
5332,602162,9999,3,254.59
5333,602162,3071,4,161.51
5334,602162,3023,1,240.63
5335,602163,3007,3,216.47
5336,602163,3054,5,327.02
5337,602163,3008,5,85.3
5338,602163,3077,4,81.68
5339,602164,3071,4,313.45
5340,602164,3054,3,118.25
5341,602164,3057,3,165.51
5342,602165,3038,0,82.7
5343,602165,3071,5,347.39
5344,602165,3047,1,299.07
5345,602165,3025,5,146.36
5346,602166,3033,4,48.51
5347,602167,3004,5,23.35
5348,602167,3014,2,89.23
5349,602167,3072,2,105.7
5350,602167,3052,1,58.58
5351,602168,3046,4,116.4
5352,602168,3030,4,162.74
5353,602168,3021,3,47.16
5354,602169,3059,3,334.12
5355,602169,3015,1,312.86
5356,602170,3020,2,298.85
5357,602170,3073,3,348.24
5358,602170,3035,4,231.87
5359,602170,3069,5,271.89
5360,602171,3043,2,90.86
5361,602171,3041,1,167.07
5362,602171,3062,3,315.47
5363,602172,3045,4,128.59
5364,602172,3036,3,341.9
5365,602173,3045,1,136.5
5366,602174,3021,1,318.17
5367,602175,3066,4,15.01
5368,602175,3077,3,297.54
5369,602176,3056,3,80.57
5370,602176,3053,0,249.14
5371,602176,3055,2,58.86
5372,602177,3049,4,294.0
5373,602177,3070,1,318.25
5374,602177,3070,3,131.62
5375,602177,3037,4,333.11
5376,602178,3080,2,268.35
5377,602179,3007,2,15.53
5378,602179,3032,1,140.34
5379,602179,3046,3,87.68
5380,602179,3026,5,24.36
5381,602180,3001,3,88.21
5382,602181,3013,4,126.27
5383,602181,3079,5,268.76
5384,602181,3028,1,40.35
5385,602181,3030,5,342.82
5386,602182,3034,5,95.48
5387,602182,3048,4,257.38
5388,602182,3063,1,216.07
5389,602182,3005,5,240.72
5390,602183,3077,5,344.18
5391,602183,3071,5,118.87
5392,602183,3049,4,8.16
5393,602183,3050,3,348.48
5394,602184,3002,5,247.24
5395,602184,3059,1,292.19
5396,602184,3029,2,126.94
5397,602185,3077,4,336.86
5398,602185,3034,1,121.81
5399,602186,3069,3,130.0
5400,602186,3008,4,293.03
5401,602187,3047,4,56.64
5402,602188,3018,4,342.17
5403,602188,3017,1,296.16
5404,602189,3048,3,317.14
5405,602189,3074,3,284.66
5406,602189,3062,3,143.55
5407,602189,3044,4,121.02
5408,602190,3043,2,252.91
5409,602191,3041,2,330.99
5410,602192,3022,4,154.59
5411,602192,3068,4,260.31
5412,602192,3025,5,321.35
5413,602193,3007,5,231.22
5414,602194,3075,1,57.57
5415,602194,3003,5,117.48
5416,602194,3012,4,22.2
5417,602195,3023,2,310.57
5418,602195,3025,2,-106.42
5419,602196,3056,1,308.47
5420,602196,3047,3,92.44
5421,602196,3003,2,332.13
5422,602197,3057,1,337.76
5423,602197,3079,1,193.13
5424,602197,3017,5,341.72
5425,602198,3013,4,267.1
5426,602198,3055,1,31.15
5427,602198,3072,5,261.3
5428,602199,3070,3,280.32
5429,602199,3035,4,192.65
5430,602200,3055,1,226.64
5431,602201,3029,2,319.22
5432,602201,3052,4,102.95
5433,602202,3052,3,206.79
5434,602202,3018,4,58.5
5435,602202,3029,4,168.28
5436,602202,3040,1,339.56
5437,602203,3062,4,182.26
5438,602203,3034,3,253.21
5439,602203,3070,5,132.61
5440,602203,3004,3,108.69
5441,602204,3009,5,301.1
5442,602205,3032,3,202.84
5443,602206,3006,5,107.74
5444,602206,3043,5,347.52
5445,602206,3003,4,267.41
5446,602207,3040,2,47.13
5447,602208,3077,1,282.42
5448,602208,3069,5,37.34
5449,602208,3077,3,165.47
5450,602208,3036,1,213.26
5451,602209,3002,2,60.93
5452,602210,3018,4,304.28
5453,602210,3031,2,118.75
5454,602211,3015,4,232.21
5455,602212,3070,1,274.2
5456,602213,3043,4,225.32
5457,602214,3026,5,128.67
5458,602214,3025,2,334.66
5459,602214,3008,2,326.98
5460,602214,3059,5,211.69
5461,602215,3033,5,183.48
5462,602215,3015,1,26.57
5463,602215,3060,2,290.09
5464,602216,3003,1,121.35
5465,602217,3034,4,327.19
5466,602217,3018,4,48.86
5467,602217,3078,5,87.31
5468,602218,3009,2,291.36
5469,602218,3074,2,292.93
5470,602218,3011,1,84.8
5471,602218,3075,2,65.65
5472,602219,3051,1,246.56
5473,602220,3043,1,174.09
5474,602220,3013,3,190.17
5475,602220,3057,4,78.44
5476,602221,3062,5,301.79
5477,602221,3007,5,72.47
5478,602222,3057,1,99.33
5479,602223,3044,4,25.8
5480,602223,3004,5,257.07
5481,602224,3044,1,203.33
5482,602225,3078,3,118.71
5483,602225,3067,1,163.52
5484,602225,3060,3,251.71
5485,602226,3019,4,218.79
5486,602226,3064,4,320.42
5487,602226,3030,1,275.81
5488,602227,3068,2,22.17
5489,602227,3078,2,191.51
5490,602227,3029,3,248.58
5491,602228,3022,2,254.69
5492,602228,3040,1,77.36
5493,602228,3025,4,218.76
5494,602229,3014,1,341.81
5495,602229,3069,5,38.15
5496,602229,3016,3,248.6
5497,602229,3019,1,329.15
5498,602230,3060,3,290.06
5499,602230,3006,5,43.7
5500,602231,3075,5,124.06
5501,602231,3008,2,66.55
5502,602232,3039,5,314.43
5503,602233,3008,4,298.61
5504,602234,3063,4,142.96
5505,602234,3006,2,270.27
5506,602234,3008,1,238.59
5507,602235,3017,4,85.8
5508,602236,3056,2,52.43
5509,602236,3077,5,220.69
5510,602236,3067,2,183.73
5511,602237,3040,5,116.7
5512,602238,3080,5,154.89
5513,602238,3025,5,151.86
5514,602238,3007,5,26.07
5515,602239,3051,2,214.21
5516,602239,3007,3,329.92
5517,602240,3053,5,114.44
5518,602240,3012,4,330.89
5519,602241,3046,4,158.86
5520,602241,3066,3,123.78
5521,602241,3077,2,248.86
5522,602241,3057,5,35.78
5523,602242,3001,3,322.44
5524,602243,3019,1,178.31
5525,602243,3042,3,278.82
5526,602244,3035,2,324.31
5527,602244,3069,3,152.25
5528,602245,3072,4,265.43
5529,602245,3041,2,290.06
5530,602245,3041,2,215.6
5531,602246,3006,3,308.63
5532,602246,3070,5,341.39
5533,602247,3072,5,302.83
5534,602247,3051,2,61.21
5535,602247,3020,5,202.76
5536,602247,3004,2,290.97
5537,602248,3037,4,140.6
5538,602248,3019,4,60.08
5539,602248,3060,5,254.85
5540,602249,3062,5,20.68
5541,602249,3001,3,165.43
5542,602249,3056,1,196.94
5543,602249,3036,4,42.99
5544,602250,3011,3,65.99
5545,602250,3009,5,36.37
5546,602251,3060,4,131.92
5547,602251,3065,3,114.65
5548,602251,3001,4,88.21
5549,602251,3037,2,334.16
5550,602252,3071,2,348.65
5551,602253,3020,2,103.29
5552,602253,3004,1,64.6
5553,602253,3032,3,107.24
5554,602254,3075,1,57.2
5555,602255,3080,5,336.5
5556,602255,3050,5,310.26
5557,602255,3030,3,338.77
5558,602256,9999,3,94.9
5559,602256,3077,5,101.39
5560,602257,3069,4,161.73
5561,602257,3053,1,337.82
5562,602258,3076,5,36.55
5563,602258,3046,3,273.8
5564,602258,3067,1,251.12
5565,602258,3008,2,41.6
5566,602259,3029,5,91.89
5567,602260,3021,4,167.4
5568,602260,3044,1,341.59
5569,602260,3079,4,110.48
5570,602260,3053,2,169.75
5571,602261,3026,1,156.91
5572,602261,3012,4,328.92
5573,602262,3012,1,118.51
5574,602262,3009,2,81.62
5575,602263,3049,5,176.55
5576,602263,3043,1,258.69
5577,602263,3064,2,313.46
5578,602264,3009,2,179.63
5579,602265,3057,3,249.86
5580,602265,3077,3,139.31
5581,602266,3017,3,153.26
5582,602267,9999,1,51.91
5583,602267,3058,4,218.59
5584,602267,3032,3,205.6
5585,602267,3049,4,23.97
5586,602268,3051,0,299.56
5587,602268,3061,3,312.42
5588,602269,3011,1,90.36
5589,602269,3066,4,55.69
5590,602269,3062,4,294.2
5591,602269,3071,2,28.12
5592,602270,3061,1,162.34
5593,602270,3044,1,35.73
5594,602270,3031,3,308.53
5595,602270,3051,1,138.21
5596,602271,3045,1,272.17
5597,602271,3002,2,131.41
5598,602272,3010,1,67.12
5599,602273,3035,4,308.59
5600,602274,3001,4,226.28
5601,602274,3037,1,286.34
5602,602275,3014,2,234.59
5603,602275,3034,2,202.96
5604,602275,3059,4,95.42
5605,602275,3012,5,298.35
5606,602276,3036,5,288.9
5607,602276,3054,5,140.89
5608,602276,3019,5,11.44
5609,602277,3067,5,281.74
5610,602277,3002,5,85.85
5611,602278,3011,3,101.45
5612,602278,3059,5,336.11
5613,602278,3067,2,102.17
5614,602279,3068,1,224.68
5615,602279,3057,5,23.28
5616,602279,3057,2,236.49
5617,602280,3059,3,123.5
5618,602281,3028,1,220.21
5619,602282,3070,5,97.11
5620,602282,3075,1,16.18
5621,602282,3009,3,187.75
5622,602282,3071,5,265.17
5623,602283,3062,2,193.76
5624,602284,3032,1,163.73
5625,602284,3024,5,194.01
5626,602284,3070,5,124.75
5627,602284,3073,5,229.48
5628,602285,3029,2,71.42
5629,602285,3018,5,190.44
5630,602285,3080,1,54.29
5631,602285,3067,5,347.52
5632,602286,3075,4,93.58
5633,602286,3032,2,218.3
5634,602286,3024,5,178.56
5635,602286,3052,5,42.6
5636,602287,3070,3,181.55
5637,602287,3027,4,52.85
5638,602287,3051,3,198.2
5639,602287,3005,4,255.06
5640,602288,3050,5,244.51
5641,602288,3062,2,93.21
5642,602288,3050,4,242.75
5643,602288,3006,5,225.35
5644,602289,3009,3,261.5
5645,602289,3038,1,114.26
5646,602289,3005,1,107.66
5647,602289,3042,4,313.32
5648,602290,3076,5,313.84
5649,602290,3039,2,30.46
5650,602290,3040,1,194.55
5651,602290,3038,2,268.96
5652,602291,3073,4,105.4
5653,602292,3036,4,45.12
5654,602293,3013,3,220.42
5655,602294,3019,5,33.54
5656,602295,3023,5,254.99
5657,602296,3001,3,115.79
5658,602296,3072,4,123.23
5659,602296,3024,2,221.75
5660,602296,3011,3,98.63
5661,602297,3062,3,241.49
5662,602297,3009,1,40.46
5663,602297,3073,2,241.01
5664,602298,3080,1,23.93
5665,602299,3001,4,270.27
5666,602300,3023,2,284.1
5667,602300,3064,5,193.32
5668,602300,3052,2,306.4
5669,602300,3052,4,109.59
5670,602301,3004,3,213.95
5671,602302,3050,4,106.53
5672,602303,3067,5,304.02
5673,602303,3049,1,96.62
5674,602304,3049,5,173.76
5675,602304,3044,2,242.22
5676,602304,3008,2,168.39
5677,602305,3009,1,39.91
5678,602305,3019,5,99.59
5679,602305,3048,1,119.91
5680,602306,3021,4,239.9
5681,602306,3072,1,326.28
5682,602307,3038,5,62.83
5683,602307,3077,5,-264.68
5684,602307,3077,4,31.4
5685,602308,3035,1,348.49
5686,602308,3030,2,70.84
5687,602308,3010,3,228.31
5688,602309,3061,1,66.63
5689,602309,3034,5,283.47
5690,602310,3006,1,97.46
5691,602311,3010,1,164.57
5692,602311,3067,1,187.7
5693,602311,3027,3,149.01
5694,602311,3040,4,165.53
5695,602312,3055,1,32.53
5696,602312,3052,5,333.58
5697,602312,9999,3,321.41
5698,602312,3052,2,275.97
5699,602313,3008,1,176.6
5700,602313,3069,1,293.46
5701,602314,3053,5,31.35
5702,602315,3053,1,43.81
5703,602315,3034,4,233.8
5704,602315,3057,4,100.0
5705,602316,3072,3,80.4
5706,602317,3007,1,230.97
5707,602317,3073,5,313.04
5708,602318,3034,1,154.78
5709,602318,3074,1,346.68
5710,602318,3078,2,97.54
5711,602319,3051,4,207.37
5712,602319,3003,1,193.5
5713,602320,3004,4,245.03
5714,602320,3012,1,209.49
5715,602321,3003,1,103.55
5716,602321,3002,3,69.83
5717,602321,3052,5,297.33
5718,602321,3058,1,301.56
5719,602322,3070,1,282.14
5720,602322,3007,4,160.91
5721,602322,3009,2,97.13
5722,602323,3069,4,243.83
5723,602324,3006,3,303.42
5724,602324,3077,5,74.67
5725,602324,3002,2,193.19
5726,602324,3062,3,347.02
5727,602325,3022,5,179.98
5728,602325,3060,5,39.8
5729,602326,3027,3,117.96
5730,602326,3064,5,243.38
5731,602327,3001,5,63.03
5732,602327,3004,4,335.53
5733,602327,3052,3,142.28
5734,602327,3070,1,200.16
5735,602328,3059,4,128.09
5736,602329,3040,4,195.55
5737,602329,3005,5,232.54
5738,602329,3070,2,224.36
5739,602330,3055,2,322.49
5740,602330,3075,2,304.9
5741,602331,3030,1,156.08
5742,602331,3028,3,199.48
5743,602331,3056,2,103.16
5744,602332,3027,5,310.86
5745,602332,3026,4,316.47
5746,602332,3056,5,269.87
5747,602333,3048,2,17.65
5748,602333,3038,1,242.85
5749,602333,3025,1,195.87
5750,602334,3007,4,81.02
5751,602334,3007,4,340.21
5752,602334,3077,3,295.57
5753,602335,3070,1,347.6
5754,602335,3049,3,15.0
5755,602336,3017,1,94.06
5756,602336,3073,5,23.71
5757,602336,3009,2,246.54
5758,602337,3066,1,257.4
5759,602338,3019,1,18.57
5760,602338,3013,1,71.39
5761,602338,3052,1,204.81
5762,602338,3049,3,310.8
5763,602339,3005,5,58.31
5764,602340,3061,1,258.35
5765,602341,3055,0,51.46
5766,602341,3074,1,302.9
5767,602341,3048,1,145.93
5768,602341,3045,3,346.9
5769,602342,3042,0,279.22
5770,999999,3003,1,63.56
5771,602344,3055,3,106.3
5772,602344,3029,5,74.89
5773,602344,3015,1,280.73
5774,602345,3071,5,37.21
5775,602345,3058,5,50.35
5776,602345,3027,1,31.15
5777,602346,3066,5,65.67
5778,602346,3061,3,120.27
5779,602346,3018,4,134.09
5780,602347,3023,1,262.24
5781,602347,3062,1,97.13
5782,602347,3030,4,227.73
5783,602348,3028,3,341.77
5784,602348,3056,4,48.04
5785,602349,3062,5,155.35
5786,602349,3076,2,24.58
5787,602349,3072,4,29.4
5788,602349,3071,1,46.65
5789,602350,3053,4,297.43
5790,602350,3080,1,300.81
5791,602350,3021,3,126.75
5792,602351,3071,2,136.25
5793,602352,3075,1,201.13
5794,602352,3065,2,86.12
5795,602352,3051,1,345.88
5796,602353,3079,2,134.64
5797,602354,3027,4,316.42
5798,602354,3066,5,49.47
5799,602354,3002,3,267.9
5800,602355,3003,2,271.13
5801,602355,3017,3,57.54
5802,602355,3026,3,31.68
5803,602355,3062,3,155.83
5804,602356,3065,1,133.34
5805,602357,3053,2,314.67
5806,602357,3003,5,161.61
5807,602358,3077,3,79.52
5808,602358,3041,5,198.25
5809,602359,3021,4,340.97
5810,602359,3078,1,224.77
5811,602359,3009,4,147.02
5812,602360,3037,1,231.08
5813,602361,3057,5,180.26
5814,602361,3032,1,222.57
5815,602361,3011,3,228.71
5816,602361,3010,3,227.05
5817,602362,3062,3,16.13
5818,602362,3057,4,110.45
5819,602362,3071,1,308.05
5820,602363,3069,5,81.21
5821,602363,3067,4,342.31
5822,602364,3050,5,274.47
5823,602365,3036,3,241.73
5824,602366,3027,5,339.16
5825,602367,3042,5,11.18
5826,602367,3052,5,227.26
5827,602368,3015,2,108.4
5828,602369,3020,3,326.71
5829,602369,3080,5,335.41
5830,602369,3058,5,27.84
5831,602370,3039,4,36.02
5832,602370,3068,3,20.99
5833,602370,3011,0,168.33
5834,602370,3011,1,67.38
5835,602371,3006,2,87.45
5836,602371,3060,1,213.39
5837,602371,3078,1,108.35
5838,602372,3064,5,33.73
5839,602372,3075,5,122.24
5840,602372,3025,5,314.96
5841,602373,3061,4,139.22
5842,602374,3023,5,324.38
5843,602375,3076,3,219.15
5844,602376,3074,3,161.81
5845,602376,3020,4,299.14
5846,602377,3024,2,184.66
5847,602377,3025,1,325.66
5848,602378,3047,4,238.49
5849,602378,3056,3,20.62
5850,602378,3064,1,187.64
5851,602379,3025,3,133.42
5852,602379,3070,2,120.63
5853,602380,3011,5,85.57
5854,602381,3071,1,203.66
5855,602381,3056,4,328.51
5856,602381,3009,1,117.45
5857,602382,3042,3,191.9
5858,602382,3041,5,220.94
5859,602383,3040,2,273.42
5860,602384,3049,3,144.85
5861,602384,3051,2,149.13
5862,602385,3025,3,183.29
5863,602385,3066,1,180.02
5864,602385,3028,2,125.35
5865,602386,3075,1,157.27
5866,602386,3061,4,207.86
5867,602386,3045,2,267.79
5868,602386,3061,4,246.18
5869,602387,3049,3,114.89
5870,602387,3037,2,141.46
5871,602388,3014,3,278.83
5872,602388,3029,1,196.29
5873,602389,3073,3,20.42
5874,602390,3061,5,75.85
5875,602391,3040,5,262.41
5876,602392,3035,2,316.63
5877,602392,3001,4,138.92
5878,602392,3044,2,348.5
5879,602393,3049,4,195.36
5880,602393,3042,5,118.76
5881,602394,3051,1,93.28
5882,602395,3001,1,277.39
5883,602395,3014,3,67.87
5884,602395,3077,5,76.32
5885,602395,3050,3,349.41
5886,602396,3026,4,263.12
5887,602396,3067,2,104.34
5888,602396,3037,4,143.65
5889,602397,3038,4,84.85
5890,602397,3041,5,143.38
5891,602398,3069,5,291.65
5892,602398,3026,2,214.25
5893,602399,3020,4,25.34
5894,602399,3042,1,173.75
5895,602400,3045,2,298.08
5896,602401,3045,3,337.3
5897,602401,3019,5,343.13
5898,602401,3069,4,52.54
5899,602401,3065,4,92.1
5900,602402,3026,5,261.43
5901,602403,3034,2,344.65
5902,602404,3023,5,297.39
5903,602404,3073,4,8.62
5904,602404,3051,4,198.26
5905,602404,3042,5,30.75
5906,602405,3024,3,338.73
5907,602405,3018,5,327.42
5908,602405,3069,4,12.93
5909,602405,3017,1,310.4
5910,602406,3077,3,265.81
5911,602407,9999,1,102.6
5912,602407,3029,4,185.72
5913,602408,3053,5,102.82
5914,602408,3076,4,181.89
5915,602408,3062,5,112.01
5916,602409,3026,4,27.86
5917,602410,3015,4,181.96
5918,602411,3029,5,341.68
5919,602411,3028,3,240.74
5920,602411,3074,2,173.92
5921,602411,3013,5,42.48
5922,602412,3079,3,225.24
5923,602413,3068,3,157.72
5924,602413,3034,1,121.22
5925,602413,3067,4,301.66
5926,602414,3029,5,55.87
5927,602414,3023,3,69.19
5928,602414,3009,4,112.39
5929,602415,3039,5,249.39
5930,602416,3045,5,25.7
5931,602417,3017,1,74.08
5932,602417,3011,5,179.96
5933,602418,3067,1,161.39
5934,602418,3063,3,185.03
5935,602418,3047,5,200.82
5936,602419,3070,4,292.01
5937,602419,3060,4,196.7
5938,602419,3025,2,-192.61
5939,602419,3068,2,45.26
5940,602420,3033,4,101.61
5941,602420,3005,0,218.79
5942,602421,3022,2,97.14
5943,602422,3031,3,143.61
5944,602422,3066,1,323.88
5945,602422,3027,3,315.31
5946,602423,3021,2,306.4
5947,602424,3059,2,117.67
5948,602424,3073,5,197.23
5949,602424,3042,2,59.7
5950,602425,3016,3,291.17
5951,602426,3066,1,335.95
5952,602426,3070,5,159.67
5953,602426,3024,5,296.14
5954,602427,3070,4,104.78
5955,602428,3013,2,16.67
5956,602429,3062,0,347.25
5957,602429,3033,2,72.23
5958,602430,3032,5,230.82
5959,602430,3008,1,312.94
5960,602430,3029,3,320.04
5961,602431,3058,2,324.82
5962,602431,3073,5,126.36
5963,602431,3033,2,310.32
5964,602432,3025,1,147.84
5965,602433,3033,5,67.3
5966,602434,3078,4,235.86
5967,602435,3072,3,285.52
5968,602435,3006,1,15.09
5969,602436,3005,3,122.86
5970,602436,3063,1,191.68
5971,602436,3041,1,159.5
5972,602436,3028,5,40.43
5973,602437,3079,3,160.65
5974,602437,3018,1,229.12
5975,602438,3016,5,217.95
5976,602439,3075,2,193.99
5977,602439,3012,4,75.33
5978,602439,3070,4,248.71
5979,602439,3080,2,21.94
5980,602440,3072,1,330.65
5981,602440,3025,3,154.51
5982,602441,3047,4,-301.27
5983,602441,3023,3,164.9
5984,602442,3021,4,22.7
5985,602442,3051,4,263.34
5986,602442,3047,2,144.38
5987,602443,3018,2,20.72
5988,602443,3021,4,63.16
5989,602443,3075,3,240.37
5990,602443,3060,3,294.96
5991,602444,3021,2,97.13
5992,602444,3062,0,18.43
5993,602445,3035,5,17.31
5994,602445,3080,4,193.37
5995,602445,3077,5,158.92
5996,602446,3059,5,135.64
5997,602446,3067,1,230.23
5998,602446,3037,2,260.72
5999,602446,3061,2,259.44
6000,602447,3013,2,199.25
6001,602448,3074,4,260.87
6002,602448,3018,4,104.51
6003,602448,3039,1,181.95
6004,602448,3022,5,81.2
6005,602449,3078,2,136.87
6006,602449,3068,3,173.94
6007,602449,3048,4,335.73
6008,602449,3029,5,280.5
6009,602450,3052,4,62.07
6010,602450,3057,5,257.94
6011,602450,3006,2,131.93
6012,602451,3010,1,10.06
6013,602451,3020,5,98.53
6014,602451,3039,4,131.9
6015,602452,3075,2,77.51
6016,602453,3052,3,253.88
6017,602453,3073,3,97.16
6018,602453,3033,5,208.15
6019,602454,3031,3,306.83
6020,602454,3010,1,160.66
6021,602454,3072,2,243.86
6022,602455,3054,3,233.64
6023,602456,3052,5,249.16
6024,602457,3035,2,29.22
6025,602457,3006,1,270.25
6026,602458,3071,5,223.21
6027,602458,3058,2,176.9
6028,602458,3025,3,284.23
6029,602459,3016,1,239.52
6030,602460,3032,1,244.18
6031,602460,3074,5,90.7
6032,602461,3070,5,278.51
6033,602461,3017,1,185.58
6034,602462,3041,5,226.4
6035,602462,3034,5,67.91
6036,602462,3058,4,78.74
6037,602462,3003,2,122.81
6038,602463,3043,2,76.73
6039,602463,3072,1,65.02
6040,602463,3006,1,263.23
6041,602463,3079,1,10.6
6042,602464,3036,4,150.82
6043,602464,3032,4,44.18
6044,602465,3054,5,248.18
6045,602465,3019,5,254.27
6046,602466,3051,4,185.78
6047,602467,3020,1,22.58
6048,602468,3060,4,6.97
6049,602468,3058,2,49.49
6050,602468,3023,5,58.01
6051,602469,3065,3,210.72
6052,602469,3039,1,22.47
6053,602469,3056,2,287.64
6054,602470,3003,1,282.68
6055,602470,3042,5,337.69
6056,602471,3003,2,281.4
6057,602472,3051,5,254.06
6058,602472,3026,4,300.92
6059,602473,3022,2,298.49
6060,602473,3044,3,140.72
6061,602474,3005,5,219.14
6062,602475,3013,1,35.2
6063,602475,3050,5,340.46
6064,602475,3004,5,155.38
6065,602476,3029,2,348.35
6066,602476,3031,4,64.84
6067,602477,3012,3,199.73
6068,602477,3067,2,259.47
6069,602477,3050,1,28.12
6070,602478,3078,2,228.79
6071,602478,3009,1,232.58
6072,602478,3027,3,282.47
6073,602478,3007,1,122.06
6074,602479,3080,2,103.28
6075,602479,3073,3,345.15
6076,602480,3072,1,200.88
6077,602480,3038,1,266.57
6078,602480,3006,2,54.47
6079,602480,3064,1,301.6
6080,602481,3005,5,297.21
6081,602482,3030,2,191.03
6082,602482,3050,4,45.65
6083,602482,3012,3,108.67
6084,602482,3042,4,113.64
6085,602483,3056,2,190.22
6086,602483,3015,3,166.53
6087,602483,3003,4,315.06
6088,602484,3018,4,180.64
6089,602484,3076,1,285.6
6090,602485,3061,2,332.62
6091,602485,3061,1,252.07
6092,602486,3022,5,160.8
6093,602486,3019,3,322.05
6094,602487,3052,4,83.35
6095,602487,3053,3,170.44
6096,602487,3070,3,336.52
6097,602487,3074,5,255.67
6098,602488,3068,3,27.73
6099,602488,3040,1,102.01
6100,602489,3004,2,76.07
6101,602490,3017,5,219.09
6102,602490,3018,1,348.14
6103,602490,3067,5,308.94
6104,602490,3017,5,20.55
6105,602491,3017,4,102.81
6106,602491,3001,1,237.36
6107,602491,3055,4,68.45
6108,602492,3011,2,313.25
6109,602493,3078,2,215.94
6110,602493,3033,2,324.74
6111,602493,3058,5,133.11
6112,602493,3059,3,144.94
6113,602494,3040,1,254.33
6114,602495,3074,3,14.67
6115,602496,3015,4,309.24
6116,602496,3050,4,146.06
6117,602497,3029,1,119.36
6118,602497,3034,3,143.83
6119,602497,3051,3,106.45
6120,602498,3004,3,228.96
6121,602499,3077,5,176.37
6122,602499,3062,5,148.37
6123,602499,3062,5,196.68
6124,602500,3013,2,53.9
6125,602500,3069,5,164.37
6126,602500,3002,1,109.0
6127,602501,3011,4,176.0
6128,602501,3009,1,349.45
6129,602502,3037,1,64.9
6130,602503,3046,4,347.03
6131,602503,3015,1,104.21
6132,602503,3029,5,84.48
6133,602503,3007,4,7.04
6134,602504,3058,3,35.83
6135,602504,3040,4,9.63
6136,602505,3015,2,208.21
6137,602505,3027,5,7.54
6138,602505,3054,2,298.22
6139,602505,3042,3,306.27
6140,602506,3002,4,132.8
6141,602507,3070,5,345.35
6142,602508,3037,1,7.92
6143,602508,3066,1,189.02
6144,602508,3080,1,142.24
6145,602509,3032,4,67.03
6146,602509,3060,1,54.61
6147,602510,3072,5,179.6
6148,602510,3066,2,49.49
6149,602510,3064,3,116.83
6150,602510,3036,1,206.67
6151,602511,3053,2,311.43
6152,602511,3040,5,261.07
6153,602511,3030,3,220.86
6154,602512,3007,4,339.73
6155,602512,3031,4,82.67
6156,602513,3011,2,60.14
6157,602513,3056,1,10.96
6158,602514,3004,1,186.93
6159,602515,3037,5,37.98
6160,602516,3063,2,8.68
6161,602516,3063,5,49.26
6162,602516,3003,1,128.77
6163,602516,3044,3,325.2
6164,602517,3019,3,349.31
6165,602517,3071,5,229.81
6166,602517,3058,4,336.57
6167,602517,3030,3,13.5
6168,602518,3006,4,287.88
6169,602518,3063,3,329.0
6170,602519,3005,2,33.57
6171,602520,3010,4,293.36
6172,602520,3055,1,9.6
6173,602521,3043,2,6.38
6174,602521,3025,4,71.86
6175,602522,3055,1,65.18
6176,602523,3037,3,223.8
6177,602523,3024,0,288.99
6178,602524,3032,5,46.87
6179,602525,3079,4,325.71
6180,602525,3008,3,308.92
6181,602525,3064,5,307.97
6182,602526,3071,1,294.5
6183,602526,3061,5,343.5
6184,602526,3058,1,204.08
6185,602526,3005,4,176.29
6186,602527,3013,3,72.5
6187,602527,3001,2,87.18
6188,602527,3079,1,148.13
6189,602528,3074,3,75.37
6190,602528,3024,1,85.53
6191,602528,3063,4,331.1
6192,602528,3010,1,37.13
6193,602529,3065,2,327.13
6194,602529,3079,3,327.95
6195,602529,3079,1,98.9
6196,602530,3040,4,78.33
6197,602530,3056,2,218.1
6198,602530,3061,1,264.81
6199,602531,3003,2,293.88
6200,602531,3054,4,202.47
6201,602531,3002,3,152.0
6202,602532,3069,4,199.26
6203,602532,3020,0,142.92
6204,602532,3021,4,137.87
6205,602532,3022,3,220.03
6206,602533,3051,4,167.4
6207,602534,3065,3,222.78
6208,602534,3062,3,274.19
6209,602534,3075,4,324.74
6210,602535,3058,5,98.11
6211,602535,3073,2,247.35
6212,602535,3022,4,233.56
6213,602536,3070,5,238.56
6214,602536,3004,4,288.62
6215,602536,3028,3,265.6
6216,602537,3078,2,22.21
6217,602537,3070,3,262.36
6218,602537,3033,5,159.24
6219,602537,3040,3,324.14
6220,602538,3057,2,277.78
6221,602538,3023,4,207.87
6222,602538,3007,4,197.71
6223,602539,3034,1,76.79
6224,602539,3011,1,47.38
6225,602539,3079,5,279.54
6226,602539,3046,4,105.47
6227,602540,3067,5,101.24
6228,602540,3075,3,302.45
6229,602540,3002,3,47.5
6230,602540,3031,4,317.0
6231,602541,3063,4,54.33
6232,602541,3036,5,335.2
6233,602542,3043,5,71.43
6234,602542,3054,3,310.04
6235,602542,3001,4,280.52
6236,602543,3058,4,327.06
6237,602544,3055,5,317.95
6238,602544,3056,1,99.89
6239,602545,3014,3,68.82
6240,602545,3051,5,166.35
6241,602545,3079,4,226.1
6242,602546,3079,2,163.5
6243,602547,3034,1,223.63
6244,602547,3017,4,215.34
6245,602547,3002,2,326.85
6246,602547,3067,5,296.27
6247,602548,3010,5,291.38
6248,602548,3031,4,240.66
6249,602548,3038,4,22.11
6250,602549,3073,1,145.4
6251,602549,3017,4,30.07
6252,602549,3064,5,302.87
6253,602550,3035,3,292.61
6254,602551,3042,5,57.48
6255,602552,3072,4,199.26
6256,602553,3019,2,145.41
6257,602554,3077,1,98.31
6258,602554,3017,1,165.5
6259,602554,3028,5,78.24
6260,602554,3037,3,125.33
6261,602555,3036,2,221.66
6262,602555,3074,2,111.74
6263,602555,3008,5,217.87
6264,602555,3067,5,257.24
6265,602556,3029,5,117.24
6266,602556,3048,1,127.8
6267,602557,3054,4,321.1
6268,602557,3056,1,147.94
6269,602557,3035,3,190.93
6270,602558,3039,4,282.9
6271,602559,3012,1,317.51
6272,602560,3077,2,346.07
6273,602561,3058,1,27.42
6274,602561,3074,2,287.17
6275,602562,3060,5,200.39
6276,602562,3070,2,167.11
6277,602562,3048,3,124.6
6278,602563,3043,3,101.68
6279,602563,3031,3,270.58
6280,602563,3058,5,326.95
6281,602564,3053,3,84.8
6282,602564,3066,5,302.76
6283,602564,3036,4,133.86
6284,602565,3021,3,252.0
6285,602566,3021,2,130.92
6286,602566,3018,1,323.89
6287,602567,3042,1,250.26
6288,602568,3051,3,119.67
6289,602568,3063,2,15.72
6290,602569,3013,4,135.23
6291,602569,3080,4,121.17
6292,602569,3062,1,211.18
6293,602569,3033,4,254.12
6294,602570,3012,1,152.51
6295,602570,3053,3,302.66
6296,602571,3020,4,257.8
6297,602572,3025,2,154.0
6298,602572,3053,4,262.4
6299,602573,3076,4,111.25
6300,602573,3016,2,321.8
6301,602573,3013,4,250.15
6302,602573,3076,4,29.08
6303,602574,3038,5,325.88
6304,602574,3022,3,340.94
6305,602574,3027,4,154.31
6306,602574,3003,2,116.12
6307,602575,3022,1,157.52
6308,602576,3080,3,158.81
6309,602576,3046,1,235.52
6310,602577,3028,5,111.33
6311,602577,3080,2,35.92
6312,602577,3049,3,141.43
6313,602578,3034,1,102.68
6314,602578,3027,1,38.26
6315,602578,3028,5,250.59
6316,602579,3039,3,162.63
6317,602580,3013,3,64.08
6318,602581,3039,4,73.24
6319,602582,3079,3,318.84
6320,602582,3030,4,36.43
6321,602582,3032,5,145.77
6322,602583,3053,1,51.01
6323,602583,3004,2,328.05
6324,602583,3028,5,171.28
6325,602583,3021,4,345.3
6326,602584,3019,4,242.95
6327,602585,3037,5,321.51
6328,602585,3032,5,311.78
6329,602585,3046,4,233.55
6330,602585,3029,5,98.38
6331,602586,3004,3,59.03
6332,602586,3066,4,128.54
6333,602586,3048,1,60.64
6334,602586,3024,5,76.56
6335,602587,3056,5,165.21
6336,602587,3016,5,297.21
6337,602588,3070,3,10.56
6338,602589,3007,2,79.56
6339,602590,3074,5,65.14
6340,602591,3026,1,306.61
6341,602592,3061,4,166.96
6342,602592,3014,3,80.47
6343,602592,3019,1,26.1
6344,602593,3010,4,81.92
6345,602593,3017,4,228.66
6346,602593,3076,1,42.23
6347,602594,3023,2,318.56
6348,602594,3069,2,49.99
6349,602595,3026,5,207.1
6350,602595,3070,4,218.98
6351,602596,3003,1,265.9
6352,602596,3036,2,146.12
6353,602596,3061,2,125.46
6354,602597,3037,4,256.29
6355,602597,3039,3,275.05
6356,602597,3051,3,280.7
6357,602598,3007,3,6.59
6358,602598,3078,3,321.5
6359,602598,3018,1,197.72
6360,602599,3017,3,55.4
6361,602599,3055,2,312.65
6362,602599,3021,2,95.69
6363,602600,3038,2,344.91
6364,602601,3026,5,294.89
6365,602601,3005,4,67.51
6366,602601,3007,1,223.28
6367,602601,3042,4,106.68
6368,602602,3011,4,64.34
6369,602602,3004,3,140.46
6370,602603,3044,4,296.94
6371,602603,3076,1,262.13
6372,602603,3015,3,6.36
6373,602604,3063,5,141.52
6374,602605,3045,4,49.36
6375,602605,3051,2,35.49
6376,602606,3047,3,331.22
6377,602606,3006,1,321.74
6378,602607,3042,4,313.79
6379,602607,3073,1,34.49
6380,602608,3062,5,46.09
6381,602608,3053,3,326.08
6382,602608,3026,5,204.23
6383,602608,3044,3,65.97
6384,602609,3034,5,66.39
6385,602609,3007,2,334.01
6386,602609,3064,2,36.43
6387,602609,3009,4,287.24
6388,602610,3027,2,266.59
6389,602610,3047,3,42.33
6390,602610,3025,1,25.98
6391,602610,3074,3,211.93
6392,602611,3005,1,207.03
6393,602612,3005,5,206.83
6394,602613,3054,1,272.6
6395,602613,3053,2,31.2
6396,602613,3052,3,179.71
6397,602613,3016,3,250.04
6398,602614,3052,2,32.54
6399,602614,3003,5,293.07
6400,602614,3068,4,12.45
6401,602615,3059,5,143.7
6402,602615,3069,4,44.34
6403,602615,3076,5,270.56
6404,602616,3047,4,14.11
6405,602616,3075,4,70.5
6406,602616,3073,3,123.24
6407,602617,3038,1,252.5
6408,602618,3007,3,15.66
6409,602619,3058,2,189.78
6410,602619,3064,4,37.61
6411,602619,3069,1,22.63
6412,602620,3034,2,34.08
6413,602620,3066,2,152.89
6414,602620,3058,1,278.97
6415,602620,3040,4,322.32
6416,602621,3026,5,264.94
6417,602621,3024,0,261.48
6418,602621,3047,5,25.22
6419,602622,3005,5,48.66
6420,602623,3006,1,38.84
6421,602623,3053,4,62.54
6422,602623,3070,4,244.79
6423,602623,3023,1,151.67
6424,602624,3023,5,26.64
6425,602624,3034,3,272.19
6426,602625,3065,3,112.54
6427,602626,3028,1,177.98
6428,602626,3010,2,179.81
6429,602627,3013,1,304.59
6430,602627,3051,4,65.88
6431,602628,3056,2,291.51
6432,602628,3013,4,94.52
6433,602629,3011,2,319.62
6434,602629,3060,5,338.59
6435,602630,3078,4,202.83
6436,602631,3053,3,65.3
6437,602631,3042,2,90.62
6438,602632,3077,5,34.86
6439,602632,3019,5,289.75
6440,602633,3028,2,70.81
6441,602633,3012,5,68.65
6442,602633,3051,3,52.15
6443,602633,3049,3,12.74
6444,602634,3075,3,197.55
6445,602635,3010,1,345.91
6446,602635,3079,5,114.92
6447,602635,3077,4,108.65
6448,602635,3039,3,75.54
6449,602636,3025,3,312.16
6450,602636,3065,1,34.85
6451,602636,3036,3,42.1
6452,602636,3043,5,344.08
6453,602637,3066,5,176.44
6454,602637,3004,4,177.47
6455,602637,3058,3,140.21
6456,602638,3037,4,238.64
6457,602638,3079,3,299.65
6458,602638,3040,2,141.29
6459,602639,3008,2,305.53
6460,602639,3052,3,285.13
6461,602639,3046,2,86.13
6462,602639,3022,2,282.11
6463,602640,3066,2,184.18
6464,602640,3076,2,287.31
6465,602640,3037,2,132.95
6466,602641,3008,2,314.02
6467,602641,3006,3,282.15
6468,602642,3036,3,172.11
6469,602642,3050,5,104.55
6470,602642,3008,1,156.52
6471,602643,3067,3,310.71
6472,602643,3064,4,314.47
6473,602643,3061,1,36.94
6474,602644,3048,2,241.76
6475,602645,3044,3,343.01
6476,602645,3043,4,332.44
6477,602645,3005,4,190.97
6478,602645,3078,1,124.58
6479,602646,3051,4,281.24
6480,602646,3029,2,134.44
6481,602646,3077,5,239.71
6482,602647,3070,5,29.09
6483,602648,3056,2,142.67
6484,602648,3023,3,65.7
6485,602649,3048,5,117.5
6486,602649,3066,3,123.94
6487,602649,3077,3,217.89
6488,602650,3028,4,126.28
6489,602651,3039,1,200.34
6490,602651,3057,2,110.1
6491,602651,3007,1,52.85
6492,602651,3077,5,57.51
6493,602652,3004,1,344.59
6494,602652,3065,1,151.62
6495,602652,3029,2,341.29
6496,602653,3076,2,141.69
6497,602653,3001,5,172.92
6498,602653,3072,2,211.51
6499,602653,3063,3,176.54
6500,602654,3043,5,348.7
6501,602654,3063,1,124.66
6502,602654,3075,2,-53.1
6503,602654,3019,2,191.13
6504,602655,3060,1,130.23
6505,602655,3058,3,70.52
6506,602655,3035,1,12.99
6507,602656,3025,3,112.55
6508,602657,3066,3,261.85
6509,602658,3011,3,168.4
6510,602658,3024,4,210.63
6511,602658,3050,4,184.43
6512,602659,3055,1,22.91
6513,602659,3050,0,329.83
6514,602659,3058,1,118.96
6515,602659,3017,4,45.01
6516,602660,3013,2,24.61
6517,602660,3045,1,279.53
6518,602661,3076,4,233.8
6519,602661,3003,1,125.74
6520,602662,3034,4,122.82
6521,602662,3061,2,347.25
6522,602662,3011,2,79.29
6523,602663,3074,4,186.14
6524,602663,3002,2,122.56
6525,602663,3024,4,191.96
6526,602664,3044,1,205.34
6527,602664,3022,5,255.71
6528,602665,3070,1,338.83
6529,602666,3051,1,292.7
6530,602666,3055,2,150.89
6531,602666,3076,1,154.05
6532,602666,3034,3,176.59
6533,602667,3005,5,282.11
6534,602667,3079,2,339.52
6535,602668,3079,3,180.28
6536,602668,3057,4,275.1
6537,602668,3061,2,130.03
6538,602669,3025,3,257.18
6539,602669,3077,1,201.16
6540,602669,3024,2,217.68
6541,602669,3070,1,65.97
6542,602670,3013,4,214.25
6543,602670,3014,3,285.39
6544,602670,3035,4,249.19
6545,602670,3045,4,56.32
6546,602671,3077,3,89.39
6547,602672,3007,3,81.08
6548,602673,3061,1,63.38
6549,602673,3046,3,98.67
6550,602673,3005,1,199.48
6551,602673,3046,2,151.77
6552,602674,3045,5,150.42
6553,602674,3050,3,206.11
6554,602674,3015,1,194.83
6555,602675,3076,4,147.59
6556,602676,3016,3,255.76
6557,602677,3015,1,332.83
6558,602677,3057,1,190.7
6559,602677,3010,2,287.74
6560,602678,3026,5,63.84
6561,602678,3050,4,139.2
6562,602678,3047,4,214.88
6563,602678,3013,5,338.19
6564,602679,3054,5,101.97
6565,602679,3021,2,126.89
6566,602679,3064,1,48.89
6567,602680,3017,4,42.61
6568,602680,3057,1,126.09
6569,602680,3080,4,48.29
6570,602681,3033,5,85.85
6571,602681,3017,4,33.97
6572,602681,3013,3,205.49
6573,602681,3030,5,180.24
6574,602682,3005,5,47.13
6575,602682,3060,3,259.99
6576,602682,3046,3,257.16
6577,602682,3055,2,321.7
6578,602683,3060,3,88.62
6579,602683,3025,5,177.12
6580,602684,3017,5,348.56
6581,602684,3002,1,176.13
6582,602684,3045,5,172.32
6583,602684,3026,4,344.76
6584,602685,3043,4,305.67
6585,602685,3079,2,256.53
6586,602686,3073,2,331.14
6587,602686,3073,2,198.79
6588,602686,3043,5,119.7
6589,602687,3010,3,161.77
6590,602687,3068,2,55.77
6591,602687,3071,5,39.72
6592,602687,3062,1,40.8
6593,602688,3006,2,-243.16
6594,602688,3027,4,19.39
6595,602689,3076,5,212.67
6596,602690,3053,4,289.59
6597,602690,3011,4,240.3
6598,602690,3058,5,259.73
6599,602690,3032,1,293.62
6600,602691,3049,2,274.96
6601,602692,3079,4,207.77
6602,602692,3015,4,122.51
6603,602693,3036,1,324.5
6604,602694,3019,4,31.17
6605,602694,3024,4,184.16
6606,602695,3015,2,86.44
6607,602695,3077,5,276.88
6608,602696,3063,5,34.01
6609,602696,3038,4,205.76
6610,602696,3020,2,241.32
6611,602696,3023,4,56.59
6612,602697,3060,2,310.39
6613,602697,3031,4,43.93
6614,602697,3031,2,177.57
6615,602698,3021,5,101.78
6616,602698,3007,1,123.63
6617,602699,3016,1,111.68
6618,602699,3045,1,215.44
6619,602699,3077,4,139.95
6620,602699,3057,5,125.63
6621,602700,3034,3,92.09
6622,602700,3020,3,68.91
6623,602701,3064,1,323.34
6624,602702,3024,2,100.82
6625,602703,3039,2,279.94
6626,602703,3043,3,285.21
6627,602703,3066,4,197.57
6628,602703,3068,2,101.69
6629,602704,3027,2,127.22
6630,602705,3055,3,52.4
6631,602705,3061,5,177.86
6632,602705,3008,4,262.04
6633,602706,3033,1,172.72
6634,602707,3041,4,158.43
6635,602708,3062,4,236.58
6636,602708,3038,3,272.84
6637,602708,3008,1,223.86
6638,602708,3002,3,49.62
6639,602709,3004,2,337.26
6640,602709,3032,5,17.82
6641,602709,3023,5,220.5
6642,602710,3041,5,80.54
6643,602711,3073,2,56.59
6644,602712,3022,1,180.23
6645,602712,3058,5,148.47
6646,602713,3050,4,92.2
6647,602714,3013,3,335.14
6648,602715,3004,3,24.64
6649,602716,3030,2,310.37
6650,602716,3066,1,306.43
6651,602716,3072,1,30.79
6652,602717,3053,1,63.66
6653,602717,3043,4,99.4
6654,602717,3043,4,270.92
6655,602717,3028,4,218.61
6656,602718,3051,3,130.57
6657,602719,3047,5,165.87
6658,602720,3052,1,28.7
6659,602720,3057,1,305.35
6660,602720,3053,2,333.33
6661,602721,3040,3,172.83
6662,602722,3013,2,178.88
6663,602722,3026,3,302.55
6664,602722,3066,2,157.3
6665,602723,3056,3,281.14
6666,602723,3025,1,148.32
6667,602724,3065,5,245.83
6668,602724,3039,5,12.66
6669,602725,3013,5,115.11
6670,602725,3045,2,165.32
6671,602726,3071,4,165.93
6672,602726,3044,5,197.11
6673,602726,3043,5,302.92
6674,602727,3056,2,162.89
6675,602728,3017,3,69.12
6676,602728,3040,1,89.5
6677,602728,3067,2,151.43
6678,602728,3076,1,20.33
6679,602729,3047,3,151.35
6680,602730,3073,2,15.71
6681,602730,3057,2,198.91
6682,602730,3077,5,14.43
6683,602730,3016,2,263.3
6684,602731,3004,4,222.61
6685,602731,3070,2,100.07
6686,602731,3031,4,170.46
6687,602732,3009,5,94.76
6688,602733,3048,2,144.4
6689,602733,3075,5,244.04
6690,602733,3059,4,31.35
6691,602733,3003,5,238.13
6692,602734,3078,3,76.01
6693,602735,3075,2,240.26
6694,602735,3055,1,144.94
6695,602735,3044,1,137.18
6696,602735,3012,3,110.04
6697,602736,3072,4,179.24
6698,602736,3013,5,215.89
6699,602736,3031,1,56.29
6700,602737,3045,4,201.28
6701,602737,3043,1,30.32
6702,602738,3047,2,304.65
6703,602738,3016,5,338.89
6704,602739,3013,1,295.88
6705,602740,3015,1,40.87
6706,602740,3068,3,310.91
6707,602741,3023,1,148.94
6708,602742,3030,4,203.81
6709,602742,3004,2,324.41
6710,602742,3049,2,30.1
6711,602743,3031,5,100.82
6712,602743,3069,3,51.3
6713,602744,3010,3,39.83
6714,602744,3074,2,25.22
6715,602745,3067,4,185.39
6716,602745,3065,4,46.47
6717,602746,3038,3,346.42
6718,602746,3063,3,182.58
6719,602746,3050,4,117.26
6720,602747,3042,3,348.1
6721,602747,3010,4,205.54
6722,602747,3051,3,219.75
6723,602747,3005,2,129.33
6724,602748,3071,1,55.12
6725,602748,3019,3,27.28
6726,602749,3058,1,100.71
6727,602749,3034,1,300.95
6728,602750,3017,4,217.76
6729,602750,3007,1,284.96
6730,602750,3003,5,114.31
6731,602750,3004,1,230.82
6732,602751,3032,2,186.35
6733,602751,3061,5,240.07
6734,602751,3067,2,266.81
6735,602751,3050,3,126.14
6736,602752,3022,1,53.37
6737,602752,3032,3,239.75
6738,602752,3075,2,175.51
6739,602753,3048,1,34.77
6740,602753,3068,5,186.12
6741,602753,3063,3,135.77
6742,602753,3020,2,205.54
6743,602754,3046,3,197.25
6744,602754,3004,0,224.22
6745,602754,3071,1,258.75
6746,602754,3031,4,18.98
6747,602755,3031,2,102.51
6748,602755,3023,5,28.48
6749,602755,3071,1,96.67
6750,602755,3055,5,138.27
6751,602756,3020,4,214.4
6752,602756,3073,5,263.17
6753,602757,3006,4,233.07
6754,602757,3072,3,335.46
6755,602757,3039,5,212.73
6756,602757,3008,4,92.78
6757,602758,3059,3,221.54
6758,602758,3080,2,126.92
6759,602759,3035,2,252.68
6760,602759,3007,4,217.13
6761,602760,3039,1,101.62
6762,602760,3043,1,314.82
6763,602760,3041,3,68.57
6764,602760,3064,3,25.21
6765,602761,3012,4,248.9
6766,602761,3001,1,347.35
6767,602761,3055,4,103.27
6768,602761,3076,3,213.36
6769,602762,3040,1,298.42
6770,602762,3040,4,145.81
6771,602763,3078,1,249.08
6772,602763,3072,5,93.88
6773,602764,3074,1,19.81
6774,602764,3071,3,344.58
6775,602764,3042,3,120.11
6776,602765,3010,1,247.79
6777,602766,3051,5,95.68
6778,602766,3060,3,215.63
6779,602767,3062,5,310.2
6780,602767,3015,2,38.61
6781,602768,3018,1,243.24
6782,602769,3004,1,192.2
6783,602770,3010,4,191.08
6784,602771,3010,5,77.86
6785,602771,3034,3,127.72
6786,602771,3020,5,279.68
6787,602771,3016,4,80.85
6788,602772,3032,2,325.79
6789,602772,3015,5,115.12
6790,602772,3059,2,131.84
6791,602773,3067,5,329.39
6792,602773,3065,2,173.04
6793,602773,3022,3,152.92
6794,602773,3044,2,183.46
6795,602774,3007,3,93.04
6796,602775,3078,2,16.44
6797,602775,3039,5,51.38
6798,602776,3029,3,253.25
6799,602776,3036,1,225.5
6800,602776,3016,4,30.61
6801,602776,3065,4,256.72
6802,602777,3066,4,184.96
6803,602777,3073,2,231.77
6804,602778,3060,5,120.56
6805,602778,3080,5,106.69
6806,602778,3011,3,179.79
6807,602779,3050,3,161.92
6808,602779,3070,4,104.26
6809,602779,3007,2,170.98
6810,602780,3053,2,256.68
6811,602780,3016,4,30.28
6812,602780,3068,3,83.82
6813,602780,3001,4,31.03
6814,602781,3044,2,178.29
6815,602781,3060,3,179.46
6816,602781,3020,4,92.8
6817,602782,3072,4,302.32
6818,602783,3077,2,159.16
6819,602783,3028,4,63.74
6820,602783,3052,4,193.49
6821,602784,3029,4,293.14
6822,602785,3060,2,308.46
6823,602786,3072,3,196.35
6824,602786,3021,5,185.0
6825,602786,3068,4,-215.57
6826,602786,3007,3,317.25
6827,602787,3017,5,96.32
6828,602787,3031,5,346.21
6829,602787,3050,3,11.32
6830,602788,3076,1,230.02
6831,602789,3062,1,60.81
6832,602790,3049,4,275.97
6833,602790,3004,4,155.52
6834,602791,3002,5,128.07
6835,602792,3036,1,97.06
6836,602792,3026,3,54.51
6837,602793,3006,4,211.46
6838,602793,3059,4,302.93
6839,602793,3019,5,277.12
6840,602794,3008,4,331.99
6841,602794,3029,2,272.4
6842,602795,3006,4,19.71
6843,602795,3060,4,103.55
6844,602796,3028,2,211.73
6845,602796,3063,1,159.95
6846,602796,3008,3,48.43
6847,602797,3014,1,121.41
6848,602797,3061,1,306.43
6849,602797,3024,5,148.36
6850,602798,3031,2,269.27
6851,602798,3041,4,275.93
6852,602799,3042,1,19.18
6853,602799,3018,5,188.0
6854,602800,3011,4,89.63
6855,602800,3031,4,163.89
6856,602800,3066,4,146.46
6857,602800,3011,2,27.91
6858,602801,3002,3,221.52
6859,602801,3033,5,88.11
6860,602801,3076,1,305.52
6861,602802,3043,3,45.4
6862,602802,3069,2,222.55
6863,602802,3077,3,18.19
6864,602802,3040,1,169.1
6865,602803,3061,2,294.62
6866,602803,3056,4,153.54
6867,602803,3052,3,201.61
6868,602804,3059,4,171.92
6869,602804,3015,4,11.59
6870,602804,3057,5,313.56
6871,602805,3071,1,156.18
6872,602805,3022,2,57.42
6873,602806,3023,1,165.26
6874,602807,3035,1,64.81
6875,602808,3078,1,14.67
6876,602809,3031,5,130.28
6877,602810,3013,4,259.09
6878,602811,3059,0,163.99
6879,602811,3076,4,265.88
6880,602812,3023,1,148.15
6881,602813,3024,2,240.09
6882,602814,3037,2,264.9
6883,602814,3013,3,143.2
6884,602814,3078,5,67.57
6885,602815,3078,3,315.56
6886,602816,3066,2,249.85
6887,602816,3024,2,309.69
6888,602817,3037,2,300.89
6889,602817,3017,4,-246.76
6890,602818,3012,1,172.48
6891,602818,3017,3,271.17
6892,602818,3050,3,204.87
6893,602818,3013,5,348.03
6894,602819,3013,4,130.35
6895,602819,3065,1,247.7
6896,602819,3001,5,167.83
6897,602820,3074,2,262.5
6898,602820,3015,3,297.88
6899,999999,3009,5,186.85
6900,602820,3073,2,234.29
6901,602821,3079,3,228.91
6902,602821,3056,1,309.79
6903,602822,3027,4,271.08
6904,602822,3068,4,220.4
6905,602822,3069,5,213.38
6906,602823,3022,4,164.86
6907,602823,3068,3,287.71
6908,602823,3029,1,159.35
6909,602824,3030,5,125.52
6910,602824,3057,2,329.5
6911,602824,3006,1,231.36
6912,602824,3008,2,210.45
6913,602825,3011,4,144.72
6914,602825,3027,4,142.63
6915,602826,3068,5,288.01
6916,602827,3027,2,292.96
6917,602827,3008,5,34.08
6918,602828,3054,5,260.46
6919,602828,3046,2,157.0
6920,602828,3067,4,114.47
6921,602828,3020,2,285.48
6922,602829,3077,5,158.25
6923,602829,3057,1,133.52
6924,602829,3069,1,210.58
6925,602829,3074,1,38.87
6926,602830,3063,2,309.65
6927,602830,3014,1,340.17
6928,602830,3050,2,85.31
6929,602831,3073,2,175.34
6930,602831,3011,5,22.2
6931,602832,3022,5,85.6
6932,602832,3071,5,67.92
6933,602832,3027,1,63.36
6934,602833,3043,3,126.38
6935,602833,3026,1,254.2
6936,602833,3044,2,306.45
6937,602833,3040,1,134.13
6938,602834,3032,5,280.76
6939,602834,3031,2,86.03
6940,602835,3030,3,90.55
6941,602835,3027,1,48.16
6942,602835,3079,5,341.72
6943,602836,3038,5,75.45
6944,602836,3074,4,137.46
6945,602837,3056,5,331.26
6946,602837,3072,4,47.15
6947,602837,3044,1,85.28
6948,602837,3030,2,179.91
6949,602838,3079,5,348.67
6950,602838,3013,4,25.86
6951,602838,3053,2,162.55
6952,602838,3057,5,174.71
6953,602839,3067,1,33.67
6954,602839,3027,5,56.89
6955,602840,3063,5,204.83
6956,602840,3031,2,80.16
6957,602840,3035,2,238.2
6958,602840,3011,4,143.54
6959,602841,3026,5,128.18
6960,602842,3074,3,149.91
6961,602842,3049,5,337.83
6962,602842,3054,5,145.79
6963,602842,3066,4,299.63
6964,602843,3032,1,113.96
6965,602843,3080,2,43.6
6966,602844,3075,2,157.11
6967,602844,3051,1,142.38
6968,602844,3051,1,278.2
6969,602844,3024,3,267.9
6970,602845,3028,1,258.56
6971,602845,3036,1,5.26
6972,602845,3035,1,154.18
6973,602846,3044,5,166.24
6974,602846,3055,1,67.01
6975,602846,3034,3,297.25
6976,602847,3031,2,122.4
6977,602847,3012,1,66.52
6978,602848,3067,2,91.88
6979,602849,3024,5,147.41
6980,602849,3074,5,115.4
6981,602849,3015,1,284.58
6982,602849,3043,1,145.71
6983,602850,3067,1,6.13
6984,602851,3035,3,174.53
6985,602851,3078,2,177.01
6986,602851,3034,5,218.37
6987,602851,3029,2,274.83
6988,602852,3017,3,62.46
6989,602853,3031,2,329.82
6990,602853,3078,4,34.16
6991,602854,3017,4,324.34
6992,602854,3009,3,246.04
6993,602854,3066,5,171.37
6994,602855,3073,4,106.58
6995,602855,3021,5,127.47
6996,602856,3045,3,348.17
6997,602857,3051,1,256.77
6998,602857,3057,1,285.72
6999,602858,3080,5,171.71
7000,602858,3037,3,265.87
7001,602858,3044,2,251.02
7002,602858,3013,2,84.56
7003,602859,3064,2,307.94
7004,602859,3065,1,50.14
7005,602860,3032,4,87.52
7006,602860,3055,4,344.84
7007,602860,3047,4,43.93
7008,602861,3038,2,22.46
7009,602861,3018,5,287.97
7010,602862,3055,4,132.48
7011,602862,3009,2,317.06
7012,602862,3010,4,345.59
7013,602863,3052,4,259.17
7014,602863,3014,5,65.22
7015,602863,3009,2,301.09
7016,602863,3013,1,307.72
7017,602864,3033,1,152.46
7018,602864,3032,5,169.99
7019,602864,3002,2,277.58
7020,602865,3037,3,129.53
7021,602865,3054,2,19.6
7022,602865,3055,2,298.45
7023,602866,3054,1,30.4
7024,602866,3051,4,316.71
7025,602866,3019,5,88.76
7026,602866,3019,1,301.35
7027,602867,3012,3,284.38
7028,602867,3072,2,280.4
7029,602867,3002,5,103.42
7030,602867,3044,2,67.62
7031,602868,3030,1,207.78
7032,602868,3069,4,225.96
7033,602868,3063,5,282.91
7034,602869,3035,1,59.03
7035,602869,3030,5,119.29
7036,602870,3035,4,124.36
7037,602870,3069,3,333.31
7038,602871,3078,3,29.47
7039,602871,3041,4,81.25
7040,602871,3007,2,10.75
7041,602871,3010,5,134.55
7042,602872,3045,3,304.46
7043,602873,3074,5,281.97
7044,602874,3079,2,169.84
7045,602874,3076,1,36.77
7046,602875,3017,3,33.11
7047,602876,3019,3,162.13
7048,602876,3039,3,40.1
7049,602876,3013,2,81.57
7050,602876,3067,4,100.24
7051,602877,3002,1,125.81
7052,602877,3013,3,337.27
7053,602877,3026,4,91.62
7054,602878,3047,4,125.34
7055,602878,3027,3,131.88
7056,602878,3058,5,110.31
7057,602878,3003,2,48.59
7058,602879,3004,5,22.14
7059,602879,3024,5,220.27
7060,602879,3036,5,222.36
7061,602879,3067,3,218.77
7062,602880,3054,1,64.87
7063,602880,3050,2,46.73
7064,602881,3040,4,144.29
7065,602881,3020,4,195.9
7066,602881,3031,1,98.96
7067,602882,3048,1,340.83
7068,602882,3002,2,332.1
7069,602882,3075,5,337.52
7070,602883,3065,5,231.57
7071,602883,3077,5,41.48
7072,602884,3001,0,325.16
7073,602884,3036,4,102.96
7074,602885,3043,1,152.45
7075,602885,3080,4,85.41
7076,602885,3060,4,186.84
7077,602885,3047,3,175.8
7078,602886,3029,4,309.15
7079,602887,3008,5,50.37
7080,602887,3067,5,5.28
7081,602887,3065,3,-312.63
7082,602888,3080,3,265.55
7083,602888,3002,4,22.8
7084,602888,3016,4,142.15
7085,602888,3003,4,95.37
7086,602889,9999,2,257.06
7087,602889,3047,1,253.61
7088,602889,3050,5,187.95
7089,602890,3073,1,123.98
7090,602890,3058,3,172.1
7091,602890,3003,1,246.63
7092,602890,3013,5,221.97
7093,602891,3060,5,22.68
7094,602891,3063,4,198.86
7095,602891,3023,5,232.47
7096,602892,3040,4,120.81
7097,602892,3045,4,182.16
7098,602892,3058,4,85.16
7099,602893,3037,5,295.45
7100,602893,3043,3,243.4
7101,602893,3023,5,105.47
7102,602893,3037,4,56.46
7103,602894,3022,1,36.49
7104,602894,3013,1,194.52
7105,602894,3014,2,10.83
7106,602895,3075,4,49.5
7107,602895,3037,1,143.69
7108,602895,3007,1,271.56
7109,602896,3018,3,58.0
7110,602896,3073,1,168.71
7111,602896,3050,3,198.96
7112,602896,3080,3,51.03
7113,602897,3002,2,263.84
7114,602897,3065,5,143.61
7115,602897,3010,1,-237.98
7116,602898,3014,5,138.63
7117,602898,3027,3,183.67
7118,602898,3046,1,182.46
7119,602899,3001,1,291.22
7120,602899,3015,4,324.91
7121,602899,3079,5,162.18
7122,602899,3056,1,189.22
7123,602900,3032,3,23.07
7124,602900,3016,4,342.7
7125,602900,3065,2,133.82
7126,602900,3003,4,306.25
7127,602901,3053,3,153.62
7128,602901,3016,1,29.49
7129,602902,3069,5,112.58
7130,602902,3067,1,256.72
7131,602902,3058,2,116.42
7132,602902,3014,4,38.16
7133,602903,3060,1,179.09
7134,602903,3055,4,201.84
7135,602903,3077,4,47.46
7136,602903,3043,1,217.36
7137,602904,3056,4,110.85
7138,602904,3034,1,310.06
7139,602904,3075,2,200.79
7140,602905,3038,1,244.92
7141,602905,3056,1,344.28
7142,602905,3015,4,214.09
7143,602905,3050,4,190.55
7144,602906,3026,4,139.24
7145,602906,3021,3,264.19
7146,602906,3030,3,319.37
7147,602906,3068,5,93.21
7148,602907,3074,3,83.56
7149,602907,3019,3,331.25
7150,602908,3041,1,226.69
7151,602908,3064,2,91.45
7152,602908,3062,3,276.11
7153,602909,3063,5,258.24
7154,602910,3026,2,328.32
7155,602910,3020,5,235.61
7156,602910,3033,5,135.44
7157,602910,3008,3,230.95
7158,602911,3063,2,114.07
7159,602911,3050,1,93.05
7160,602912,3068,1,92.48
7161,602912,3066,5,43.02
7162,602913,3076,2,315.15
7163,602914,3002,5,273.22
7164,602914,9999,3,43.54
7165,602915,3034,3,268.84
7166,602916,3071,5,234.82
7167,602916,3068,4,121.59
7168,602917,3017,5,265.8
7169,602917,3065,1,140.82
7170,602917,3054,4,316.0
7171,602918,3028,2,199.28
7172,602919,3040,4,96.36
7173,602919,3049,5,309.91
7174,602919,3034,1,213.18
7175,602920,3057,1,69.94
7176,602920,3006,1,82.81
7177,602921,3045,1,20.18
7178,602921,3002,5,205.22
7179,602921,3048,5,271.86
7180,602922,3041,5,268.54
7181,602922,3012,2,139.05
7182,602922,3056,2,335.39
7183,602923,3025,3,187.18
7184,602923,3065,5,243.44
7185,602924,3044,1,84.63
7186,602924,3026,5,201.41
7187,602925,3057,3,110.11
7188,602925,3066,3,213.04
7189,602925,3047,2,205.67
7190,602925,3016,3,162.65
7191,602926,3073,2,57.51
7192,602926,3038,5,338.89
7193,602927,3079,2,182.57
7194,602927,3014,5,75.83
7195,602927,3056,4,204.83
7196,602927,3079,1,247.74
7197,602928,3015,2,286.94
7198,602928,3031,5,256.79
7199,602928,3068,1,155.83
7200,602929,3078,0,88.95
7201,602929,3059,3,171.06
7202,602930,3054,3,209.94
7203,602930,3070,5,76.26
7204,602931,3076,1,102.83
7205,602932,3063,3,135.92
7206,602932,3041,5,122.42
7207,602932,3031,4,168.73
7208,602933,3038,4,296.25
7209,602933,3003,3,257.39
7210,602933,3007,3,151.81
7211,602933,3072,3,19.61
7212,602934,3047,1,294.68
7213,602934,3027,5,306.42
7214,602935,3017,2,57.21
7215,602935,3004,1,349.92
7216,602935,3078,5,67.53
7217,602935,3075,2,198.01
7218,602936,3067,2,96.9
7219,602936,3028,4,146.06
7220,602936,3049,3,231.0
7221,602936,3068,4,170.55
7222,602937,3032,4,21.17
7223,602937,3036,1,5.72
7224,602937,3044,4,111.86
7225,602937,3023,4,72.62
7226,602938,3010,3,177.92
7227,602938,3001,5,129.6
7228,602939,3064,3,138.1
7229,602939,3037,1,59.47
7230,602939,3042,5,81.0
7231,602940,3065,3,58.64
7232,602940,3041,1,197.08
7233,602940,3009,4,141.73
7234,602940,3038,4,69.44
7235,602941,3063,3,321.17
7236,602941,3001,2,83.86
7237,602942,3008,1,265.99
7238,602943,3074,5,87.74
7239,602943,3048,4,43.56
7240,602943,3035,5,157.88
7241,999999,3014,4,203.06
7242,602944,3034,4,335.09
7243,602944,3037,5,139.74
7244,602945,3047,4,184.33
7245,602945,3015,3,147.14
7246,602945,3043,4,293.61
7247,602946,3079,3,94.72
7248,602946,3039,2,289.99
7249,602946,3076,5,190.63
7250,602947,3068,4,198.17
7251,602947,3039,2,34.86
7252,602947,3018,3,182.98
7253,602948,3056,3,35.63
7254,602949,3061,4,43.83
7255,602950,3017,3,255.51
7256,602950,3013,2,128.98
7257,602951,3038,4,168.22
7258,602952,3027,5,186.4
7259,602952,3059,5,303.47
7260,602952,3050,3,189.31
7261,602952,3004,4,51.62
7262,602953,3069,3,312.79
7263,602953,3014,2,340.17
7264,602953,3030,2,126.77
7265,602954,3048,5,223.97
7266,602955,3072,2,273.44
7267,602955,3016,2,258.19
7268,602955,3070,1,28.4
7269,602956,3069,2,150.19
7270,602956,3068,2,105.63
7271,602957,3031,5,205.88
7272,602957,3048,1,54.28
7273,602958,3033,1,203.24
7274,602958,3033,4,27.4
7275,602958,3066,1,345.63
7276,602958,3077,3,186.97
7277,602959,3019,5,40.39
7278,602959,3031,3,195.45
7279,602959,3058,5,124.7
7280,602959,3060,2,98.91
7281,602960,3077,5,243.89
7282,602960,3047,2,111.63
7283,602961,3076,2,158.36
7284,602961,3028,2,182.6
7285,602961,3054,4,81.98
7286,602962,3040,5,241.61
7287,602962,3044,5,75.54
7288,602963,3058,5,260.92
7289,602964,3009,3,8.44
7290,602964,3040,4,54.23
7291,602964,3064,5,277.93
7292,602964,3059,4,273.26
7293,602965,3074,5,201.71
7294,602965,3043,3,175.62
7295,602966,3062,5,281.55
7296,602966,3006,1,271.29
7297,602967,3075,4,338.1
7298,602967,3009,4,192.52
7299,602967,3007,5,39.8
7300,602967,3069,1,71.0
7301,602968,3069,1,-11.68
7302,602969,3005,3,141.77
7303,602969,3031,3,238.01
7304,602969,3014,4,159.24
7305,602970,3042,4,288.09
7306,602970,3047,5,163.27
7307,602970,3080,2,85.96
7308,602970,3034,2,259.0
7309,602971,3033,3,10.69
7310,602971,3076,2,287.63
7311,602971,3079,5,287.81
7312,602972,3045,2,61.9
7313,602972,3020,5,228.88
7314,602973,3060,3,196.68
7315,602973,3048,1,205.2
7316,602973,3057,5,64.18
7317,602973,3036,5,278.09
7318,602974,3067,5,181.69
7319,602974,3062,4,163.79
7320,602974,3040,2,28.52
7321,602975,3078,5,261.34
7322,602975,3075,5,118.84
7323,602975,3004,1,319.43
7324,602975,3006,2,249.21
7325,602976,3075,3,165.72
7326,602976,3012,3,194.61
7327,602977,3058,1,78.28
7328,602977,3040,1,83.97
7329,602978,3041,2,62.29
7330,602978,3004,5,189.08
7331,602978,3015,2,204.43
7332,602978,3002,4,256.16
7333,602979,3045,1,279.15
7334,602980,3071,5,98.13
7335,602981,3051,2,58.82
7336,602982,3029,2,18.44
7337,602982,3043,3,322.99
7338,602982,3020,2,171.6
7339,602983,3064,2,93.25
7340,602983,3011,5,27.02
7341,602984,3001,1,294.4
7342,602984,3071,5,327.29
7343,602984,3040,1,55.1
7344,602985,3030,4,311.17
7345,602985,3031,5,93.71
7346,602985,3065,1,256.5
7347,602986,3080,3,295.59
7348,602987,3058,3,200.32
7349,602987,3051,4,192.35
7350,602987,3070,3,228.7
7351,602988,3066,2,-284.42
7352,602989,3051,2,94.06
7353,602989,3060,3,144.87
7354,602989,3044,5,299.25
7355,602989,3070,4,77.73
7356,602990,3044,4,250.86
7357,602990,3063,4,163.87
7358,602991,3033,2,57.99
7359,602991,3050,2,162.19
7360,602991,3013,3,43.73
7361,602992,3047,1,344.57
7362,602992,3045,3,271.81
7363,602993,3046,1,294.03
7364,602994,3044,4,43.43
7365,602995,3003,5,281.59
7366,602996,3075,1,197.54
7367,602997,3046,1,194.75
7368,602997,3032,0,257.96
7369,602997,3068,1,321.33
7370,602998,3004,1,164.75
7371,602998,3059,2,72.15
7372,602998,3049,4,308.78
7373,602998,3048,3,73.6
7374,602999,3008,3,97.31
7375,603000,3045,2,316.06
7376,603000,3023,4,133.69
7377,603000,3072,1,27.03
7378,603000,3012,5,346.08
7379,603001,3039,4,141.06
7380,603001,3012,3,213.55
7381,603001,3060,3,36.93
7382,603001,3059,3,177.33
7383,603002,3041,0,277.54
7384,603003,3031,5,318.21
7385,603003,3011,5,346.15
7386,603003,3006,5,140.05
7387,603004,3050,4,65.84
7388,603004,3046,4,194.98
7389,603004,3029,4,129.84
7390,603005,3017,5,175.99
7391,603006,3074,3,76.39
7392,603006,3059,3,302.89
7393,603007,3061,3,160.35
7394,603007,3009,2,139.58
7395,603007,3057,3,22.41
7396,603008,3063,3,314.52
7397,603008,3030,1,327.34
7398,603009,3041,4,97.41
7399,603010,3042,1,148.75
7400,603011,3037,3,235.51
7401,603011,3042,5,255.48
7402,603011,3054,4,112.57
7403,603012,3009,3,94.19
7404,603013,3011,5,63.27
7405,603013,3031,5,268.14
7406,603013,3034,3,228.11
7407,603014,3029,3,130.09
7408,603014,3043,3,5.01
7409,603015,3051,4,101.83
7410,603016,3015,5,112.48
7411,603016,3067,2,191.66
7412,603016,3003,4,49.9
7413,603017,3033,3,28.25
7414,603018,3055,2,192.14
7415,603019,3079,1,153.25
7416,603020,3031,1,137.44
7417,603021,3008,4,171.27
7418,603022,3058,1,265.04
7419,603023,3058,3,291.82
7420,603024,3043,2,12.77
7421,603025,3062,5,98.73
7422,603026,3071,4,117.25
7423,603026,3001,1,188.64
7424,603026,3006,4,157.16
7425,603026,3023,1,191.01
7426,603027,3027,5,61.97
7427,603027,3065,2,20.15
7428,603027,3062,3,-311.65
7429,603027,3075,2,234.72
7430,603028,3046,5,277.04
7431,603028,3046,3,209.73
7432,603028,3001,4,218.74
7433,603029,3057,4,201.76
7434,603029,3074,4,235.67
7435,603029,3066,2,329.3
7436,603030,3013,1,85.24
7437,603030,3023,1,36.19
7438,603030,3064,2,137.13
7439,603030,3058,1,78.21
7440,603031,3050,4,254.97
7441,603032,3056,4,7.64
7442,603032,3030,4,246.73
7443,603033,3033,2,281.63
7444,603033,3001,1,161.16
7445,603034,3035,5,166.48
7446,603035,3066,3,269.82
7447,603035,3026,2,100.2
7448,603036,3051,2,171.41
7449,603036,3053,1,224.48
7450,603036,3014,2,252.17
7451,603037,3061,3,316.37
7452,603038,3012,1,335.52
7453,603039,3045,4,142.12
7454,603039,3080,3,275.2
7455,603039,3002,4,129.62
7456,603039,3046,3,248.71
7457,603040,3033,2,219.89
7458,603040,3051,2,147.73
7459,603041,3032,2,270.0
7460,603042,3075,4,149.36
7461,603042,3011,4,296.31
7462,603042,3016,5,50.22
7463,603043,9999,3,198.01
7464,603043,3050,2,269.09
7465,603043,3020,5,71.88
7466,603044,3075,4,337.54
7467,603044,3035,5,75.6
7468,603045,3029,1,286.49
7469,603045,3009,3,342.08
7470,603046,3022,1,66.51
7471,603046,3032,4,80.04
7472,603047,3011,5,247.43
7473,603047,3072,3,179.46
7474,603047,3018,5,97.51
7475,603047,3061,3,35.02
7476,603048,3024,4,177.29
7477,603048,3017,5,50.89
7478,603048,3042,4,283.65
7479,603049,3077,4,138.43
7480,603049,3068,3,218.09
7481,603049,3068,2,169.59
7482,603049,3067,2,69.01
7483,603050,3001,5,94.75
7484,603050,3015,3,246.36
7485,603050,3054,5,134.06
7486,603050,3068,3,118.56
7487,603051,3074,1,236.0
7488,603052,3048,1,-263.26
7489,603052,3077,3,219.37
7490,603053,3049,5,153.91
7491,603054,3017,3,93.34
7492,603054,3071,3,137.82
7493,603054,3018,5,163.34
7494,603055,3034,2,121.27
7495,603055,3031,3,280.35
7496,603056,3051,5,39.02
7497,603056,3071,4,13.2
7498,603056,3019,3,330.81
7499,603057,3003,1,179.37
7500,603057,3040,1,78.47
7501,603057,3022,4,248.21
7502,603058,3079,4,288.45
7503,603058,3010,3,205.53
7504,603059,3072,5,91.52
7505,603059,3069,3,319.17
7506,603059,3072,3,140.38
7507,603059,3008,5,27.13
7508,603060,3060,3,324.75
7509,603060,3039,1,63.13
7510,603060,3054,2,213.99
7511,603061,3040,3,18.74
7512,603061,3042,1,234.16
7513,603061,3049,5,87.45
7514,603062,3019,5,186.4
7515,603063,3070,1,306.53
7516,603063,3018,1,298.27
7517,603063,3009,4,71.14
7518,603063,3064,5,30.73
7519,603064,3074,2,30.68
7520,603065,3078,2,15.7
7521,603065,3042,3,134.19
7522,603066,3077,3,55.34
7523,603066,3040,2,71.33
7524,603066,3004,3,186.37
7525,603066,3033,4,284.43
7526,603067,3018,3,118.99
7527,603067,3013,3,171.05
7528,603068,3052,3,188.53
7529,603068,3064,4,169.2
7530,603068,3024,1,204.59
7531,603069,3024,3,243.52
7532,603069,3012,3,18.41
7533,603069,3024,3,63.41
7534,603069,3079,3,196.19
7535,603070,3006,4,118.55
7536,603070,3025,3,80.85
7537,603071,3052,1,250.5
7538,603072,3031,3,129.07
7539,603072,3071,4,197.76
7540,603073,3014,2,42.57
7541,603073,3027,1,87.9
7542,603073,3076,5,99.55
7543,603073,3025,1,188.24
7544,603074,3080,4,60.23
7545,603074,3061,2,49.43
7546,603075,3002,3,187.94
7547,603075,3006,2,8.4
7548,603075,3006,1,327.88
7549,603076,3074,1,87.4
7550,603076,3075,5,155.95
7551,603076,3028,3,184.66
7552,603077,3023,4,166.47
7553,603077,3009,2,140.28
7554,603078,3019,5,152.37
7555,603078,3064,4,344.81
7556,603078,3033,5,35.55
7557,603079,3049,5,127.79
7558,603079,3074,4,10.68
7559,603080,3023,4,312.33
7560,603080,3054,3,289.59
7561,603080,3033,5,-148.77
7562,603080,3022,2,85.46
7563,603081,3032,2,201.54
7564,603082,3072,2,144.33
7565,603082,3010,5,118.83
7566,603082,3005,5,99.13
7567,603082,3041,4,136.95
7568,603083,3016,2,122.67
7569,603084,3015,4,164.36
7570,603084,3078,1,260.95
7571,603084,3057,5,248.32
7572,603085,3060,3,334.9
7573,603085,3050,1,293.96
7574,603085,3023,2,68.01
7575,603086,3066,2,247.87
7576,603086,3021,5,336.3
7577,603086,3027,3,160.5
7578,603087,3058,3,148.15
7579,603087,3047,5,273.61
7580,603087,3044,1,334.82
7581,603087,3049,4,164.17
7582,603088,3002,4,298.33
7583,603088,3059,4,252.29
7584,603088,3010,1,164.71
7585,603089,3080,3,96.45
7586,603090,3077,3,288.24
7587,603090,3020,5,204.59
7588,603090,3067,5,127.52
7589,603090,3038,5,137.96
7590,603091,3060,1,220.94
7591,603091,3075,3,237.69
7592,603091,3048,5,88.79
7593,603092,3058,5,174.08
7594,603092,3034,5,172.78
7595,603093,3058,5,24.04
7596,603094,3022,5,102.05
7597,603094,3004,3,211.47
7598,603094,3004,1,222.04
7599,603095,3068,2,208.6
7600,603095,3069,3,204.71
7601,603095,3051,1,12.14
7602,603096,3055,1,86.37
7603,603096,3018,4,198.64
7604,603097,3030,5,86.38
7605,603097,3010,2,202.49
7606,603097,3054,5,66.04
7607,603097,3047,2,131.88
7608,603098,3051,2,180.42
7609,603098,3004,5,179.42
7610,603098,3075,4,346.15
7611,603098,3077,4,46.66
7612,603099,3070,2,334.88
7613,603099,3012,2,103.19
7614,603100,3064,3,316.91
7615,603101,3017,5,213.4
7616,603101,3062,2,332.33
7617,603101,3061,1,99.53
7618,603101,3078,4,347.85
7619,603102,3017,2,221.05
7620,603102,3037,3,242.83
7621,603102,3062,4,111.53
7622,603103,3048,4,274.88
7623,603103,3030,2,314.8
7624,603103,3060,2,73.37
7625,603103,3076,3,322.38
7626,603104,3071,4,108.13
7627,603104,3028,4,89.38
7628,603105,3016,3,74.38
7629,603106,3046,4,107.15
7630,603106,3067,1,136.45
7631,603107,3057,4,75.87
7632,603107,3067,5,75.55
7633,603107,3024,5,145.51
7634,603108,3040,1,323.42
7635,603108,3020,2,22.59
7636,603109,3030,3,70.49
7637,603109,3057,2,255.37
7638,603109,3031,3,130.16
7639,603109,3034,4,228.74
7640,603110,3037,2,246.45
7641,603110,3002,3,256.46
7642,603110,3061,4,131.41
7643,603110,3071,1,346.89
7644,603111,3025,3,74.01
7645,603111,3062,2,219.53
7646,603111,3040,4,317.02
7647,603111,3057,4,53.42
7648,603112,3001,5,134.39
7649,999999,3065,1,200.35
7650,603114,3080,2,256.36
7651,603114,3061,2,305.85
7652,603115,3035,2,61.49
7653,603115,3057,5,343.88
7654,603116,3071,5,115.99
7655,603116,3043,5,62.89
7656,603116,3063,2,294.72
7657,603117,3019,4,76.0
7658,603118,3032,5,79.48
7659,603118,3058,4,18.2
7660,603118,3041,5,153.58
7661,603119,3060,2,65.84
7662,603119,3027,3,108.0
7663,603120,3029,1,115.48
7664,603121,3053,5,210.3
7665,603121,3040,1,284.93
7666,603122,3004,4,209.56
7667,603123,3072,3,107.4
7668,603123,3063,5,107.57
7669,603124,3044,2,29.76
7670,603124,3028,3,253.86
7671,603125,3006,4,275.51
7672,603125,3014,1,86.87
7673,603126,3078,5,94.78
7674,603126,3038,5,55.71
7675,603126,3003,4,337.49
7676,603127,3072,3,148.96
7677,603127,3073,2,293.93
7678,603127,3069,2,25.75
7679,603127,3007,1,268.28
7680,603128,3065,2,87.17
7681,603128,3080,3,221.03
7682,603128,3020,1,229.94
7683,603129,3079,2,315.57
7684,603129,3024,5,247.77
7685,603129,3075,4,316.3
7686,603129,3009,3,20.48
7687,603130,3077,3,108.0
7688,603130,3047,2,105.89
7689,603130,3027,3,175.73
7690,603131,3036,4,113.41
7691,603132,3020,2,337.04
7692,603132,3019,2,15.62
7693,603132,3071,3,194.31
7694,603133,3022,5,271.54
7695,603133,3062,4,90.78
7696,603134,3006,1,141.8
7697,603134,3029,3,192.07
7698,603134,3045,2,20.24
7699,603134,3037,5,117.52
7700,603135,3011,2,344.58
7701,603135,3021,1,5.02
7702,603135,3019,3,96.75
7703,603136,3018,1,212.02
7704,603137,3025,1,187.28
7705,603137,3050,3,108.05
7706,603137,3031,1,300.48
7707,603138,3063,2,291.17
7708,603139,3056,2,343.71
7709,603139,3031,5,47.11
7710,603139,3007,1,306.65
7711,603139,3001,4,62.47
7712,603140,3001,4,227.4
7713,603140,3032,3,194.27
7714,603141,3019,2,20.29
7715,603141,3038,1,76.81
7716,603141,3023,1,299.39
7717,603141,3059,3,327.31
7718,603142,3073,3,75.68
7719,603142,3072,1,181.86
7720,603142,3071,2,132.6
7721,603142,3011,4,154.97
7722,603143,3050,5,84.96
7723,603144,3072,2,198.95
7724,603144,3022,4,330.93
7725,603145,3067,1,272.13
7726,603145,3006,4,139.37
7727,603145,3016,4,263.15
7728,603146,3003,2,236.09
7729,603147,3038,1,126.25
7730,603147,3072,4,41.68
7731,603147,3018,4,280.56
7732,603148,3066,4,142.13
7733,603148,3018,4,203.36
7734,603148,3060,2,170.02
7735,603149,3070,3,230.25
7736,603149,3067,2,214.22
7737,603150,3073,3,303.35
7738,603150,3036,3,88.91
7739,603151,3075,3,102.92
7740,603151,3036,5,183.5
7741,603151,3018,1,191.04
7742,603152,3070,5,163.59
7743,603152,3049,2,168.87
7744,603153,3007,2,261.46
7745,603153,3049,5,199.17
7746,603153,3028,3,117.43
7747,603154,3056,4,175.51
7748,603154,3011,2,192.26
7749,603154,3022,1,310.18
7750,603154,3007,4,107.49
7751,603155,3004,5,217.36
7752,603155,3043,5,294.91
7753,603155,3062,4,260.5
7754,603155,3046,4,166.11
7755,603156,3010,2,32.96
7756,603157,3036,3,167.46
7757,603157,3045,1,5.97
7758,603157,3066,2,195.0
7759,603158,3053,4,28.75
7760,603159,3044,2,161.21
7761,603159,3008,1,274.15
7762,603160,3016,3,104.73
7763,603160,3071,1,301.16
7764,603161,3034,1,184.48
7765,603162,3035,3,248.55
7766,603162,3032,1,129.16
7767,603162,3069,2,272.4
7768,603162,3024,3,59.28
7769,603163,3069,1,329.44
7770,603164,3025,4,138.92
7771,603164,3075,1,221.2
7772,603164,3003,1,83.66
7773,603164,3048,5,212.13
7774,603165,3038,5,344.3
7775,603165,3015,1,87.94
7776,603165,3054,1,178.88
7777,603166,3067,3,154.46
7778,603166,3059,2,92.48
7779,603166,3018,5,161.16
7780,603167,3045,5,186.7
7781,603167,3070,1,209.02
7782,603167,3051,3,122.84
7783,603168,3025,1,160.34
7784,603168,3024,2,164.96
7785,603168,3062,2,119.07
7786,603168,3075,4,178.46
7787,603169,3033,5,161.67
7788,603169,3068,3,253.6
7789,603169,3033,1,246.51
7790,603169,3067,3,174.32
7791,603170,3035,3,65.33
7792,603171,3039,2,76.05
7793,603171,3075,1,109.01
7794,603171,3064,2,31.14
7795,603171,3027,5,34.92
7796,603172,3059,4,109.14
7797,603172,3075,1,263.95
7798,603172,3054,4,154.71
7799,603172,3023,4,99.49
7800,603173,3045,1,305.91
7801,603173,3030,2,95.32
7802,603174,3015,4,347.13
7803,603174,3024,3,61.3
7804,603174,3076,2,57.2
7805,603174,3033,4,156.13
7806,603175,3016,4,21.59
7807,603175,3080,2,254.56
7808,603175,3048,1,31.19
7809,603175,3013,1,213.55
7810,603176,3077,4,144.72
7811,603176,3080,2,106.3
7812,603177,3058,2,138.5
7813,603178,3050,3,242.25
7814,603178,3018,4,108.0
7815,603178,3002,3,104.05
7816,603179,3044,5,310.87
7817,603179,3005,1,300.41
7818,603179,3012,5,175.12
7819,603179,3016,5,208.5
7820,603180,3055,1,192.41
7821,603181,3046,5,193.64
7822,603181,3025,2,192.85
7823,603181,3035,4,135.17
7824,603181,3009,4,143.2
7825,603182,3078,4,275.58
7826,603182,3066,1,149.98
7827,603183,3036,1,208.68
7828,603183,3039,1,276.83
7829,603183,3069,1,120.69
7830,603183,3046,1,256.13
7831,603184,3076,3,57.72
7832,603184,3043,5,76.92
7833,603184,3075,4,222.57
7834,603184,3026,5,129.06
7835,603185,3069,4,329.18
7836,603185,3073,5,41.43
7837,603185,3053,1,212.53
7838,603186,3058,3,263.81
7839,603187,3063,2,235.4
7840,603187,3075,4,208.01
7841,603187,3065,1,277.38
7842,603187,3050,2,196.26
7843,603188,3073,2,229.43
7844,603188,3024,2,148.47
7845,603189,3054,3,13.15
7846,603189,3052,2,115.87
7847,603190,3062,1,117.54
7848,603191,3036,3,161.57
7849,603192,3031,5,137.65
7850,603193,3074,1,127.23
7851,603194,3024,2,235.37
7852,603194,3054,5,300.36
7853,603194,3062,3,337.46
7854,603195,3025,1,184.16
7855,603195,3062,2,264.7
7856,603196,3076,1,343.3
7857,603196,3021,3,232.06
7858,603197,3013,4,18.43
7859,603197,3038,2,94.92
7860,603197,3030,5,29.61
7861,603198,3035,2,349.29
7862,603199,3004,2,217.21
7863,603200,3076,5,300.62
7864,603201,3015,3,256.47
7865,603201,3019,2,177.8
7866,603201,3005,3,98.43
7867,603202,3037,4,257.7
7868,603202,3024,3,252.57
7869,603203,3011,1,103.16
7870,603204,3047,2,303.73
7871,603204,3063,5,149.17
7872,603204,3048,2,34.59
7873,603204,3036,4,18.19
7874,603205,3042,5,25.68
7875,603205,3030,1,294.66
7876,603206,3072,1,5.32
7877,603206,3038,1,166.44
7878,603206,9999,4,317.32
7879,603207,3061,5,187.91
7880,603207,3064,5,264.5
7881,603207,3073,4,9.76
7882,603208,3077,3,270.65
7883,603208,3033,3,111.69
7884,603209,3047,4,244.04
7885,603209,3003,3,178.8
7886,603210,3030,1,38.3
7887,603211,3011,1,291.09
7888,603212,3050,3,243.45
7889,603212,3003,5,92.96
7890,603212,3009,5,98.59
7891,603213,3064,3,87.21
7892,603214,3075,2,6.87
7893,603214,3003,5,330.72
7894,603214,3066,5,330.9
7895,603214,3052,5,177.79
7896,603215,3031,3,76.53
7897,603215,3031,3,265.8
7898,603215,3001,2,318.29
7899,603216,3073,4,294.22
7900,603217,3073,1,47.94
7901,603218,3073,1,80.75
7902,603218,3030,5,230.72
7903,603218,3015,2,44.7
7904,603218,3061,3,65.63
7905,603219,3068,1,289.01
7906,603220,3053,1,156.2
7907,603220,3021,3,267.81
7908,603220,3032,4,279.12
7909,603221,3020,3,166.61
7910,603221,3048,5,27.95
7911,603221,3048,1,268.86
7912,603221,3017,2,218.9
7913,603222,3010,5,200.04
7914,603222,3071,1,72.73
7915,603223,3048,3,177.86
7916,603223,3055,3,121.81
7917,603223,3028,1,30.98
7918,603224,3018,2,267.93
7919,603225,3036,5,170.43
7920,603225,3025,3,54.85
7921,603225,3036,1,241.68
7922,603226,3072,3,326.38
7923,603227,3070,3,199.67
7924,603228,3068,4,271.2
7925,603228,3011,4,121.18
7926,603228,3040,2,160.41
7927,603229,3012,3,288.3
7928,603229,9999,1,41.24
7929,603229,3064,4,57.11
7930,603229,3074,3,16.74
7931,603230,3015,2,188.19
7932,603231,3073,2,274.85
7933,603231,3066,1,30.16
7934,603232,3004,2,334.48
7935,603232,3011,1,80.02
7936,603232,9999,4,200.55
7937,603233,3005,3,185.7
7938,603233,3003,4,41.14
7939,603233,3043,1,201.64
7940,603234,3046,5,11.48
7941,603234,3076,5,183.5
7942,603234,3024,3,209.77
7943,603234,3012,3,260.6
7944,603235,3078,1,302.35
7945,603235,3024,3,290.06
7946,603235,3028,3,125.76
7947,603235,9999,4,289.74
7948,603236,3040,2,170.01
7949,603237,3065,3,268.63
7950,603237,3027,1,22.54
7951,603237,3022,4,7.45
7952,603238,3004,2,53.74
7953,603238,3063,5,313.82
7954,603239,3011,5,39.71
7955,603239,3076,4,310.31
7956,603239,3031,4,257.35
7957,603239,3025,5,332.56
7958,603240,3013,2,204.89
7959,603240,3047,4,176.88
7960,603240,3043,5,330.23
7961,603240,3034,2,76.16
7962,603241,3027,1,169.83
7963,603241,3069,1,264.32
7964,603241,3021,1,224.15
7965,603241,3032,1,35.59
7966,603242,3006,1,309.69
7967,603242,3066,3,288.09
7968,603243,3010,5,175.86
7969,603243,3073,2,68.0
7970,603244,3031,4,20.36
7971,603244,3080,4,272.51
7972,603245,3055,4,210.09
7973,603246,3040,1,87.33
7974,603247,3002,0,141.51
7975,603248,3037,4,36.66
7976,603248,3055,3,254.78
7977,603249,3060,2,93.45
7978,603249,3063,3,164.18
7979,603249,3028,2,307.95
7980,603250,3040,1,26.9
7981,603250,3050,2,143.64
7982,603250,3010,4,83.57
7983,603251,3045,2,209.75
7984,603251,3002,4,344.42
7985,603251,3010,5,199.07
7986,603251,3043,4,153.32
7987,603252,3011,3,211.88
7988,603252,3080,2,41.32
7989,603252,3074,4,244.46
7990,603253,3033,2,314.38
7991,603253,3007,4,289.31
7992,603254,3031,2,348.49
7993,603254,3054,5,177.37
7994,603255,3059,0,173.95
7995,603255,3044,4,140.37
7996,603256,3047,5,258.5
7997,603256,3040,3,322.72
7998,603256,3043,2,160.7
7999,603257,3068,5,62.68
8000,603257,3078,3,82.51
8001,603258,3009,5,179.47
8002,603258,3016,3,328.3
8003,603259,3060,4,196.09
8004,603259,3018,5,141.58
8005,603259,3018,5,211.87
8006,603260,3074,5,32.28
8007,603260,3005,2,268.16
8008,603260,3038,3,339.53
8009,603260,3066,2,233.05
8010,603261,3062,5,5.81
8011,603261,3057,3,239.5
8012,603261,3066,3,344.03
8013,603262,3027,5,84.33
8014,603262,3070,1,94.02
8015,999999,3017,2,324.04
8016,603264,3036,3,65.93
8017,603264,3035,4,133.02
8018,603265,3067,2,178.36
8019,603265,3070,4,264.77
8020,603265,3060,1,217.85
8021,603266,3064,1,189.18
8022,603266,3046,1,254.29
8023,603266,3051,5,328.99
8024,603266,3034,5,215.28
8025,603267,3023,1,51.49
8026,603267,3035,1,309.17
8027,603268,3018,5,291.49
8028,603268,3071,3,125.64
8029,603268,3060,4,178.59
8030,603268,3035,4,118.85
8031,603269,3017,5,196.47
8032,603269,3017,3,279.31
8033,603269,3019,3,142.93
8034,603269,3017,3,272.72
8035,603270,3080,3,100.46
8036,603270,3010,5,84.72
8037,603270,3016,3,148.34
8038,603271,3066,1,322.17
8039,603271,3052,3,331.85
8040,603272,3025,1,190.22
8041,603272,3062,3,99.75
8042,603273,3072,3,284.32
8043,603273,3018,1,216.45
8044,603273,3027,1,268.09
8045,603273,3056,2,34.63
8046,603274,3060,5,249.0
8047,603275,3015,2,338.98
8048,603276,3003,3,279.13
8049,603276,3018,1,173.27
8050,603277,3030,2,286.22
8051,603277,3062,1,20.83
8052,603278,3004,4,340.1
8053,603278,3056,3,125.14
8054,603278,3069,3,272.22
8055,603279,3053,4,329.02
8056,603279,3076,0,310.74
8057,603280,3059,2,181.97
8058,603280,3015,2,10.99
8059,603280,3002,1,249.79
8060,603280,3069,2,308.41
8061,603281,3043,4,6.85
8062,603281,3015,1,124.59
8063,603281,3036,4,46.14
8064,603281,3006,1,222.62
8065,603282,3017,5,301.73
8066,603282,3048,4,231.6
8067,603282,3022,4,152.48
8068,603283,3025,5,81.38
8069,603283,3019,1,105.82
8070,603283,3018,1,348.57
8071,603284,3071,4,44.72
8072,603284,3060,3,121.97
8073,603284,3070,1,175.99
8074,603284,3034,1,139.34
8075,603285,3030,5,125.03
8076,603285,3062,4,27.0
8077,603286,3016,1,234.11
8078,603286,3066,5,321.37
8079,603286,3074,3,180.19
8080,603286,3041,5,177.5
8081,603287,3022,4,319.67
8082,603287,3074,2,264.46
8083,603287,3006,2,292.19
8084,603288,3066,3,307.62
8085,603288,3039,4,327.32
8086,603288,3012,5,346.07
8087,603289,3053,4,144.23
8088,603290,3080,4,169.29
8089,603290,3050,4,123.71
8090,603291,3052,3,282.56
8091,603291,3055,4,69.97
8092,603291,3021,2,225.6
8093,603291,3036,1,49.77
8094,603292,3057,2,196.01
8095,603292,3050,2,71.08
8096,603293,3017,4,189.25
8097,603293,3034,2,218.97
8098,603293,3025,4,240.38
8099,603293,3041,5,13.86
8100,603294,3044,1,100.54
8101,603294,3016,1,212.16
8102,603294,3074,4,292.97
8103,603294,3057,3,93.79
8104,603295,3037,4,244.31
8105,603295,3075,4,138.79
8106,603295,3041,4,165.02
8107,603296,3042,4,209.72
8108,603296,3006,2,51.22
8109,603296,3068,1,124.27
8110,603296,3005,4,149.57
8111,603297,3033,5,248.83
8112,603297,3031,2,278.96
8113,603297,3070,2,203.63
8114,603298,3023,1,345.31
8115,603298,3036,3,324.62
8116,603299,3067,3,119.52
8117,603300,3078,1,180.55
8118,603300,3051,5,70.48
8119,603300,3010,2,6.41
8120,603300,3019,3,298.59
8121,603301,3009,1,305.07
8122,603301,3057,1,29.98
8123,603301,3012,3,107.28
8124,603302,3058,5,189.28
8125,603303,3011,2,35.88
8126,603303,3002,3,65.29
8127,603303,3035,5,295.28
8128,603303,3030,3,111.74
8129,603304,3001,5,250.48
8130,603304,3066,1,56.21
8131,603304,3034,4,334.87
8132,603304,3055,2,302.3
8133,603305,3006,2,287.76
8134,603306,3068,2,304.47
8135,603306,3028,5,144.08
8136,603307,3042,2,173.47
8137,603307,3060,4,149.06
8138,603307,3061,4,227.27
8139,603308,3022,5,255.1
8140,603309,3030,4,52.06
8141,603309,3052,5,245.39
8142,603309,3063,5,179.59
8143,603310,3010,4,153.95
8144,603310,3065,3,129.76
8145,603310,3050,2,225.44
8146,603310,3030,4,132.79
8147,603311,3058,4,220.73
8148,603312,3059,1,301.58
8149,603313,3017,1,50.79
8150,603313,3033,1,282.97
8151,603313,3076,3,119.08
8152,603313,3023,2,19.67
8153,603314,3052,2,339.33
8154,603314,3040,3,346.71
8155,603314,3013,4,252.63
8156,603315,3001,5,118.72
8157,603315,3045,5,45.38
8158,603315,3035,1,242.38
8159,603315,3070,2,139.32
8160,603316,3070,2,36.53
8161,603317,3057,2,271.92
8162,603318,3070,3,154.05
8163,603319,3006,5,61.15
8164,603319,3007,5,341.84
8165,603320,3001,5,92.67
8166,603320,3058,2,236.28
8167,603320,3018,3,45.61
8168,603321,3013,4,206.22
8169,603321,3010,4,197.13
8170,603321,3014,1,156.62
8171,603322,3040,1,119.82
8172,603322,3039,5,305.24
8173,603323,3037,5,190.57
8174,603324,3060,4,315.88
8175,603324,3077,3,96.75
8176,603324,3046,3,63.28
8177,603325,3058,4,151.81
8178,603326,3006,3,157.2
8179,603327,3043,2,34.8
8180,603327,3055,5,342.52
8181,603327,3016,4,95.32
8182,603328,3002,3,135.85
8183,603328,3037,3,324.39
8184,603329,3031,2,198.7
8185,603330,3067,5,31.85
8186,603330,3011,2,283.89
8187,603331,3028,4,70.12
8188,603332,3046,3,259.59
8189,603333,3022,5,326.32
8190,603333,3022,1,254.41
8191,603334,3060,4,322.61
8192,603334,3021,1,68.34
8193,603334,3031,2,202.32
8194,603335,3034,4,162.33
8195,603335,3054,3,166.19
8196,603335,3078,5,50.3
8197,603336,3053,2,101.39
8198,603337,3003,1,339.55
8199,603338,3042,3,17.43
8200,603338,3043,1,276.24
8201,603339,3013,1,45.87
8202,603339,3045,3,196.56
8203,603340,3050,2,108.77
8204,603340,3068,1,113.47
8205,603341,3046,1,119.91
8206,603341,3073,1,211.31
8207,603341,3001,1,343.96
8208,603342,3044,1,332.15
8209,603342,3001,3,340.53
8210,603342,3030,5,153.08
8211,603342,3068,5,222.66
8212,603343,3026,2,164.74
8213,603344,3019,5,284.19
8214,603344,3050,1,296.04
8215,603344,3065,5,23.16
8216,603345,3059,1,41.46
8217,603345,3001,2,44.1
8218,603345,3006,3,36.62
8219,603345,3071,2,59.16
8220,603346,3068,1,326.24
8221,603347,3031,4,78.92
8222,603347,3066,3,91.59
8223,603348,3057,4,48.68
8224,603348,3061,3,100.09
8225,603349,3068,2,262.23
8226,603349,3032,4,65.4
8227,603349,3031,4,296.34
8228,603349,3042,1,79.84
8229,603350,3078,4,28.4
8230,603351,3047,3,18.73
8231,603351,3045,4,42.83
8232,603351,3004,5,178.78
8233,603352,3020,1,64.51
8234,603352,3057,1,338.7
8235,603352,3079,3,72.86
8236,603353,3036,5,114.09
8237,603354,3031,3,121.43
8238,603355,3044,1,341.63
8239,603355,3078,2,155.42
8240,603356,3007,4,276.66
8241,603356,3070,4,54.98
8242,603356,3059,3,153.93
8243,603357,3005,5,314.54
8244,603357,3041,3,55.95
8245,603357,3075,1,66.15
8246,603357,3022,1,42.23
8247,603358,3024,2,240.36
8248,603358,3016,2,29.78
8249,603359,3076,3,55.97
8250,603360,3037,1,284.16
8251,603361,3044,2,22.06
8252,603361,3075,2,339.59
8253,603362,3053,5,51.59
8254,603362,3043,1,346.11
8255,603362,3036,1,238.98
8256,603363,3030,1,237.15
8257,603363,3059,2,38.35
8258,603364,3059,2,312.76
8259,603365,3080,3,42.41
8260,603365,3005,4,305.1
8261,603366,3005,5,184.07
8262,603367,3036,3,57.78
8263,603367,3069,3,109.12
8264,603367,3080,5,344.61
8265,603367,3045,2,140.44
8266,603368,3024,1,14.1
8267,603369,3034,2,152.59
8268,603369,3028,5,14.96
8269,603370,3002,5,181.97
8270,603370,3046,1,199.1
8271,603371,3007,2,95.06
8272,603371,3054,1,248.34
8273,603372,3067,2,217.15
8274,603372,3070,3,163.15
8275,603372,3026,5,328.78
8276,603373,3065,5,151.12
8277,603373,3015,2,128.94
8278,603373,3076,2,96.51
8279,603373,3043,5,182.37
8280,603374,3048,2,285.81
8281,603374,3016,2,248.71
8282,603374,3061,3,60.48
8283,603374,3034,1,92.27
8284,603375,3010,2,38.95
8285,603375,3010,4,330.26
8286,603375,3018,1,108.72
8287,603375,3036,3,105.82
8288,603376,3002,2,298.18
8289,603376,3061,2,238.61
8290,603376,3079,1,269.44
8291,603376,3037,4,36.08
8292,603377,3069,2,287.48
8293,603378,3049,1,59.91
8294,603378,3063,1,233.18
8295,603378,3070,3,111.79
8296,603378,3007,2,145.99
8297,603379,3064,2,80.49
8298,603380,3037,1,219.89
8299,603380,3068,5,333.13
8300,603380,3023,3,63.89
8301,603381,3027,3,101.93
8302,603381,3057,1,322.68
8303,603381,3045,5,302.2
8304,603382,3045,3,107.0
8305,603382,3057,5,167.02
8306,603382,3053,4,33.41
8307,603382,3003,2,129.06
8308,603383,3038,3,10.84
8309,603383,3062,4,33.7
8310,603383,3057,4,150.93
8311,603383,3077,1,314.95
8312,603384,3068,1,245.65
8313,603384,3011,4,111.92
8314,603384,3040,3,86.85
8315,603384,3042,5,76.84
8316,603385,3014,2,322.02
8317,603385,3014,3,251.03
8318,603386,3032,5,344.6
8319,603386,3009,3,68.9
8320,603386,3059,1,16.63
8321,603387,3079,5,239.54
8322,603387,3036,3,172.63
8323,603388,3008,2,57.7
8324,603389,3010,3,264.82
8325,603389,3056,5,230.71
8326,603389,3043,1,171.41
8327,603389,3057,4,339.09
8328,603390,3052,2,48.22
8329,603390,3040,3,28.67
8330,603391,3036,1,188.84
8331,603391,3062,3,190.07
8332,603392,3059,4,271.84
8333,603392,3058,3,111.26
8334,603393,3013,1,221.27
8335,603393,3006,5,38.44
8336,603393,3061,5,256.45
8337,603394,3005,1,197.69
8338,603395,3064,4,76.81
8339,603395,3075,3,193.78
8340,603395,3074,4,250.74
8341,603395,3018,2,43.2
8342,603396,3028,1,86.49
8343,603396,3062,5,82.68
8344,603397,3013,2,218.56
8345,603398,3066,2,227.12
8346,603398,3008,3,191.85
8347,603399,3023,5,60.66
8348,603400,3054,3,33.88
8349,603400,3061,1,148.67
8350,603400,3060,5,164.27
8351,603401,3047,4,160.5
8352,603401,3047,3,242.51
8353,603401,3016,2,334.79
8354,603402,3035,2,283.25
8355,603402,3067,4,6.85
8356,603402,3017,4,307.86
8357,603403,3022,2,290.31
8358,603404,3075,4,331.46
8359,603404,3034,2,197.62
8360,603405,3007,3,188.4
8361,603405,3031,5,116.34
8362,603405,3013,3,57.56
8363,603406,3026,5,130.33
8364,603406,3039,3,308.6
8365,603406,3064,5,-68.7
8366,603406,3071,2,271.37
8367,603407,3013,3,271.73
8368,603408,3004,4,133.19
8369,603408,3071,4,326.03
8370,603409,3077,1,183.37
8371,603410,3041,3,217.35
8372,603410,3048,1,128.78
8373,603410,3048,2,237.05
8374,603411,3008,2,331.46
8375,603411,3067,4,62.59
8376,603411,3011,5,111.61
8377,603412,3060,5,133.42
8378,603413,3039,3,257.45
8379,603413,3080,4,196.39
8380,603414,3069,3,17.38
8381,603414,3048,4,239.52
8382,603415,3004,4,163.96
8383,603415,3032,4,6.76
8384,603415,3008,5,191.25
8385,603416,3046,4,259.83
8386,603416,3032,5,251.57
8387,603417,3060,2,325.64
8388,603418,3035,2,243.91
8389,603418,3025,3,213.25
8390,603419,3051,3,182.6
8391,603420,3058,1,187.9
8392,603420,3057,3,206.19
8393,603420,3061,5,87.08
8394,603420,3031,2,216.72
8395,603421,3035,1,218.64
8396,603421,3018,3,328.12
8397,603421,3027,5,155.73
8398,603421,3037,3,209.39
8399,603422,3002,5,146.01
8400,603422,3004,5,128.47
8401,603422,3060,4,100.28
8402,603422,3001,5,96.25
8403,603423,3017,4,62.81
8404,603424,3065,3,321.61
8405,603424,3033,5,178.6
8406,603425,3003,5,233.96
8407,603425,3036,5,206.91
8408,603426,3008,1,56.28
8409,603427,3045,1,292.01
8410,603427,3053,2,8.18
8411,603427,3020,1,48.73
8412,603427,3076,1,234.6
8413,603428,3028,1,47.76
8414,603428,3042,5,235.37
8415,603428,3078,1,22.06
8416,603428,3037,5,326.43
8417,603429,3080,4,256.81
8418,603429,3038,3,200.43
8419,603429,3053,4,267.13
8420,603430,3014,1,162.0
8421,603430,3050,5,16.89
8422,603431,3025,2,329.35
8423,603431,3005,4,45.55
8424,603432,3004,3,145.45
8425,603433,3026,5,116.16
8426,603433,3002,3,189.88
8427,603433,3011,3,192.87
8428,603434,3080,4,270.94
8429,603435,3024,1,56.1
8430,603436,3046,5,192.84
8431,603437,3080,3,290.75
8432,603437,3062,3,106.6
8433,603437,3060,3,303.57
8434,603438,3018,3,176.92
8435,603438,3073,4,253.08
8436,603439,3076,4,82.33
8437,603440,3063,2,102.59
8438,603440,3037,5,272.52
8439,603441,3039,1,284.53
8440,603441,3024,5,166.48
8441,603441,3045,3,298.95
8442,603441,3035,3,188.13
8443,603442,3076,5,88.86
8444,603442,3056,4,194.03
8445,603443,3072,5,289.71
8446,603444,3021,2,46.64
8447,603444,3053,1,213.42
8448,603445,3063,4,53.99
8449,603445,3019,1,115.13
8450,603445,3002,4,117.46
8451,603446,3005,2,114.95
8452,603446,3067,2,117.68
8453,603446,3074,5,11.28
8454,603446,3032,4,288.7
8455,603447,3018,5,147.86
8456,603447,3010,3,290.44
8457,603447,3004,2,233.99
8458,603447,3079,5,65.28
8459,603448,3033,4,96.53
8460,603449,3070,1,242.21
8461,603449,3042,4,105.49
8462,603450,3051,4,348.39
8463,603451,3029,4,239.53
8464,603451,3057,2,40.59
8465,603451,3013,3,213.03
8466,603451,3047,3,312.39
8467,603452,3047,2,17.95
8468,603453,3071,1,325.26
8469,603453,3018,1,250.25
8470,603454,3016,1,223.85
8471,603454,3044,5,56.81
8472,603454,3013,2,245.18
8473,603455,3017,5,153.01
8474,603456,3008,2,80.55
8475,603456,3033,5,236.84
8476,603456,3038,5,316.97
8477,603456,3080,1,279.74
8478,603457,3033,3,255.65
8479,603458,3079,3,153.91
8480,603459,3079,3,139.95
8481,603459,3058,3,144.91
8482,603459,3018,5,295.18
8483,603459,3002,1,277.16
8484,603460,3038,4,275.4
8485,603460,3055,0,29.97
8486,603460,3028,3,96.45
8487,603461,3011,3,109.99
8488,603461,3003,4,198.51
8489,603462,3069,2,236.79
8490,603463,3009,2,101.67
8491,603463,3036,3,264.97
8492,603464,3001,1,192.21
8493,603465,3034,4,175.98
8494,603465,3069,5,162.44
8495,603465,3054,4,321.25
8496,603465,3073,1,34.19
8497,603466,3069,4,67.08
8498,603466,3066,5,201.04
8499,603467,3052,1,130.11
8500,603467,3003,2,124.54
8501,603468,3027,4,50.78
8502,603469,3039,2,192.77
8503,603470,3054,1,320.41
8504,603470,3031,4,259.2
8505,603470,3022,1,184.34
8506,603470,3029,4,198.99
8507,603471,3027,2,111.22
8508,603471,3077,3,91.26
8509,603471,3058,5,255.86
8510,603471,3057,2,154.55
8511,603472,3020,4,139.3
8512,603473,3055,3,190.8
8513,603473,3026,2,38.02
8514,603473,3016,5,226.89
8515,603474,3021,4,257.38
8516,603474,3050,4,15.88
8517,603474,3070,1,26.95
8518,603474,3056,4,349.49
8519,603475,3034,5,289.61
8520,603476,3030,1,136.7
8521,603476,3064,5,32.54
8522,603476,3030,1,192.28
8523,603477,3001,5,48.54
8524,603477,3054,3,329.22
8525,603477,3033,3,7.58
8526,603477,3021,3,28.43
8527,603478,3016,1,284.25
8528,603478,3074,2,348.26
8529,603479,3067,4,222.83
8530,603479,3039,2,117.98
8531,603479,3071,2,6.15
8532,603480,3008,1,214.48
8533,603480,3016,5,206.52
8534,603481,3012,3,287.72
8535,603481,3031,1,18.02
8536,603482,3032,5,185.88
8537,603483,3037,5,233.29
8538,603483,3072,5,321.49
8539,603483,3052,4,52.05
8540,603483,3071,5,113.61
8541,603484,3035,1,262.21
8542,603484,3031,4,145.26
8543,603484,3010,3,193.93
8544,603485,3071,1,221.03
8545,603485,3018,5,166.46
8546,603485,3047,5,171.67
8547,603485,3064,4,175.41
8548,603486,3034,1,331.61
8549,603486,3018,4,187.52
8550,603486,3002,5,127.71
8551,603486,3002,1,162.93
8552,603487,3035,2,334.78
8553,603488,3079,1,228.19
8554,603488,3004,5,15.25
8555,603488,3021,3,89.45
8556,603489,3008,1,282.57
8557,603489,3063,4,101.42
8558,603490,3064,4,251.9
8559,603490,3074,5,314.06
8560,603491,3058,2,93.51
8561,603491,3046,4,240.88
8562,603491,3012,1,144.99
8563,603492,3004,2,118.94
8564,603492,3028,2,20.3
8565,603492,3036,3,111.02
8566,603492,3019,5,336.23
8567,603493,3059,3,249.79
8568,603494,3069,4,-336.32
8569,603494,3062,1,222.45
8570,603494,3027,4,207.53
8571,603494,3003,3,57.77
8572,603495,3032,4,332.01
8573,603495,3079,4,241.31
8574,603496,3068,2,43.72
8575,603496,3021,1,200.11
8576,603497,3060,2,93.96
8577,603498,3070,3,199.01
8578,603498,3079,4,177.7
8579,603498,3025,4,157.21
8580,603499,3060,4,294.27
8581,603499,3041,1,128.53
8582,603500,3016,3,28.16
8583,603500,3052,4,169.93
8584,603500,3054,4,22.33
8585,603500,3023,5,23.41
8586,603501,3054,4,62.36
8587,603501,3041,4,161.16
8588,603501,3044,1,79.95
8589,603501,3012,1,343.78
8590,603502,3053,5,226.92
8591,603502,3068,5,164.63
8592,603503,3076,2,186.68
8593,603504,3008,3,93.89
8594,603504,3048,2,309.25
8595,603505,3026,2,280.1
8596,603505,3041,4,44.84
8597,603505,3049,3,310.55
8598,603505,3001,1,110.37
8599,603506,3057,5,104.52
8600,603507,3025,3,243.12
8601,603507,3067,4,129.82
8602,603507,3066,2,22.03
8603,603507,3032,1,240.15
8604,603508,3045,5,272.75
8605,603508,3064,3,37.02
8606,603508,3022,3,247.68
8607,603508,3064,4,283.06
8608,603509,3045,4,217.54
8609,603509,3079,2,243.22
8610,603509,3012,1,273.48
8611,603510,3052,3,101.54
8612,603510,3037,3,30.55
8613,603510,3067,2,324.92
8614,603510,3002,3,83.61
8615,603511,3044,2,117.92
8616,603511,3014,1,87.37
8617,603512,3072,2,109.51
8618,603513,3012,5,226.63
8619,603514,3017,4,297.4
8620,603514,3043,1,124.89
8621,603515,3057,4,103.29
8622,603515,3029,3,45.26
8623,603515,3068,5,116.91
8624,603515,3037,2,72.37
8625,603516,3040,1,204.8
8626,603516,3047,4,92.49
8627,603517,3063,5,235.96
8628,603517,3055,3,174.59
8629,603518,3066,5,139.15
8630,603518,3079,1,73.78
8631,603519,3057,4,307.81
8632,603519,3059,4,347.44
8633,603519,3019,2,293.47
8634,603519,3057,5,147.88
8635,603520,3040,3,13.12
8636,603520,3012,2,162.88
8637,603521,3040,2,342.45
8638,603521,3045,2,31.06
8639,603521,3004,5,147.87
8640,603521,3071,1,79.2
8641,603522,3072,4,121.73
8642,603522,3009,5,339.87
8643,603523,3066,1,84.78
8644,603523,3066,1,46.22
8645,603523,3046,4,275.43
8646,603524,3060,1,278.03
8647,603524,3027,2,23.03
8648,603524,3026,5,69.49
8649,603525,3020,3,203.73
8650,603525,3036,1,236.69
8651,603525,3003,4,209.04
8652,603526,3020,1,220.25
8653,603526,3076,5,221.42
8654,603526,3031,2,254.89
8655,603526,3011,3,8.3
8656,603527,3027,2,252.81
8657,603527,3052,3,145.76
8658,603527,3053,1,72.52
8659,603527,3047,1,152.65
8660,603528,3069,1,326.38
8661,603528,3051,5,207.67
8662,603529,3037,1,105.4
8663,603529,3043,4,-283.83
8664,603529,3024,3,92.25
8665,603530,3035,3,50.0
8666,603531,3009,3,199.79
8667,603532,3067,5,247.52
8668,603532,3063,1,224.54
8669,603533,3004,2,84.72
8670,603534,3076,4,86.04
8671,603534,3004,1,285.87
8672,603534,3023,5,19.93
8673,603534,3032,5,97.9
8674,603535,3022,5,88.13
8675,603536,3021,4,27.67
8676,603536,3051,1,110.47
8677,603536,3038,3,153.59
8678,603537,3057,3,193.99
8679,603538,3057,5,314.32
8680,603538,3028,3,126.4
8681,603538,3011,1,46.39
8682,603538,3040,4,176.7
8683,603539,3050,4,29.15
8684,603539,3022,1,74.6
8685,603540,3046,5,158.69
8686,603541,3013,3,276.83
8687,603542,3074,1,185.29
8688,603542,3075,2,304.18
8689,603543,3060,2,9.05
8690,603543,3071,1,81.28
8691,603544,3024,3,235.52
8692,603544,3021,4,76.39
8693,603544,3014,4,19.43
8694,603545,3077,2,9.81
8695,603545,3025,2,246.56
8696,603546,3055,5,108.22
8697,603546,3039,1,204.67
8698,603546,3025,2,27.63
8699,603547,3073,3,-237.96
8700,603547,3018,4,333.36
8701,603547,3057,1,63.63
8702,603548,3034,3,83.33
8703,603548,3070,3,306.72
8704,603549,3037,1,345.46
8705,603550,3014,1,307.02
8706,603550,3075,5,239.94
8707,603551,3017,3,204.55
8708,603551,3012,4,89.87
8709,603551,3053,1,217.76
8710,603551,3008,2,260.44
8711,603552,3065,1,85.38
8712,603553,3021,4,257.04
8713,603553,3046,1,343.23
8714,603553,3076,5,240.42
8715,603553,3075,3,218.19
8716,603554,3076,4,178.57
8717,603554,3075,1,218.73
8718,603554,3033,4,41.54
8719,603555,3065,1,227.19
8720,603555,3075,4,55.14
8721,603555,3032,1,258.0
8722,603556,3006,4,264.5
8723,603556,3006,1,230.06
8724,603557,3025,4,201.46
8725,603557,3045,5,335.12
8726,603557,3040,4,38.18
8727,603557,3071,4,93.74
8728,603558,3053,1,50.56
8729,603558,3065,5,147.63
8730,603559,3022,5,330.47
8731,603559,3071,3,286.84
8732,603560,3068,4,133.61
8733,603561,3036,5,270.38
8734,603561,3055,4,201.42
8735,603561,3033,5,242.36
8736,603561,3043,2,187.96
8737,603562,3013,4,24.27
8738,603562,3030,3,64.47
8739,603562,3057,2,230.31
8740,603563,3067,4,224.02
8741,603563,3072,2,243.76
8742,603563,3025,5,22.1
8743,603563,3064,5,15.98
8744,603564,3003,5,236.99
8745,603564,3027,3,49.17
8746,603565,3030,4,290.16
8747,603565,3040,3,120.84
8748,603565,3065,4,336.05
8749,603566,3048,5,148.49
8750,603566,3047,5,95.32
8751,603567,3072,3,128.95
8752,603567,3059,4,245.79
8753,603567,3080,4,45.8
8754,603568,3065,5,259.06
8755,603568,3076,4,131.17
8756,603568,3028,4,167.16
8757,603568,3006,2,214.07
8758,603569,3032,3,59.21
8759,603569,3036,5,226.83
8760,603570,3065,2,96.96
8761,603570,3040,4,250.56
8762,603570,3019,4,184.65
8763,603570,3065,3,75.82
8764,603571,3006,5,139.4
8765,603571,3003,2,133.1
8766,603572,3012,2,172.62
8767,603572,3027,1,94.33
8768,603572,3073,4,157.77
8769,603572,3053,1,324.04
8770,603573,3069,2,326.95
8771,603574,3032,2,265.13
8772,603575,3046,4,322.58
8773,603575,3001,3,170.24
8774,603575,3033,3,42.07
8775,603576,3069,2,284.42
8776,603576,3067,4,337.06
8777,603576,3061,1,302.87
8778,603576,3031,2,155.36
8779,603577,3032,2,93.91
8780,603577,3033,1,263.09
8781,603578,3074,4,145.39
8782,603579,3080,2,5.68
8783,603579,3078,4,167.23
8784,603579,3033,5,185.82
8785,603579,3069,4,304.11
8786,603580,3024,3,151.12
8787,603580,3060,1,173.24
8788,603580,3006,5,31.91
8789,603580,3064,4,162.0
8790,603581,3005,5,191.88
8791,603581,3002,1,13.47
8792,603582,3001,1,205.08
8793,603583,3049,5,19.43
8794,603583,3016,5,262.48
8795,603584,3076,3,261.4
8796,603584,3024,4,297.39
8797,603584,3040,3,187.14
8798,603584,3072,2,142.28
8799,603585,3022,1,27.81
8800,603586,3015,5,275.24
8801,603586,3033,2,37.06
8802,603586,3017,3,207.21
8803,603586,3062,4,308.35
8804,603587,3026,3,81.97
8805,603587,3016,4,146.06
8806,603587,3044,3,278.3
8807,603588,3071,3,89.57
8808,603588,3051,3,214.12
8809,603588,3045,4,322.64
8810,603588,3005,5,7.12
8811,603589,3018,5,168.59
8812,603589,3034,3,87.67
8813,603589,3023,2,203.07
8814,603590,3037,3,238.95
8815,603590,3025,3,332.09
8816,603590,3077,3,340.81
8817,603591,3063,5,298.84
8818,603591,3079,1,18.51
8819,603592,3022,2,137.41
8820,603593,3017,4,161.1
8821,603593,3044,4,213.05
8822,603593,3015,2,236.32
8823,603593,3020,3,178.48
8824,603594,3044,3,209.26
8825,603595,3006,1,95.59
8826,603595,3001,3,347.88
8827,603596,3018,2,89.68
8828,603596,3024,5,34.07
8829,603596,3008,2,208.3
8830,603597,3008,3,91.53
8831,603597,3039,1,252.94
8832,603597,3078,4,255.48
8833,603597,3016,5,170.86
8834,603598,3073,1,205.95
8835,603598,3049,2,239.74
8836,603598,3062,3,235.01
8837,603598,3032,1,30.29
8838,603599,3079,5,331.55
8839,603599,3063,2,286.1
8840,603599,3002,5,312.28
8841,603599,3060,5,240.46
8842,603600,3032,4,119.87
8843,603601,3064,1,309.28
8844,603601,3015,5,131.46
8845,603601,3031,4,261.95
8846,603602,3036,2,48.08
8847,603603,3052,3,215.39
8848,603603,3049,3,344.84
8849,603603,3028,3,123.37
8850,603604,3066,4,313.02
8851,603604,3053,1,259.22
8852,603604,3037,4,17.95
8853,603604,3043,3,343.0
8854,603605,3058,1,347.28
8855,603606,3014,4,189.37
8856,603606,3067,3,56.43
8857,603606,3010,2,174.38
8858,603606,3021,4,319.04
8859,603607,3047,4,200.65
8860,603607,3026,5,107.34
8861,603607,3020,1,65.5
8862,603608,3077,4,259.12
8863,603608,3021,4,85.87
8864,603608,3016,5,80.33
8865,603609,3021,1,13.44
8866,603609,3037,5,98.15
8867,603610,3053,4,126.65
8868,603610,3050,5,259.56
8869,603611,3012,2,226.0
8870,603611,3047,1,89.59
8871,603612,3050,4,29.62
8872,603612,3009,5,40.97
8873,603612,3041,4,328.32
8874,603613,3070,4,347.87
8875,603613,3066,4,223.29
8876,603613,3021,1,126.93
8877,603614,3065,5,169.89
8878,603614,3060,2,90.13
8879,603615,3010,4,316.7
8880,603615,3031,1,6.99
8881,603615,3055,5,244.02
8882,603615,3019,4,40.62
8883,603616,3019,5,275.79
8884,603616,3047,3,57.5
8885,603616,3046,3,341.94
8886,603617,3076,1,15.01
8887,603617,3078,4,301.36
8888,603617,3059,5,345.34
8889,603617,3059,4,198.84
8890,603618,3077,3,85.08
8891,603618,3047,4,20.22
8892,603618,3017,1,111.12
8893,603619,3080,4,165.48
8894,603619,3046,4,164.03
8895,603620,3018,2,219.37
8896,603621,3002,3,240.73
8897,603621,3057,5,339.81
8898,603621,3049,2,240.54
8899,603622,3063,5,252.67
8900,603622,3062,5,54.78
8901,603622,3022,4,191.76
8902,603622,3022,2,115.74
8903,603623,3050,1,322.26
8904,603623,3025,1,41.07
8905,603624,3024,5,271.3
8906,603624,3032,1,289.29
8907,603624,3043,2,337.88
8908,603624,3010,4,26.16
8909,603625,3077,2,40.08
8910,603626,3060,4,80.1
8911,603626,3028,3,212.31
8912,603626,3079,5,-24.5
8913,603627,3002,4,50.77
8914,603627,3071,5,219.89
8915,603627,3014,5,227.22
8916,603628,3070,2,220.84
8917,603629,3080,4,187.61
8918,603630,3014,5,51.4
8919,603630,3060,3,8.68
8920,603630,3072,5,286.0
8921,603631,3039,4,59.15
8922,603631,3030,2,66.82
8923,603631,3031,1,55.0
8924,603631,3009,1,226.96
8925,603632,3013,3,339.74
8926,603632,3019,4,35.48
8927,603633,3034,2,184.38
8928,603633,3009,4,45.06
8929,603633,3019,5,231.47
8930,603634,3062,1,51.85
8931,603635,3038,3,27.65
8932,603635,3065,4,284.09
8933,603636,3054,2,337.37
8934,603636,3048,4,67.04
8935,603636,3062,5,226.57
8936,603637,3039,3,304.07
8937,603637,3066,3,230.34
8938,603638,3045,3,301.72
8939,603639,3034,1,34.81
8940,603639,3052,2,297.84
8941,603639,3066,3,118.05
8942,603640,3034,3,237.75
8943,603641,3048,2,157.29
8944,603642,3020,2,110.84
8945,603642,3041,3,61.67
8946,603643,3012,4,203.37
8947,603643,3056,4,211.32
8948,603644,3072,3,60.62
8949,603645,3079,5,97.23
8950,603645,3043,1,152.69
8951,603646,3045,3,267.3
8952,603646,3025,4,250.89
8953,603646,3001,3,126.33
8954,603647,3060,2,230.41
8955,603648,3052,1,56.62
8956,603649,3059,4,278.74
8957,603649,3009,1,280.1
8958,603649,3035,2,237.11
8959,603650,3021,1,162.8
8960,603650,3051,4,146.6
8961,603651,3064,5,237.33
8962,603652,3052,3,194.41
8963,603652,3064,5,88.66
8964,603653,3053,4,246.02
8965,603653,3049,1,299.83
8966,603653,3046,1,-131.33
8967,603654,3078,3,308.8
8968,603654,3008,2,174.83
8969,603654,3014,3,173.43
8970,603654,3069,5,54.5
8971,603655,3008,1,314.12
8972,603655,3060,4,74.78
8973,603656,3014,4,198.63
8974,603656,3025,1,275.44
8975,603657,3006,4,95.55
8976,603657,3071,2,254.12
8977,603658,3049,2,226.07
8978,603658,3004,3,85.55
8979,603658,3023,5,12.9
8980,603658,3075,4,255.47
8981,603659,3021,5,323.26
8982,603660,3045,3,86.42
8983,603660,3080,3,296.31
8984,603660,3023,4,305.39
8985,603660,3006,4,212.99
8986,603661,3016,3,41.8
8987,603661,3023,5,343.44
8988,603662,3068,1,331.08
8989,603662,3074,2,115.94
8990,603662,3014,4,65.41
8991,603663,3010,5,99.98
8992,603663,3051,2,315.28
8993,603664,3034,2,309.92
8994,603664,3003,5,206.87
8995,603665,3064,3,162.23
8996,603665,3055,3,235.01
8997,603665,3023,4,211.12
8998,603665,3036,2,332.26
8999,603666,3050,1,131.9
9000,603667,3069,2,33.69
9001,603668,3065,1,155.08
9002,603669,3032,1,194.65
9003,603669,3003,2,271.22
9004,603669,3063,5,137.44
9005,603670,3005,2,-306.45
9006,603670,3072,1,279.03
9007,603670,3035,5,137.74
9008,603671,3034,1,246.64
9009,603672,3078,1,142.27
9010,603672,3005,2,247.05
9011,603672,3040,4,26.92
9012,603672,3001,1,177.03
9013,603673,3059,4,28.93
9014,603674,3031,2,249.84
9015,603674,3076,5,231.56
9016,603674,3073,5,120.93
9017,603674,3039,1,133.83
9018,603675,3072,4,54.09
9019,603675,3018,3,321.44
9020,603675,3021,1,345.59
9021,603676,3016,5,227.95
9022,603676,3040,1,118.16
9023,603676,3027,5,140.54
9024,603677,3019,3,301.0
9025,603677,3020,3,74.18
9026,603678,3021,3,225.72
9027,603678,3074,4,286.79
9028,603678,3038,4,288.08
9029,603678,3037,1,63.93
9030,603679,3006,1,257.19
9031,603679,3013,1,29.72
9032,603679,3080,2,241.79
9033,603679,3026,1,273.71
9034,603680,3050,2,-337.27
9035,603680,3004,5,175.63
9036,603681,3058,5,21.81
9037,603681,3004,3,151.89
9038,603681,3077,2,275.22
9039,603681,3019,5,110.82
9040,603682,3071,2,302.21
9041,603683,3067,4,82.79
9042,603683,3011,1,146.02
9043,603683,3034,4,183.54
9044,603684,3006,4,7.14
9045,603684,3027,2,34.68
9046,603684,3064,2,203.23
9047,603685,3056,1,344.65
9048,603685,3034,5,272.45
9049,603685,3014,1,212.51
9050,603685,3065,1,326.74
9051,603686,3042,1,92.43
9052,603686,3008,4,39.83
9053,603686,3022,3,43.33
9054,603686,3005,4,281.87
9055,603687,3022,5,34.21
9056,603687,3026,3,310.9
9057,603687,3071,4,194.48
9058,603687,3045,2,189.44
9059,603688,3048,5,258.23
9060,603688,3044,4,292.36
9061,603688,3003,5,249.91
9062,603688,3044,2,155.28
9063,999999,3053,1,107.54
9064,603690,3016,1,41.63
9065,603690,3049,3,299.75
9066,603690,3028,4,204.18
9067,603690,3079,1,185.5
9068,603691,3005,3,273.19
9069,603691,3005,5,155.55
9070,603692,3076,5,341.91
9071,603692,3030,5,72.94
9072,603693,3070,2,208.35
9073,603693,3061,1,103.81
9074,603693,3026,3,19.7
9075,603694,3029,1,302.98
9076,603694,3080,2,140.55
9077,603694,3041,4,251.7
9078,603694,3070,5,138.69
9079,603695,3047,5,229.35
9080,603696,3075,1,195.52
9081,603697,3079,3,102.44
9082,603697,3044,2,346.64
9083,603697,3019,1,20.47
9084,603698,3061,4,230.66
9085,603698,3042,1,54.83
9086,603698,3040,4,110.83
9087,603698,3031,4,204.25
9088,603699,3033,3,32.14
9089,603699,3077,4,259.0
9090,603700,3006,1,322.32
9091,603700,3010,4,228.76
9092,603701,3013,4,175.88
9093,603701,3051,2,220.72
9094,603702,3016,3,51.2
9095,603702,3071,2,35.77
9096,603702,3003,5,271.24
9097,603703,3050,1,326.26
9098,603704,3073,2,7.61
9099,603704,3004,4,341.1
9100,603704,3049,3,176.54
9101,603705,3007,4,313.2
9102,603705,3011,4,238.11
9103,603706,3009,5,80.1
9104,603706,3067,1,81.5
9105,603706,3066,5,28.09
9106,603707,3050,4,115.68
9107,603707,3033,4,141.93
9108,603707,3052,2,15.15
9109,603707,3030,2,262.07
9110,603708,3004,2,237.54
9111,603708,3021,3,334.79
9112,603709,3012,5,199.01
9113,603709,3054,5,102.07
9114,603709,3010,5,162.21
9115,603710,3029,5,294.18
9116,603710,3051,4,9.13
9117,603710,3074,2,136.99
9118,603711,3017,1,10.72
9119,603711,3079,1,114.9
9120,603711,3050,1,84.4
9121,603711,3054,4,174.4
9122,603712,3023,2,313.73
9123,603713,3005,3,60.61
9124,603713,3037,1,257.08
9125,603713,3045,3,42.92
9126,603713,3050,1,69.0
9127,603714,3021,1,299.3
9128,603714,3004,1,203.07
9129,603715,3056,4,304.51
9130,603715,3011,3,200.34
9131,603716,3021,4,206.86
9132,603717,3063,5,333.9
9133,603717,3062,2,111.23
9134,603717,3018,1,157.13
9135,603718,3028,5,281.95
9136,603718,3021,1,233.04
9137,603719,3059,2,174.36
9138,603719,3046,5,119.72
9139,603719,3070,3,264.46
9140,603719,3040,1,212.86
9141,603720,3029,3,18.99
9142,603720,3023,3,88.69
9143,603720,3012,3,184.21
9144,603721,3057,1,248.46
9145,603721,3009,2,196.19
9146,603721,3008,5,68.44
9147,603721,3060,1,83.8
9148,603722,3039,3,221.78
9149,603723,3027,4,150.65
9150,603724,3032,3,152.28
9151,603725,3034,4,189.87
9152,603725,3062,5,299.17
9153,603726,3076,3,323.58
9154,603726,3077,4,139.31
9155,603726,3054,1,197.43
9156,603727,3009,3,32.94
9157,603727,3008,5,130.07
9158,603727,3006,3,47.19
9159,603728,3065,2,308.74
9160,603728,3016,3,115.58
9161,603728,3050,3,239.34
9162,603728,3010,3,226.46
9163,603729,3035,2,44.16
9164,603729,3069,2,89.25
9165,603729,3039,4,302.98
9166,603729,3013,3,161.86
9167,603730,3065,1,346.88
9168,603730,3064,1,191.98
9169,603730,3057,2,12.44
9170,603731,3072,1,169.13
9171,603731,3011,2,317.09
9172,603731,3067,5,333.52
9173,603732,3008,3,154.44
9174,603733,3075,4,151.23
9175,603733,3055,4,93.51
9176,603733,3041,3,19.35
9177,603734,3063,2,346.85
9178,603735,3074,5,116.15
9179,603736,3058,5,44.14
9180,603736,3080,3,118.58
9181,603736,3068,3,148.73
9182,603737,3076,5,65.93
9183,603737,3002,1,135.36
9184,603737,3054,4,62.42
9185,603738,3078,1,104.44
9186,603738,3024,3,141.39
9187,603738,3042,4,242.12
9188,603738,3064,5,191.61
9189,603739,9999,4,249.06
9190,603739,3033,2,304.72
9191,603739,3041,1,73.29
9192,603739,3004,2,217.07
9193,603740,3038,5,193.8
9194,603740,3080,5,249.34
9195,603740,3055,1,50.02
9196,603741,3080,1,88.66
9197,603741,3071,5,163.51
9198,603741,3048,1,320.77
9199,603741,3028,4,99.2
9200,603742,3067,4,204.81
9201,603742,3046,2,316.13
9202,603742,3022,5,100.92
9203,603742,3044,1,253.99
9204,603743,3076,1,172.3
9205,603743,3061,2,74.4
9206,603743,3024,1,214.98
9207,603744,3047,1,249.15
9208,603744,3026,1,100.87
9209,603744,3007,5,299.13
9210,603745,3043,5,69.54
9211,603746,3024,2,168.39
9212,603747,3030,2,195.27
9213,603747,3017,5,82.38
9214,603747,3035,3,151.98
9215,603747,3061,3,39.92
9216,603748,3027,2,163.98
9217,603748,3061,2,23.22
9218,603749,3074,4,63.11
9219,603749,3026,2,187.86
9220,603750,3040,4,205.11
9221,603750,3032,4,206.63
9222,603750,3053,2,268.71
9223,603751,3062,1,200.48
9224,603751,3056,4,310.56
9225,603752,3063,3,87.3
9226,603752,3059,3,253.48
9227,603752,3057,2,104.5
9228,603753,3071,4,83.1
9229,603754,3060,4,336.67
9230,603754,3029,3,21.37
9231,603754,3080,3,146.29
9232,603755,3056,5,107.49
9233,603755,3007,1,126.51
9234,603755,3048,5,97.68
9235,603755,3033,1,315.11
9236,603756,3042,0,11.97
9237,603756,3032,2,117.27
9238,603756,3030,2,172.44
9239,603756,3009,1,236.33
9240,603757,3026,4,196.59
9241,603757,3063,4,85.38
9242,603757,3035,2,190.62
9243,603758,3035,1,206.77
9244,603758,3059,4,29.17
9245,603758,3033,5,138.34
9246,603758,3079,4,96.01
9247,603759,3075,2,285.01
9248,603759,3055,0,258.9
9249,603759,3008,5,132.36
9250,603759,3011,4,248.09
9251,603760,3021,2,32.83
9252,603760,3003,2,16.76
9253,603760,3064,2,279.34
9254,603761,3045,2,198.99
9255,603761,3055,4,168.78
9256,603761,3080,4,276.17
9257,603762,3032,4,40.46
9258,603762,3037,1,182.47
9259,603762,3008,3,270.25
9260,603762,3020,2,272.36
9261,603763,3077,2,127.14
9262,603764,3040,1,202.98
9263,603765,3023,3,84.76
9264,603765,3019,5,344.22
9265,603766,3009,1,290.25
9266,603766,3035,4,246.0
9267,603766,3080,3,44.65
9268,603767,3060,2,296.64
9269,603767,3004,5,270.34
9270,603767,3060,2,304.48
9271,603767,3047,4,218.32
9272,603768,3019,5,285.07
9273,603768,3010,0,78.2
9274,603769,3010,1,319.15
9275,603769,3076,2,281.74
9276,603770,3018,3,92.4
9277,603770,3031,2,58.89
9278,603771,3053,3,320.68
9279,603771,3051,1,239.26
9280,603771,3041,3,272.66
9281,603771,3076,3,217.03
9282,603772,3043,5,71.49
9283,603772,3017,1,332.27
9284,603773,3028,5,178.37
9285,603773,3011,1,67.37
9286,603773,3069,4,115.31
9287,603773,3017,4,39.06
9288,603774,3063,1,188.35
9289,603774,3041,2,180.47
9290,603774,3078,1,42.9
9291,603774,3054,1,319.9
9292,603775,3038,2,171.52
9293,603776,3019,5,253.99
9294,603776,3078,0,187.04
9295,603776,3025,1,125.51
9296,603776,3006,4,62.27
9297,603777,3028,5,34.6
9298,603777,3053,4,71.26
9299,603778,3064,3,209.78
9300,603779,3052,3,42.35
9301,603779,3001,2,204.67
9302,603779,3071,5,178.2
9303,603779,3073,2,137.55
9304,603780,3046,5,83.59
9305,603780,3033,2,155.74
9306,603780,3070,4,255.29
9307,603780,3078,3,-314.25
9308,603781,3027,3,239.84
9309,603782,3079,4,16.09
9310,603782,3042,1,155.77
9311,603782,3059,2,226.47
9312,603783,3035,3,148.56
9313,603784,3018,1,214.37
9314,603784,3030,2,331.12
9315,603784,3068,2,33.69
9316,603784,3073,2,180.28
9317,603785,3060,1,209.11
9318,603786,3004,4,62.63
9319,603786,3029,3,328.84
9320,603786,3025,2,52.54
9321,603787,3031,4,230.1
9322,603787,3069,2,220.16
9323,603787,3034,4,222.79
9324,603788,3040,1,331.44
9325,603788,3023,4,185.22
9326,603788,3035,5,295.89
9327,603788,3012,3,34.58
9328,603789,3077,5,186.82
9329,603789,3054,1,132.53
9330,603790,3023,4,204.03
9331,603790,3037,2,333.73
9332,603790,3008,1,103.11
9333,603790,3048,4,43.69
9334,603791,3070,1,104.94
9335,603791,3017,5,233.43
9336,603791,3010,4,98.1
9337,603792,3047,3,105.99
9338,603792,3056,4,36.48
9339,603792,3023,2,140.05
9340,603793,3073,5,107.26
9341,603793,3031,3,185.32
9342,603794,3057,1,49.18
9343,603794,3066,4,11.53
9344,603794,3034,3,273.66
9345,603795,3064,3,268.11
9346,603795,3051,2,94.85
9347,603796,3038,1,283.84
9348,603797,3026,3,173.16
9349,603797,3050,3,309.84
9350,603797,3077,2,5.55
9351,603797,3063,3,101.94
9352,603798,3005,4,271.86
9353,603798,3080,2,34.12
9354,603798,3008,2,315.6
9355,603798,3055,5,147.5
9356,603799,3053,4,269.17
9357,603799,3055,3,40.38
9358,603799,3067,5,187.39
9359,603800,3042,1,329.58
9360,603801,3013,1,194.03
9361,603802,3008,2,10.22
9362,603802,3020,4,269.37
9363,603802,3054,3,195.16
9364,603803,3035,4,100.03
9365,603803,3071,3,27.71
9366,603803,3056,4,23.07
9367,603803,3039,4,155.76
9368,603804,3061,5,182.98
9369,603804,3033,5,170.58
9370,603804,3018,5,76.42
9371,603805,3072,2,333.52
9372,603805,3060,4,41.4
9373,603806,3013,3,101.62
9374,603806,3066,3,18.15
9375,999999,3078,3,228.86
9376,603807,3056,4,211.64
9377,603807,3025,5,90.7
9378,603808,3053,5,213.32
9379,603808,3076,4,220.49
9380,603808,3007,4,187.15
9381,603809,3064,3,47.26
9382,603810,3075,3,32.15
9383,603810,3058,2,193.22
9384,603810,3040,4,33.54
9385,603811,3076,1,45.0
9386,603811,3008,4,334.87
9387,603811,3039,5,18.47
9388,603811,3036,5,164.08
9389,603812,3002,5,348.49
9390,603812,3054,1,22.96
9391,603812,3070,4,348.65
9392,603813,3035,1,176.82
9393,603813,3018,3,230.27
9394,603813,3075,4,288.2
9395,603813,3029,1,95.39
9396,603814,3047,3,252.26
9397,603814,3019,5,138.58
9398,603815,3017,3,81.59
9399,603815,3028,5,286.33
9400,603815,3059,3,210.99
9401,603815,3031,2,11.86
9402,603816,3024,3,263.8
9403,603816,3074,4,94.53
9404,603816,3034,3,90.68
9405,603817,3012,1,21.27
9406,603817,3061,4,123.69
9407,603817,3010,3,10.63
9408,603817,3042,1,74.76
9409,603818,3061,5,322.32
9410,603818,3045,3,101.86
9411,603819,3016,4,333.7
9412,603820,3060,3,349.06
9413,603820,3001,4,102.85
9414,603820,3041,2,310.69
9415,603821,3003,4,220.35
9416,603822,3073,5,286.44
9417,603822,3061,3,326.91
9418,603823,3056,5,284.74
9419,603824,3028,5,56.14
9420,603824,3008,4,258.92
9421,603825,3046,4,330.11
9422,603825,3037,5,114.59
9423,603825,3061,5,112.67
9424,603825,3067,3,153.62
9425,603826,3079,1,233.45
9426,603826,3052,2,105.07
9427,603826,3058,3,52.16
9428,603827,3054,2,244.04
9429,603827,3033,5,326.01
9430,603828,3054,4,91.64
9431,603828,3003,4,87.54
9432,603829,3046,3,231.16
9433,603830,3016,5,346.59
9434,603830,3007,2,180.24
9435,603830,3031,4,84.08
9436,603830,3030,2,137.9
9437,603831,3008,3,347.03
9438,603831,3005,1,36.12
9439,603831,3055,1,203.0
9440,603832,3060,2,292.24
9441,603833,3010,2,241.34
9442,603833,3048,2,329.2
9443,603834,3051,5,76.88
9444,603835,3057,1,293.99
9445,603835,3026,3,201.05
9446,603836,3067,4,319.86
9447,603837,3003,1,144.36
9448,603837,3038,5,320.13
9449,603838,3062,4,336.94
9450,603838,3073,3,187.87
9451,603838,3009,3,165.44
9452,603839,3076,2,221.73
9453,603839,3010,3,126.93
9454,603840,3043,3,305.23
9455,603840,3004,1,33.9
9456,603840,3076,5,304.24
9457,603841,3070,2,322.34
9458,603842,3001,2,172.6
9459,603842,3068,4,170.07
9460,603842,3077,4,289.18
9461,603842,3052,2,320.54
9462,603843,3053,4,75.6
9463,603843,3038,5,220.42
9464,603843,3004,1,265.53
9465,603844,3077,3,78.43
9466,603844,3080,3,206.69
9467,603845,3024,2,212.38
9468,603846,3003,1,75.99
9469,603847,3051,1,134.08
9470,603848,3061,1,171.55
9471,603848,3033,0,335.89
9472,603848,3065,4,40.94
9473,603848,3080,1,330.3
9474,603849,3036,3,196.04
9475,603849,3043,1,80.5
9476,603849,3021,4,95.22
9477,603850,3035,5,36.47
9478,603850,3065,5,38.36
9479,603850,3031,1,218.14
9480,603850,3004,4,38.34
9481,603851,3047,3,235.62
9482,603851,3047,2,41.24
9483,603851,3010,4,167.56
9484,603852,3010,2,283.67
9485,603852,3028,1,213.95
9486,603853,3048,5,297.04
9487,603853,3027,0,186.76
9488,603853,3075,4,15.59
9489,603853,3065,4,261.41
9490,603854,3034,2,251.85
9491,603855,3064,5,39.76
9492,603855,3025,3,-301.37
9493,603855,3023,5,164.3
9494,603855,3001,1,69.07
9495,603856,3008,2,126.18
9496,603856,3005,5,183.89
9497,603857,3023,3,56.93
9498,603857,3078,3,271.07
9499,603857,3068,2,220.74
9500,603858,3002,1,346.66
9501,603858,3007,2,41.36
9502,603859,3063,3,109.32
9503,603860,3035,3,280.29
9504,603860,3062,1,220.5
9505,603860,3014,2,162.64
9506,603861,3060,4,343.49
9507,603862,3055,3,75.65
9508,603862,3047,1,271.1
9509,603863,3075,5,12.51
9510,603864,3019,2,162.6
9511,603865,3048,3,84.74
9512,603865,3077,4,131.31
9513,603865,3063,1,343.8
9514,603866,3060,4,299.62
9515,603866,3062,2,107.31
9516,603866,3041,1,275.19
9517,603867,3034,1,215.25
9518,603867,3029,1,72.99
9519,603867,3005,3,317.26
9520,603868,3071,1,183.93
9521,603868,3031,5,118.68
9522,603868,3079,3,318.14
9523,603869,3051,4,293.68
9524,603870,3073,4,196.57
9525,603870,3009,1,315.56
9526,603870,3041,5,94.97
9527,603870,3051,3,244.08
9528,603871,3018,3,213.25
9529,603871,3013,4,226.85
9530,603871,3043,1,260.0
9531,603872,3019,3,143.32
9532,603872,3029,1,173.74
9533,603873,3019,4,227.48
9534,603873,3046,4,76.54
9535,603874,3036,2,170.29
9536,603875,3073,5,191.13
9537,603876,3026,3,130.5
9538,603876,3074,1,113.52
9539,603877,3004,2,179.97
9540,603877,3072,5,51.67
9541,603878,3027,4,55.5
9542,603878,3001,1,281.41
9543,603878,3058,2,126.47
9544,603879,3033,3,255.45
9545,603879,3006,3,9.85
9546,603879,3079,2,-105.42
9547,603879,3056,4,120.53
9548,603880,3063,1,215.19
9549,603880,3069,5,257.87
9550,603880,3005,2,38.44
9551,603880,3029,4,114.94
9552,603881,3020,5,123.66
9553,603881,3011,5,148.49
9554,603881,3002,1,265.0
9555,603882,3057,1,293.18
9556,603882,3043,1,60.37
9557,603883,3049,1,317.81
9558,603883,3054,5,20.31
9559,603883,3061,2,60.13
9560,603884,3079,3,34.96
9561,603884,3007,2,274.91
9562,603885,3052,4,197.77
9563,603885,3012,2,41.43
9564,603885,3076,4,106.9
9565,603886,3030,1,126.75
9566,603886,3078,2,193.57
9567,603886,3074,1,222.95
9568,603887,3040,1,76.24
9569,603887,3004,2,33.88
9570,603887,3027,1,303.4
9571,603888,3040,3,217.91
9572,603888,3066,1,73.76
9573,603889,3008,3,307.16
9574,603890,3021,3,124.08
9575,603891,3059,1,343.82
9576,603892,3057,1,97.15
9577,603892,3072,1,49.1
9578,603892,3078,5,294.29
9579,603892,3013,2,227.33
9580,603893,3043,1,292.04
9581,603893,3053,3,20.33
9582,603893,3029,1,209.51
9583,603893,3030,5,160.38
9584,603894,3045,4,114.45
9585,603895,3025,1,71.93
9586,603895,3016,1,77.67
9587,603895,3045,4,298.2
9588,603896,3032,0,73.52
9589,603897,3074,3,19.46
9590,603897,3001,1,68.0
9591,603897,3010,2,154.18
9592,603897,3056,3,84.68
9593,603898,3065,1,72.68
9594,603898,3045,4,228.64
9595,603899,3074,2,258.74
9596,603899,3059,5,13.71
9597,603899,3052,2,242.96
9598,603899,3032,3,328.34
9599,603900,3014,5,277.82
9600,603901,3051,4,217.9
9601,603902,3064,4,276.32
9602,603903,3027,1,54.96
9603,603903,3073,3,39.24
9604,603904,3072,5,208.25
9605,603905,3049,1,10.07
9606,603905,3065,2,34.32
9607,603905,3051,2,114.18
9608,603906,3020,5,297.72
9609,603907,3015,1,246.18
9610,603907,3012,2,96.08
9611,603907,3058,5,183.81
9612,603908,3008,1,131.83
9613,603909,3040,5,95.2
9614,603909,3015,1,5.52
9615,603909,3069,4,11.02
9616,603910,3045,3,20.03
9617,603911,3046,2,226.4
9618,603911,3036,4,166.81
9619,603911,3010,5,187.11
9620,603912,3042,3,304.63
9621,603912,3066,1,193.98
9622,603912,3017,5,60.62
9623,603912,3037,3,261.37
9624,603913,3014,3,55.37
9625,603914,3040,1,326.82
9626,603914,3020,3,334.11
9627,603914,3028,1,264.01
9628,603915,3059,2,123.21
9629,603915,3046,3,127.07
9630,603915,3045,5,313.86
9631,603916,3040,2,12.63
9632,603916,3023,3,199.18
9633,603917,3070,4,139.63
9634,603917,3004,4,202.4
9635,603917,3001,1,275.19
9636,603917,3063,5,303.46
9637,603918,3068,1,253.32
9638,603919,3039,3,117.97
9639,603919,3056,1,121.49
9640,603920,3021,1,252.27
9641,603920,3050,2,213.21
9642,603920,3046,2,60.05
9643,603921,3043,1,49.96
9644,603922,3079,2,323.67
9645,603922,3071,1,60.32
9646,603923,3028,3,77.52
9647,603923,3004,4,228.95
9648,603923,3052,2,80.12
9649,603923,3012,2,168.21
9650,603924,3028,5,140.34
9651,603924,3021,1,202.18
9652,603924,3028,3,295.83
9653,603925,3002,3,6.33
9654,603925,3001,5,270.76
9655,603925,3004,4,180.81
9656,603925,3023,2,298.44
9657,603926,3060,2,301.63
9658,603926,3051,2,58.94
9659,603926,3069,2,337.46
9660,603927,3054,3,85.62
9661,603927,3011,4,158.31
9662,603927,3062,3,313.98
9663,603927,3079,5,48.31
9664,603928,3024,5,135.64
9665,603928,3020,1,165.13
9666,603928,3032,5,248.85
9667,603928,3050,3,133.74
9668,603929,3077,2,209.8
9669,603929,3020,4,335.24
9670,603929,3036,1,194.3
9671,603930,3069,4,190.77
9672,603931,3051,4,101.34
9673,603931,3055,5,26.39
9674,603931,3021,2,318.18
9675,603932,3018,5,94.37
9676,603932,3029,4,182.51
9677,603933,3057,2,89.69
9678,603933,3038,3,247.89
9679,603934,3011,2,250.61
9680,603934,3028,5,192.45
9681,603935,3044,2,123.39
9682,603935,3045,2,195.37
9683,603935,3050,5,335.95
9684,603935,3031,5,31.91
9685,603936,3071,1,7.32
9686,603936,3053,5,93.46
9687,603937,3049,3,91.05
9688,603938,3079,4,189.31
9689,603938,3031,1,332.32
9690,603939,3070,3,39.81
9691,603940,3052,4,308.64
9692,603940,3021,2,98.4
9693,603940,3074,5,188.08
9694,603941,3021,4,70.8
9695,603942,3007,5,13.76
9696,603943,3019,1,107.73
9697,603943,3053,4,138.59
9698,603944,3046,1,132.83
9699,603944,3011,4,316.8
9700,603945,3074,5,20.07
9701,603945,3039,1,47.71
9702,603945,3069,4,102.38
9703,603946,3055,3,103.9
9704,603946,3009,1,164.16
9705,999999,3046,3,152.29
9706,603946,3058,4,336.14
9707,603947,3007,2,28.35
9708,603947,3004,2,42.2
9709,603948,3004,2,247.11
9710,603948,3038,2,255.12
9711,603948,3063,1,209.77
9712,603948,3035,5,235.21
9713,603949,3057,1,276.84
9714,603949,3006,2,265.47
9715,603949,3030,1,34.35
9716,603949,3012,2,199.53
9717,603950,3074,2,293.27
9718,603951,3062,1,27.63
9719,603951,3018,4,37.28
9720,603951,3070,2,32.47
9721,603951,3020,3,193.69
9722,603952,3003,1,216.55
9723,603952,3072,5,81.38
9724,603953,3077,1,37.41
9725,603954,3028,4,254.39
9726,603954,3080,4,161.19
9727,603955,3024,2,344.2
9728,603956,3079,3,339.14
9729,603956,3039,2,196.07
9730,603956,3031,3,33.79
9731,603956,3066,4,107.64
9732,603957,3021,3,298.86
9733,603958,3029,5,264.66
9734,603959,3018,4,190.09
9735,603960,3058,4,115.1
9736,603960,3075,5,272.94
9737,603960,9999,3,28.55
9738,603960,3047,2,234.04
9739,603961,3054,1,253.72
9740,603961,3004,5,52.39
9741,603962,3038,4,223.03
9742,603962,3022,4,218.29
9743,603963,3035,3,222.38
9744,603963,3021,4,301.65
9745,603963,3072,2,221.95
9746,603963,3066,1,288.34
9747,603964,3043,1,312.38
9748,603964,3074,3,347.95
9749,603965,3070,2,81.08
9750,603965,3040,1,206.3
9751,603965,3048,4,126.92
9752,603965,3068,5,23.76
9753,603966,3037,4,76.22
9754,603966,3075,4,174.84
9755,603966,3024,4,291.07
9756,603967,3026,4,43.24
9757,603967,3043,2,13.14
9758,603967,3030,1,102.04
9759,603967,3003,2,293.52
9760,603968,3079,1,27.38
9761,603969,3032,2,230.22
9762,603970,3035,1,119.66
9763,603970,3075,3,43.68
9764,603970,3065,2,217.18
9765,603970,3063,5,191.8
9766,603971,3020,4,179.91
9767,603972,3016,2,174.69
9768,603973,3006,1,50.08
9769,603973,3040,2,112.86
9770,603974,3071,2,174.43
9771,603975,3063,2,42.6
9772,603976,3057,3,281.76
9773,603976,3056,3,41.85
9774,603977,3068,4,60.46
9775,603978,3027,5,223.96
9776,603978,3059,0,16.79
9777,603979,3043,3,111.71
9778,603980,3074,4,150.88
9779,603980,3054,4,330.93
9780,603981,3049,3,56.38
9781,603981,3010,0,337.51
9782,603982,3062,5,184.65
9783,603982,3033,3,61.78
9784,603982,3015,4,274.23
9785,603982,3025,5,208.37
9786,603983,3035,1,343.6
9787,603984,3001,4,69.1
9788,603984,3080,1,230.95
9789,603984,3029,2,144.16
9790,603985,3023,3,294.22
9791,603986,3024,3,329.47
9792,603986,3014,4,256.84
9793,603986,3074,2,143.97
9794,603986,3031,1,276.94
9795,603987,3065,3,344.62
9796,603988,3067,4,257.41
9797,603988,3014,4,39.49
9798,603988,3063,5,55.86
9799,603989,3055,1,125.86
9800,603989,3060,2,280.09
9801,603989,3028,4,318.79
9802,603990,3025,1,247.35
9803,603990,3026,4,58.02
9804,603990,3057,3,203.33
9805,999999,3057,4,185.09
9806,603992,3052,4,196.75
9807,603992,3045,2,271.95
9808,603993,3054,4,209.72
9809,603993,3069,5,324.83
9810,603993,3030,1,105.27
9811,603994,3023,5,151.63
9812,603994,3007,5,122.52
9813,603994,3020,5,274.65
9814,603994,3047,1,191.22
9815,603995,3039,3,258.0
9816,603995,3022,1,278.58
9817,603995,3051,2,346.75
9818,603995,3021,2,193.88
9819,603996,3074,4,64.27
9820,603996,3072,2,289.16
9821,603996,3079,5,268.52
9822,603996,3069,1,164.79
9823,603997,3013,5,249.76
9824,603997,3005,3,61.31
9825,603998,3047,2,216.82
9826,603999,3065,1,66.74
9827,603999,3041,2,294.89
9828,603999,3065,3,135.05
9829,604000,3004,1,61.0
9830,604000,3054,3,173.24
9831,604000,3050,5,286.01
9832,604001,3067,4,67.54
9833,604001,3009,2,172.61
9834,604002,3046,2,135.48
9835,604002,3022,2,-347.94
9836,604003,3007,5,314.14
9837,604003,3005,3,34.57
9838,604004,3074,5,52.96
9839,604004,3024,4,236.43
9840,604005,3051,2,245.9
9841,604005,3036,5,309.26
9842,604005,3047,5,20.7
9843,604006,3075,3,226.08
9844,604006,3055,2,48.07
9845,604007,3062,4,293.27
9846,604008,3047,1,209.87
9847,604008,3015,4,193.49
9848,604008,3066,5,259.22
9849,604009,3007,5,160.79
9850,604009,3059,1,167.55
9851,604009,3014,5,235.73
9852,604010,3009,3,170.02
9853,604010,3005,5,60.99
9854,604010,3010,3,162.65
9855,604011,3021,1,304.13
9856,604011,3026,1,74.66
9857,604011,3057,5,309.87
9858,604011,3002,1,95.26
9859,604012,3073,2,206.82
9860,604013,3013,5,234.02
9861,604013,3010,5,219.01
9862,604014,3065,4,329.46
9863,604014,3080,1,51.61
9864,604015,3055,5,339.48
9865,604016,3040,1,27.06
9866,604016,3005,2,170.18
9867,604016,3019,3,102.65
9868,604017,3008,4,188.37
9869,604017,3015,4,216.19
9870,604017,3039,3,303.16
9871,604018,3054,1,106.64
9872,604018,3028,4,108.99
9873,604019,3075,2,8.71
9874,604019,3046,2,135.42
9875,604019,3018,5,134.43
9876,604020,3017,5,26.26
9877,604020,3006,4,329.4
9878,604020,3026,5,106.41
9879,604020,3049,5,141.69
9880,604021,3046,5,124.52
9881,604021,3072,5,140.53
9882,604021,3020,5,35.15
9883,604021,3066,5,74.17
9884,604022,3055,5,309.95
9885,604022,3006,2,227.86
9886,604022,3058,4,221.48
9887,604022,3077,4,236.86
9888,604023,3058,5,262.55
9889,604023,3066,2,247.62
9890,604023,3002,4,114.42
9891,604023,3052,1,158.92
9892,604024,3053,4,180.08
9893,604025,3001,5,255.94
9894,604025,3023,2,243.77
9895,604026,3040,2,122.5
9896,604026,3073,2,291.05
9897,604027,3048,4,79.26
9898,604027,3066,4,204.94
9899,604027,3077,5,172.3
9900,604028,3055,4,137.04
9901,604028,3041,5,159.7
9902,604028,3055,3,122.11
9903,604029,3053,2,128.17
9904,604030,3078,2,240.41
9905,604030,3028,3,184.95
9906,604030,3016,5,346.15
9907,604030,3072,2,108.96
9908,604031,3041,3,302.56
9909,604031,3069,5,258.25
9910,604032,3027,3,58.27
9911,604032,3042,5,313.13
9912,604033,3032,2,279.41
9913,604033,3067,4,36.75
9914,604034,3035,2,271.1
9915,604034,3023,3,230.9
9916,604034,3039,5,58.12
9917,604034,3004,5,154.09
9918,604035,3072,4,205.82
9919,604035,3055,1,303.71
9920,604036,3007,5,74.87
9921,604036,3038,1,14.19
9922,604036,3080,5,25.45
9923,604037,3041,2,20.16
9924,604037,3065,3,197.62
9925,604038,3068,5,94.77
9926,604038,3001,1,272.67
9927,604038,3054,1,335.3
9928,604038,3023,2,65.35
9929,604039,3032,1,103.21
9930,604040,3008,5,110.53
9931,604040,3049,5,279.05
9932,604041,3028,1,211.87
9933,604041,3053,2,124.98
9934,604041,3079,4,291.42
9935,604042,3073,5,176.45
9936,604042,3002,3,238.19
9937,604042,3060,5,309.1
9938,604043,3046,5,220.98
9939,604043,3067,4,95.2
9940,604044,3079,4,91.49
9941,604045,3059,3,297.53
9942,604045,3075,3,106.51
9943,604045,3065,4,16.11
9944,604046,3058,3,315.31
9945,604046,3029,4,10.26
9946,604046,3009,5,247.22
9947,604046,3020,0,243.29
9948,604047,3013,4,314.64
9949,604048,3067,4,232.99
9950,604048,3053,2,222.19
9951,604048,3071,3,242.54
9952,604048,3069,5,78.0
9953,604049,3061,2,85.73
9954,604050,3009,3,219.96
9955,604051,3008,2,271.43
9956,604052,3046,2,5.24
9957,604053,3007,5,221.73
9958,604053,3018,2,267.6
9959,604053,3079,3,19.0
9960,604054,3012,3,322.47
9961,604055,3051,5,45.55
9962,604055,3045,1,339.04
9963,604056,3068,4,101.65
9964,604056,3020,1,146.0
9965,604056,3034,4,69.76
9966,604056,3018,3,264.1
9967,604057,3072,2,132.66
9968,604057,3015,4,119.06
9969,604057,3004,2,71.98
9970,604058,3077,3,152.16
9971,604058,3069,2,226.68
9972,604059,3029,5,288.57
9973,604059,3023,1,63.1
9974,604059,3002,5,106.87
9975,604059,3013,5,181.97
9976,604060,3030,5,7.54
9977,604061,3054,4,177.17
9978,604061,3018,5,314.41
9979,604062,3025,4,110.89
9980,604062,3005,4,29.32
9981,604062,3060,1,100.36
9982,604063,3053,1,334.26
9983,604063,3057,5,134.5
9984,604063,3077,2,206.86
9985,604063,3039,5,342.17
9986,604064,3011,5,243.11
9987,604064,3067,1,97.26
9988,604064,3065,5,304.18
9989,604064,3055,4,24.4
9990,604065,3030,4,345.65
9991,604065,3062,5,232.29
9992,604065,3012,4,299.43
9993,604066,3013,3,59.42
9994,604066,3049,4,178.35
9995,604067,3079,4,66.1
9996,604067,3056,4,333.85
9997,604067,3058,5,206.05
9998,604068,3035,3,122.45
9999,604068,3054,1,340.43
10000,604068,3036,2,274.51
10001,604069,3014,1,195.34
10002,604069,3062,5,152.84
10003,604069,3051,3,17.58
10004,604070,3055,5,99.83
10005,604071,3077,5,267.3
10006,604071,3059,3,10.56
10007,604071,3062,2,260.38
10008,604072,3079,5,333.83
10009,604072,3026,2,206.08
10010,604072,3013,3,241.06
10011,604073,3044,1,28.8
10012,604074,3034,3,133.41
10013,604074,3015,1,343.91
10014,604074,3076,5,228.01
10015,604075,3003,3,78.42
10016,604076,3060,5,175.3
10017,604076,3016,3,196.8
10018,604077,3034,4,107.2
10019,604077,3023,3,184.06
10020,604078,3038,2,284.19
10021,604079,3072,3,115.1
10022,604080,3065,3,167.91
10023,604081,3069,5,66.9
10024,604081,3032,2,56.08
10025,604081,3031,1,68.22
10026,604081,3047,5,240.85
10027,604082,3025,3,289.19
10028,604083,3025,4,85.47
10029,604083,3015,4,148.66
10030,604084,3028,1,208.23
10031,604085,3052,1,107.85
10032,604085,3062,2,14.07
10033,604086,3035,5,207.06
10034,604086,3066,1,257.47
10035,604087,3020,1,119.58
10036,604087,3040,2,338.08
10037,604087,3006,3,313.81
10038,604088,3008,4,103.28
10039,604088,3026,2,104.78
10040,604088,3018,4,207.3
10041,604089,3080,1,287.21
10042,604090,3051,2,199.54
10043,604090,3025,2,158.59
10044,604090,3074,2,260.32
10045,604091,3048,1,150.95
10046,604091,3010,3,320.18
10047,604091,3065,2,220.33
10048,604092,3018,1,314.64
10049,604092,3042,1,337.98
10050,604093,3052,3,320.81
10051,604093,3066,5,191.47
10052,604093,3066,5,76.57
10053,604093,3057,3,116.79
10054,604094,3033,1,11.21
10055,604094,3017,5,235.24
10056,604094,3040,5,156.43
10057,604095,3023,1,150.38
10058,604095,3067,5,16.31
10059,604096,3066,4,151.16
10060,604096,3063,2,345.86
10061,604097,3043,3,223.09
10062,604097,3013,2,45.97
10063,604097,3008,1,305.64
10064,604097,3077,3,194.77
10065,604098,3010,3,336.62
10066,604098,3069,2,142.56
10067,604098,3065,2,122.25
10068,604098,3056,5,139.76
10069,604099,3063,2,183.18
10070,604099,3010,5,135.84
10071,604099,3028,5,277.04
10072,604099,3020,4,206.93
10073,604100,3075,3,316.08
10074,604100,3029,1,16.12
10075,604100,3051,3,175.6
10076,604101,3059,2,57.54
10077,604101,3032,3,199.13
10078,604101,3031,4,119.11
10079,604102,3059,4,5.09
10080,604102,3071,2,142.92
10081,604102,3007,5,272.75
10082,604103,3044,3,183.62
10083,604103,3062,3,84.79
10084,604103,3036,3,128.26
10085,604103,3030,2,158.93
10086,604104,3017,1,239.3
10087,604104,3007,4,208.39
10088,604105,3067,3,148.54
10089,604105,3053,3,35.43
10090,604106,3077,2,196.18
10091,604106,3074,5,317.14
10092,604106,3004,3,79.12
10093,604106,3010,2,215.39
10094,604107,3058,1,306.95
10095,604107,3012,4,66.67
10096,604107,3076,5,230.75
10097,604108,3023,2,228.83
10098,604109,3017,5,347.75
10099,604109,3018,5,158.59
10100,604109,3023,3,276.42
10101,604110,3032,2,96.51
10102,604110,3054,1,185.3
10103,604110,3021,4,182.03
10104,604110,3003,4,128.1
10105,604111,3047,3,147.86
10106,604111,3031,4,263.65
10107,604111,3025,3,265.65
10108,604112,3052,1,117.79
10109,604112,3061,3,69.74
10110,604113,3080,3,225.25
10111,604113,3057,1,228.32
10112,604113,3038,1,273.51
10113,604114,3017,3,229.5
10114,604114,3005,4,17.58
10115,604114,3038,4,335.28
10116,604115,3059,5,34.98
10117,604115,3052,2,211.07
10118,604115,3030,4,151.6
10119,604116,3053,4,275.83
10120,604116,3031,4,115.77
10121,604116,3073,1,46.92
10122,604117,3028,0,241.69
10123,604117,3018,1,191.78
10124,604117,3025,5,128.49
10125,604117,3028,2,27.69
10126,604118,3042,2,227.95
10127,604119,3048,1,110.8
10128,604119,3048,1,14.97
10129,604119,3031,2,132.19
10130,604120,3029,1,118.65
10131,604120,3079,4,5.33
10132,604121,3063,3,270.53
10133,604121,3033,3,59.85
10134,604121,3011,3,197.75
10135,604121,3012,2,252.35
10136,604122,3028,2,88.04
10137,604122,3025,2,246.15
10138,604123,3052,3,272.27
10139,604123,3010,5,251.25
10140,604124,3020,4,281.32
10141,604124,3020,3,81.56
10142,604124,3023,1,315.86
10143,604124,3029,1,41.93
10144,604125,3011,4,128.47
10145,604125,3043,4,115.67
10146,604125,3025,4,13.22
10147,604126,3075,1,134.35
10148,604126,3069,1,74.7
10149,604126,3029,5,265.25
10150,604127,3028,3,294.11
10151,604127,3049,5,176.7
10152,604127,3004,5,162.66
10153,604128,3063,4,210.08
10154,604128,3053,1,185.25
10155,604128,3039,4,317.88
10156,604129,3027,2,203.1
10157,604129,3029,1,30.87
10158,604129,3055,1,79.47
10159,604130,3068,3,209.18
10160,604130,3044,4,242.87
10161,604131,3072,4,65.12
10162,604131,3039,5,116.49
10163,604131,3029,3,180.2
10164,604132,3057,4,169.68
10165,604133,3016,1,334.58
10166,604133,3076,4,214.99
10167,604134,3046,2,98.1
10168,604134,3048,2,232.46
10169,604134,3048,1,186.89
10170,604135,3053,5,120.74
10171,604135,3056,5,277.61
10172,604135,3038,1,244.33
10173,604135,3014,4,151.01
10174,604136,3016,5,196.65
10175,604136,3018,2,152.77
10176,604136,3023,4,143.81
10177,604137,3032,4,93.67
10178,604138,3031,5,279.99
10179,604138,3002,1,154.35
10180,604139,3066,4,296.12
10181,604139,3004,1,191.07
10182,604139,3018,4,279.02
10183,604139,3028,1,-189.66
10184,604140,3012,2,318.47
10185,604140,3003,1,190.14
10186,604140,3018,2,268.17
10187,604141,3056,3,160.36
10188,604141,3023,3,330.5
10189,604141,3019,3,183.36
10190,604142,3010,1,100.39
10191,604142,3021,2,112.52
10192,604143,3046,4,329.81
10193,604143,3069,4,7.97
10194,604143,3021,5,14.07
10195,604143,3047,3,248.43
10196,604144,3053,1,128.13
10197,604144,3058,4,34.97
10198,604145,3072,1,10.17
10199,604146,3060,2,301.16
10200,604146,3068,5,303.18
10201,604146,3035,5,29.8
10202,604146,3043,1,124.3
10203,604147,3025,1,119.9
10204,604147,3037,4,181.55
10205,604147,3078,4,312.01
10206,604147,3046,4,294.55
10207,604148,3034,5,57.77
10208,604149,3010,4,287.52
10209,604149,3050,2,284.96
10210,604149,3051,1,173.14
10211,604150,3073,1,12.72
10212,604151,3076,1,28.54
10213,604151,3045,1,82.5
10214,604151,3068,3,260.82
10215,604152,3017,1,139.6
10216,604152,3006,1,262.23
10217,604152,3072,3,49.52
10218,604153,3022,1,60.62
10219,604153,3013,1,284.76
10220,604153,3006,4,28.6
10221,604154,3025,2,161.94
10222,604155,3070,4,99.42
10223,604155,3044,4,140.03
10224,604155,3022,5,276.94
10225,604155,3036,3,295.2
10226,604156,3023,3,339.0
10227,604157,3015,3,115.2
10228,604157,3068,1,51.24
10229,604157,3030,3,259.84
10230,604158,3061,4,139.72
10231,604159,3039,2,286.68
10232,604159,3013,3,318.28
10233,604159,3036,3,319.0
10234,604159,3010,1,337.42
10235,604160,3032,2,62.78
10236,604161,3065,4,271.79
10237,604161,3070,2,168.28
10238,604161,3008,4,138.61
10239,604162,3001,4,195.56
10240,604162,3055,3,208.42
10241,604163,3019,4,110.63
10242,604163,3035,4,263.23
10243,604164,3046,5,230.95
10244,604164,3076,1,174.17
10245,604164,3071,3,17.88
10246,604165,3005,3,345.69
10247,604165,3052,1,269.21
10248,604165,3036,3,228.84
10249,604165,3038,1,26.05
10250,604166,3044,3,166.48
10251,604166,3008,1,153.63
10252,604166,3059,1,202.98
10253,604167,3009,4,198.75
10254,604168,3035,2,191.8
10255,604169,3041,5,12.26
10256,604169,3008,2,31.69
10257,604170,3046,5,37.4
10258,604171,3057,4,109.47
10259,604171,3061,4,339.56
10260,604171,3020,1,205.55
10261,604171,3047,3,31.95
10262,604172,3006,4,331.73
10263,604172,3033,2,250.76
10264,604173,3003,1,49.09
10265,604174,3011,4,171.04
10266,604174,3013,5,120.93
10267,604174,3047,4,328.95
10268,604175,3010,5,142.97
10269,604175,3058,3,337.4
10270,604175,3078,2,254.34
10271,604175,3013,3,250.01
10272,604176,3059,3,184.33
10273,604177,3056,5,86.0
10274,604177,3011,3,170.6
10275,604177,3028,1,115.39
10276,604177,3002,3,223.43
10277,604178,3012,3,283.81
10278,604178,3050,1,148.9
10279,604178,3001,3,161.11
10280,604178,3057,1,100.72
10281,604179,3037,1,213.81
10282,604180,3035,4,118.49
10283,604180,3044,4,69.94
10284,604181,3016,4,293.87
10285,604181,3016,4,32.43
10286,604181,3023,3,78.13
10287,604182,3016,3,172.05
10288,604182,3072,1,150.17
10289,604183,3065,2,109.47
10290,604183,3034,2,90.61
10291,604183,3006,4,326.13
10292,604183,3053,5,248.12
10293,604184,3068,1,-125.63
10294,604184,3009,4,19.06
10295,604184,3015,4,155.52
10296,604184,3006,4,139.68
10297,604185,3064,1,12.57
10298,604185,3080,5,300.89
10299,604185,3037,4,257.41
10300,604186,3078,5,48.73
10301,999999,3038,2,126.57
10302,604188,3021,5,70.84
10303,604189,3065,2,134.25
10304,604189,3029,2,113.52
10305,604190,3003,1,243.04
10306,604191,3018,1,217.68
10307,604191,3044,3,20.55
10308,604191,3025,2,114.16
10309,604191,3073,3,336.79
10310,604192,3040,4,63.95
10311,604192,3006,1,260.24
10312,604192,3061,1,304.25
10313,604192,3066,3,283.42
10314,604193,3002,5,214.7
10315,604193,3068,2,267.4
10316,604193,3010,1,101.34
10317,604193,3030,4,299.49
10318,604194,3027,4,290.83
10319,604194,3023,2,242.95
10320,604194,3042,2,284.63
10321,604195,3035,4,16.44
10322,604195,3059,2,342.47
10323,604195,3034,2,181.78
10324,604195,3017,4,154.34
10325,604196,3061,4,191.07
10326,604197,3014,3,33.51
10327,604198,3007,1,59.99
10328,604198,3059,5,93.65
10329,604198,3003,5,17.08
10330,604198,3054,4,138.85
10331,604199,3032,1,123.97
10332,604199,3029,3,280.56
10333,604200,3040,4,100.65
10334,604200,3002,4,12.0
10335,604200,3011,2,77.36
10336,604201,3034,4,276.73
10337,604201,3067,4,122.1
10338,604202,3071,5,196.64
10339,604202,3071,5,336.73
10340,604202,3063,5,77.86
10341,604202,3051,5,316.2
10342,604203,3004,3,219.27
10343,604203,3025,1,46.72
10344,604204,3041,5,65.4
10345,604204,3070,4,314.47
10346,604205,3069,4,226.63
10347,604205,3030,3,340.74
10348,604206,3031,1,348.38
10349,604206,3042,2,94.72
10350,604207,3019,2,95.82
10351,604207,3068,2,268.95
10352,604207,3079,2,147.18
10353,604208,3013,1,32.13
10354,604208,3042,3,54.81
10355,604209,3015,1,208.78
10356,604210,3054,1,334.85
10357,604210,3039,5,103.33
10358,604210,3011,4,131.33
10359,604210,3055,4,176.95
10360,604211,3055,5,6.83
10361,604211,3065,3,349.05
10362,604211,3028,2,106.67
10363,604212,3045,1,325.81
10364,604212,3032,4,257.45
10365,604212,3038,5,111.26
10366,604212,3004,3,20.13
10367,604213,3022,4,5.04
10368,604213,3079,2,124.54
10369,604214,3075,1,111.74
10370,604214,3063,4,182.16
10371,604215,3063,2,241.26
10372,604215,3016,2,51.38
10373,604215,3016,1,151.84
10374,604216,3059,2,90.79
10375,604216,3008,4,273.73
10376,604216,3040,3,211.37
10377,604216,3039,5,303.85
10378,604217,3009,4,346.17
10379,604218,3014,2,165.0
10380,604218,3002,5,185.33
10381,604218,3006,3,262.61
10382,604219,3010,1,284.47
10383,604219,3020,1,162.15
10384,604220,3064,3,183.4
10385,604220,3042,4,265.47
10386,604220,3016,4,58.02
10387,604221,3034,3,13.36
10388,604221,3052,4,334.33
10389,604222,3077,4,165.79
10390,604222,3026,2,154.65
10391,604223,3023,1,127.79
10392,604223,3023,4,157.32
10393,604223,3014,4,118.13
10394,604223,3029,5,8.61
10395,604224,3049,1,14.65
10396,604224,3015,2,19.36
10397,604225,3044,2,238.23
10398,604225,3033,5,233.16
10399,604225,3005,1,254.7
10400,604226,3063,4,5.13
10401,604226,3047,4,274.28
10402,604226,3057,2,124.38
10403,604227,3063,1,188.85
10404,604227,3025,4,328.25
10405,604228,3031,3,333.82
10406,604229,3080,2,322.44
10407,604230,3022,2,25.28
10408,604230,3070,4,64.05
10409,604231,3039,2,32.86
10410,604231,3033,2,133.67
10411,604232,3006,2,117.53
10412,604232,3074,1,173.68
10413,604232,3031,2,23.96
10414,604232,3011,2,278.79
10415,604233,3079,3,340.79
10416,604233,3022,3,332.83
10417,604233,3041,2,277.9
10418,604233,3044,4,105.3
10419,604234,3052,2,220.73
10420,604234,3025,5,52.28
10421,604235,3043,3,209.87
10422,604235,3022,2,69.13
10423,604236,3047,5,301.37
10424,604236,3037,2,165.83
10425,604236,3035,5,200.63
10426,604237,3077,2,5.76
10427,604237,3047,5,46.67
10428,604237,3015,1,297.73
10429,604238,3039,2,127.54
10430,604238,3032,5,151.89
10431,604238,3039,1,16.56
10432,604239,3025,1,328.9
10433,604239,3022,4,170.51
10434,604240,3043,2,144.9
10435,604240,3054,5,22.87
10436,604240,3038,1,158.0
10437,604240,3012,1,34.28
10438,604241,3080,3,290.38
10439,604241,3047,5,6.72
10440,604242,3068,4,45.01
10441,604243,3051,3,221.77
10442,604243,3046,5,192.95
10443,604243,3030,2,291.34
10444,604243,3048,3,286.86
10445,604244,3076,5,201.75
10446,604244,3071,1,188.86
10447,604245,3079,4,90.18
10448,604246,3008,4,306.11
10449,604247,3011,1,259.08
10450,604248,3053,3,28.84
10451,604248,3072,2,241.99
10452,604248,3057,4,197.56
10453,604249,3040,5,153.28
10454,604249,3061,2,332.45
10455,604249,3050,5,304.31
10456,604249,3044,2,39.32
10457,604250,3079,1,261.73
10458,604250,3026,4,328.7
10459,604250,3069,1,154.48
10460,604251,3027,3,146.29
10461,604251,3073,5,285.54
10462,604251,3026,5,244.38
10463,604252,3051,2,308.5
10464,604252,3048,5,111.14
10465,604252,3071,5,193.2
10466,604252,3020,1,65.66
10467,604253,3038,3,15.99
10468,604253,3058,4,124.2
10469,604253,3010,5,82.74
10470,604254,3070,5,61.84
10471,604254,3036,4,124.52
10472,604254,3054,0,63.47
10473,604254,3047,1,307.15
10474,604255,3078,4,156.93
10475,604255,3023,4,162.12
10476,604255,3049,1,277.33
10477,604255,3027,3,340.3
10478,604256,3025,5,279.19
10479,604256,3005,2,130.09
10480,604256,3052,5,77.67
10481,604257,3055,2,307.32
10482,604258,3013,1,238.24
10483,604258,3037,4,89.46
10484,604259,3064,5,94.23
10485,604259,3002,3,298.48
10486,604259,3047,3,252.99
10487,604260,3079,2,35.6
10488,604260,3061,1,166.99
10489,604260,3042,2,198.99
10490,604260,3026,5,61.43
10491,604261,3006,2,200.84
10492,604261,3011,3,143.44
10493,604261,3064,1,209.96
10494,604262,3075,4,171.36
10495,604262,3075,5,12.92
10496,604263,3069,3,71.87
10497,604263,3016,5,85.51
10498,604264,3010,2,307.55
10499,604265,3050,5,44.57
10500,604265,3047,2,233.03
10501,604266,3046,1,124.06
10502,604266,9999,5,85.73
10503,604266,3043,5,59.47
10504,604266,3014,4,332.55
10505,604267,3050,2,264.12
10506,604267,3066,2,92.43
10507,604267,3062,1,330.01
10508,604268,3031,1,122.39
10509,604269,3065,2,30.79
10510,604269,3005,2,146.33
10511,604270,3016,5,70.52
10512,604271,3069,2,7.31
10513,604272,3017,5,246.2
10514,604273,3001,2,203.67
10515,604274,3043,3,127.01
10516,604274,3025,4,44.6
10517,604275,3005,5,143.65
10518,604275,3026,5,337.9
10519,604275,3038,5,157.16
10520,604276,3063,4,285.31
10521,604276,3042,2,14.28
10522,604276,3050,4,332.86
10523,604277,3061,4,242.6
10524,604277,3041,3,130.49
10525,604277,3046,5,33.8
10526,604278,3071,3,205.84
10527,604278,3039,3,262.56
10528,604278,3004,1,305.87
10529,604278,3079,3,169.73
10530,604279,3052,3,329.37
10531,604279,3046,2,206.12
10532,604279,3028,3,163.35
10533,604279,3062,5,83.6
10534,604280,3028,4,74.99
10535,604280,3015,5,126.86
10536,604281,3055,0,88.21
10537,604281,3063,1,259.6
10538,604281,3043,2,79.65
10539,604282,3006,2,193.4
10540,604282,3049,1,136.11
10541,604282,3011,2,152.9
10542,604282,3040,1,117.83
10543,604283,3066,1,152.83
10544,604284,3055,5,69.05
10545,604284,3045,3,285.32
10546,604284,3064,3,192.6
10547,604285,3063,3,282.05
10548,604285,3007,1,155.26
10549,604285,3051,5,111.45
10550,604286,3051,1,293.59
10551,604286,3033,5,345.37
10552,604287,3065,5,280.55
10553,604287,3009,4,286.87
10554,604287,3013,5,128.49
10555,604287,3009,1,325.66
10556,604288,3011,2,18.51
10557,604288,3040,2,133.08
10558,604288,3034,1,58.29
10559,604289,3002,4,30.51
10560,604289,3051,1,306.06
10561,604290,3020,2,280.31
10562,604290,3002,4,198.37
10563,604290,3075,2,109.29
10564,604291,3041,2,215.17
10565,604291,3027,2,346.26
10566,604291,3049,5,164.0
10567,604291,3077,3,304.35
10568,604292,3027,3,134.08
10569,604293,3045,4,20.51
10570,604293,3053,5,209.59
10571,604294,3010,5,139.89
10572,604295,3061,5,112.75
10573,604296,3026,5,21.24
10574,604296,3008,2,150.04
10575,604297,3019,5,196.23
10576,604297,3080,2,96.74
10577,604297,3037,5,57.47
10578,604298,3015,4,112.02
10579,604298,3072,3,323.07
10580,604298,3037,3,248.41
10581,604298,3022,1,139.17
10582,604299,3064,2,79.58
10583,604299,3043,4,225.84
10584,604300,3077,3,322.9
10585,604300,3041,5,342.38
10586,604300,3003,1,348.88
10587,604300,3003,2,278.51
10588,604301,3022,2,83.51
10589,604301,3040,1,272.47
10590,604301,3024,2,338.21
10591,604301,3013,1,225.88
10592,604302,3056,5,319.62
10593,604303,3073,2,248.1
10594,604304,3076,3,126.91
10595,604304,3070,4,135.59
10596,604304,3025,4,79.43
10597,604305,3065,4,85.35
10598,604305,3067,1,20.73
10599,604305,3030,4,56.01
10600,604305,3007,4,209.06
10601,604306,3007,1,134.75
10602,604306,3022,1,93.52
10603,604306,3079,3,286.67
10604,604307,3079,3,29.53
10605,604308,3031,3,218.24
10606,604308,3076,4,172.42
10607,604309,3036,3,191.2
10608,604309,3008,4,237.43
10609,604310,3040,3,267.7
10610,604310,3022,2,165.53
10611,604311,3009,4,113.94
10612,604311,3033,1,53.62
10613,604311,3052,5,-317.97
10614,604311,3024,5,170.51
10615,604312,3078,1,78.89
10616,604312,3052,5,181.23
10617,604312,3017,4,20.04
10618,604313,3074,4,302.11
10619,604313,3002,4,209.19
10620,604314,3020,3,16.17
10621,604314,3034,2,327.15
10622,604314,3008,5,172.72
10623,604314,3047,2,106.35
10624,604315,3065,2,220.08
10625,604316,3043,3,252.45
10626,604316,3039,1,174.14
10627,604317,3058,1,193.24
10628,604317,3017,3,335.5
10629,604318,3041,3,141.35
10630,604319,3001,5,55.88
10631,604320,3043,1,109.97
10632,604320,3020,3,164.52
10633,604320,3073,3,57.45
10634,604320,3059,4,124.63
10635,604321,3056,1,310.27
10636,604321,3062,4,339.73
10637,604322,3023,5,179.7
10638,604322,3011,4,306.44
10639,604322,3012,5,13.26
10640,604323,3052,4,114.09
10641,604323,3021,1,331.7
10642,604323,3076,3,290.26
10643,604324,3004,3,337.7
10644,604324,3047,5,123.37
10645,604324,3079,4,169.63
10646,604324,3024,2,213.78
10647,604325,3030,1,135.02
10648,604326,3022,4,314.86
10649,604326,3068,4,253.31
10650,604326,3024,3,9.78
10651,604327,3018,3,344.02
10652,604327,3047,5,208.57
10653,604328,3046,4,185.11
10654,604328,3032,2,122.1
10655,604328,3042,1,74.31
10656,604328,3001,2,261.12
10657,604329,3021,1,256.33
10658,604330,3007,2,16.6
10659,604330,3017,5,84.58
10660,604330,3024,3,328.02
10661,604330,3010,2,277.25
10662,604331,3061,5,67.27
10663,604331,3051,3,39.79
10664,604331,3033,5,92.24
10665,604331,3033,4,335.05
10666,604332,3079,5,166.01
10667,604332,3022,1,304.33
10668,604333,3009,5,210.97
10669,604334,3044,2,153.43
10670,604334,3030,2,283.91
10671,604334,3007,3,102.35
10672,604335,3032,2,101.96
10673,604335,3076,1,64.12
10674,604336,3053,2,276.86
10675,604336,3043,1,94.8
10676,604336,3048,4,138.89
10677,604337,3009,4,222.18
10678,604337,3072,4,268.24
10679,604337,3051,2,329.41
10680,604338,3009,2,135.98
10681,604338,3048,2,202.64
10682,604339,3016,2,69.23
10683,604339,3006,1,250.69
10684,604340,3006,5,274.58
10685,604340,3033,5,184.16
10686,604340,3046,1,347.72
10687,604341,3068,1,144.9
10688,604341,3030,2,96.76
10689,604341,3043,2,93.39
10690,604342,3080,5,325.2
10691,604342,3061,2,275.79
10692,604342,3059,5,288.99
10693,604342,3054,2,240.97
10694,604343,3032,5,332.57
10695,604343,3040,4,43.25
10696,604343,3005,2,258.34
10697,604343,3060,4,94.88
10698,604344,3020,3,228.4
10699,604344,3056,4,335.15
10700,604344,3068,3,323.23
10701,604344,3019,2,45.36
10702,604345,3044,3,163.86
10703,604345,3003,1,177.65
10704,604345,3074,2,66.4
10705,604346,3026,4,45.86
10706,604346,3002,1,164.44
10707,604346,3065,1,83.07
10708,604347,3036,2,291.24
10709,604347,3035,5,142.45
10710,604347,3046,4,307.07
10711,604348,3036,3,191.08
10712,604349,3050,3,264.74
10713,604349,3037,5,243.44
10714,604350,3056,4,81.18
10715,604350,3001,3,55.71
10716,604350,3059,5,134.52
10717,604351,3036,5,289.76
10718,604351,3068,5,71.37
10719,604352,3050,5,127.66
10720,604352,3002,4,92.25
10721,604353,3065,0,72.75
10722,604354,3049,2,49.53
10723,604354,3052,1,294.43
10724,604354,3018,5,21.39
10725,604354,3052,2,127.69
10726,604355,3051,2,65.2
10727,604355,3042,4,217.54
10728,604356,3061,3,247.65
10729,604357,3054,5,234.72
10730,604357,3030,3,89.54
10731,604357,3016,1,143.42
10732,604358,3017,5,234.1
10733,604359,3073,2,280.21
10734,604359,3038,5,294.71
10735,604359,3073,1,262.89
10736,604360,3076,1,212.68
10737,604360,3056,1,232.24
10738,604360,3058,1,196.88
10739,604360,3068,4,158.01
10740,604361,3066,4,307.88
10741,604361,3070,5,166.04
10742,604361,3015,5,110.67
10743,604362,3080,3,198.46
10744,604362,3005,3,328.45
10745,604363,3028,5,257.84
10746,604363,3057,1,189.91
10747,604363,3052,5,23.41
10748,604364,3059,2,55.89
10749,604364,3062,1,33.51
10750,604365,3036,2,349.22
10751,604366,3080,1,282.3
10752,604366,3045,3,20.17
10753,604366,3034,5,258.19
10754,604367,3005,5,115.63
10755,604367,3073,2,314.63
10756,604368,3046,3,156.87
10757,604368,3010,4,58.77
10758,604368,3001,3,262.38
10759,604368,3058,3,109.53
10760,604369,3034,5,155.86
10761,604369,3035,1,14.37
10762,604369,3053,2,98.89
10763,604370,3048,1,301.34
10764,604371,3013,1,336.35
10765,604371,3008,3,349.06
10766,604372,3034,1,326.01
10767,604372,3042,5,347.56
10768,604373,3043,1,343.88
10769,604373,3076,5,269.43
10770,604374,3018,1,188.68
10771,604374,3053,3,322.05
10772,604374,3012,1,260.65
10773,604374,3014,2,190.67
10774,604375,3022,5,184.3
10775,604375,3064,1,165.43
10776,604375,3016,3,126.81
10777,604375,3064,2,269.9
10778,604376,3009,2,76.76
10779,604376,3041,2,244.3
10780,604376,3039,1,52.75
10781,604376,3037,1,176.72
10782,604377,3068,5,251.06
10783,604377,3027,5,343.19
10784,604378,3056,4,27.12
10785,604379,3071,2,348.21
10786,604379,3039,5,225.36
10787,604379,3053,5,71.12
10788,604380,3013,2,158.09
10789,604380,3037,2,120.54
10790,604380,3058,5,29.48
10791,604380,3039,5,173.5
10792,604381,3023,2,212.22
10793,604382,3051,4,99.77
10794,604383,3080,3,337.61
10795,604383,3050,4,348.09
10796,604384,3035,0,236.01
10797,604384,3030,2,52.37
10798,604384,3076,3,48.31
10799,604384,3078,1,105.62
10800,604385,3021,2,334.69
10801,604385,3017,3,165.67
10802,604385,3037,1,265.82
10803,604385,3005,5,260.46
10804,604386,3063,1,226.6
10805,604386,3046,1,188.3
10806,604386,3044,1,340.17
10807,604387,3006,4,44.63
10808,604387,3079,5,188.88
10809,604387,3016,1,184.57
10810,604387,3065,4,124.48
10811,604388,3052,2,33.27
10812,604388,3026,4,329.69
10813,604389,3006,1,344.84
10814,604389,3005,1,256.16
10815,604389,3018,4,18.95
10816,604389,3019,4,239.81
10817,604390,3078,3,54.86
10818,604391,3063,2,171.15
10819,604391,3055,1,326.5
10820,604391,3043,5,189.99
10821,604391,3032,1,88.31
10822,604392,3051,2,203.01
10823,604392,3014,4,319.62
10824,604392,3056,2,242.61
10825,604392,3066,4,226.81
10826,604393,3034,4,60.4
10827,604394,3052,2,42.25
10828,604394,3022,4,285.83
10829,604394,3013,1,159.1
10830,604395,3040,1,291.96
10831,604395,3075,4,230.25
10832,604396,3048,3,83.95
10833,604397,3007,3,154.32
10834,604398,3059,4,46.88
10835,604398,3028,4,237.98
10836,604398,3080,3,179.35
10837,604399,3061,5,52.37
10838,604399,3003,2,40.47
10839,604400,3047,3,276.77
10840,604400,3076,0,246.1
10841,604400,3015,1,45.7
10842,604400,3029,4,137.15
10843,604401,3054,3,44.64
10844,604401,3013,4,210.47
10845,604401,3026,4,156.28
10846,604401,3008,5,182.09
10847,604402,3073,2,195.67
10848,604402,3054,3,340.68
10849,604403,3042,5,269.74
10850,604403,3042,4,275.7
10851,604403,3024,2,302.21
10852,604403,3022,2,30.26
10853,604404,3045,1,7.93
10854,604404,3066,4,315.0
10855,604404,3039,3,248.39
10856,604405,3030,2,51.22
10857,604405,3060,1,109.83
10858,604406,3074,3,73.85
10859,604406,3023,4,80.49
10860,604406,3020,1,47.84
10861,604406,3014,4,202.97
10862,604407,3055,4,196.43
10863,604408,3060,3,279.69
10864,604408,3045,1,227.14
10865,604409,3009,3,300.91
10866,604409,3040,4,258.84
10867,604409,3069,4,72.68
10868,604410,3045,4,6.72
10869,604410,3024,3,314.92
10870,604411,3038,2,177.5
10871,604411,3006,5,348.19
10872,604412,3075,5,37.21
10873,604412,3057,2,209.68
10874,604413,3006,5,297.1
10875,604413,3055,4,296.82
10876,604413,3066,3,219.93
10877,604413,3013,3,196.78
10878,604414,3079,4,45.73
10879,604415,3044,5,238.54
10880,604415,3078,1,86.73
10881,604415,3051,4,319.3
10882,604416,3059,2,105.33
10883,604416,3057,2,85.86
10884,604416,3017,2,147.22
10885,604416,3026,4,133.19
10886,604417,3004,1,5.11
10887,604417,3005,4,327.83
10888,604417,3042,1,65.06
10889,604417,3019,4,252.91
10890,604418,3005,2,241.94
10891,604419,3037,1,84.28
10892,604419,3004,2,146.88
10893,604419,3065,3,64.33
10894,604419,3009,2,243.65
10895,604420,3076,0,85.75
10896,604420,3005,2,115.88
10897,604420,3028,5,8.69
10898,604421,3072,2,150.48
10899,604421,3051,2,42.61
10900,604421,3054,4,176.84
10901,604422,3046,3,77.86
10902,604422,3046,5,140.44
10903,604423,3065,4,327.09
10904,604423,3037,3,194.51
10905,604424,3075,3,336.17
10906,604424,3019,4,215.14
10907,604425,3068,4,187.06
10908,604425,3005,5,25.59
10909,604425,3058,2,77.43
10910,604426,3049,3,256.86
10911,604426,3052,3,153.92
10912,604426,3062,4,236.48
10913,604426,3013,2,36.03
10914,604427,3034,1,261.56
10915,604428,3067,4,323.93
10916,604428,3003,4,340.5
10917,604429,3013,4,-196.85
10918,604429,3048,4,234.01
10919,604429,3007,0,275.73
10920,604429,3047,2,316.1
10921,604430,3015,1,174.8
10922,604431,3065,3,22.07
10923,604431,3010,1,80.81
10924,604431,3058,2,76.07
10925,604432,3001,5,83.96
10926,604432,3037,3,159.09
10927,604432,3022,5,320.72
10928,604432,3066,2,309.18
10929,604433,3023,5,273.88
10930,604434,3049,2,22.89
10931,604434,3079,4,273.39
10932,604434,3009,3,57.28
10933,604435,3011,2,11.48
10934,604436,3064,1,105.2
10935,604437,3034,3,348.23
10936,604437,3027,2,22.87
10937,604438,3066,2,259.1
10938,604438,3068,0,336.69
10939,604438,3001,2,197.17
10940,604438,3063,4,221.38
10941,604439,3015,3,23.92
10942,604439,3020,4,238.92
10943,604439,3014,5,277.75
10944,604439,3027,5,151.24
10945,604440,3056,5,72.83
10946,604440,3052,1,280.98
10947,604441,3061,3,43.31
10948,604441,3005,3,184.62
10949,604442,3016,2,234.33
10950,604442,3049,4,318.03
10951,604443,3049,2,39.3
10952,604443,3068,4,82.19
10953,604443,3070,4,85.75
10954,604443,3047,4,347.67
10955,604444,3012,4,8.9
10956,604445,3029,4,236.97
10957,604446,3035,2,196.12
10958,604446,3032,1,33.14
10959,604447,3054,5,28.07
10960,604447,3064,1,245.61
10961,604447,3006,4,278.9
10962,604447,3026,4,277.17
10963,604448,3048,3,202.93
10964,604448,3023,2,273.81
10965,604448,3029,0,236.75
10966,604448,3043,1,129.5
10967,604449,3049,1,43.2
10968,604449,3078,2,109.78
10969,604449,3004,3,122.76
10970,604450,3005,5,338.9
10971,604450,3021,5,154.95
10972,604450,3004,1,172.94
10973,604451,3017,4,99.17
10974,604451,3038,4,-218.15
10975,604451,3025,5,276.03
10976,604452,3077,1,123.84
10977,604453,3034,3,71.32
10978,604453,3025,5,209.93
10979,604454,3035,4,136.19
10980,604454,3003,1,104.18
10981,604454,3046,3,78.27
10982,604455,3046,1,109.47
10983,604455,3036,2,343.58
10984,604455,3030,1,219.56
10985,604455,3066,1,152.16
10986,604456,3027,4,203.27
10987,604457,3039,2,289.01
10988,604457,3047,5,261.72
10989,604458,3059,2,246.26
10990,604458,3037,1,97.54
10991,604459,3039,3,332.53
10992,604460,3020,3,325.09
10993,604460,3024,1,239.99
10994,604461,3048,5,22.74
10995,604461,9999,5,293.55
10996,604461,3006,4,216.68
10997,604461,3032,4,140.82
10998,604462,3046,4,302.21
10999,604462,3020,3,123.73
11000,604462,3034,2,71.56
11001,604462,3016,3,115.36
11002,604463,3069,2,118.68
11003,604463,3059,5,179.84
11004,604463,3050,1,305.31
11005,604463,3043,1,270.25
11006,604464,3035,2,342.22
11007,604465,3021,5,338.51
11008,604465,3005,5,337.85
11009,604465,3022,5,99.26
11010,604466,3056,3,62.56
11011,604466,3050,1,312.27
11012,604466,3051,3,272.9
11013,604467,3036,2,8.64
11014,604467,3071,3,328.86
11015,604467,3038,2,70.53
11016,604467,3006,2,8.89
11017,604468,3022,3,10.85
11018,604468,3072,4,57.72
11019,604468,3057,2,83.67
11020,604469,3057,3,256.44
11021,604470,3026,2,218.02
11022,604470,3061,2,113.74
11023,604471,3066,4,244.32
11024,604471,3014,1,220.24
11025,604471,3012,1,27.56
11026,604471,3008,3,120.62
11027,604472,3001,2,346.85
11028,604473,3001,4,325.59
11029,604473,3008,2,140.37
11030,604473,3047,5,137.97
11031,604473,3075,1,268.22
11032,604474,3024,3,183.67
11033,604474,3035,5,113.81
11034,604475,3032,2,156.96
11035,604475,3045,4,137.54
11036,604476,3050,5,94.26
11037,604476,3047,2,278.44
11038,604477,3041,4,11.57
11039,604477,3033,3,34.6
11040,604478,3009,4,176.84
11041,604478,3031,1,280.4
11042,604479,3043,2,56.58
11043,604479,3055,3,195.4
11044,604479,3066,5,49.25
11045,604479,3033,2,269.93
11046,604480,3075,1,310.08
11047,604480,3016,1,306.8
11048,604480,3051,5,232.34
11049,604481,3059,5,271.87
11050,604481,3018,4,37.63
11051,604481,3013,3,122.46
11052,604482,3007,5,250.79
11053,604482,3021,4,328.38
11054,604482,3024,4,279.62
11055,604483,3043,5,275.23
11056,604483,3033,4,13.47
11057,604483,3061,1,305.3
11058,604483,3008,1,222.28
11059,604484,3019,5,35.32
11060,604484,3001,3,338.26
11061,604484,3070,3,215.12
11062,604484,3011,2,172.74
11063,604485,3002,4,151.96
11064,604485,3025,3,91.77
11065,604485,3052,4,84.98
11066,604485,3065,2,346.15
11067,604486,3068,5,284.41
11068,604486,3071,4,257.78
11069,604487,3057,1,236.12
11070,604487,3025,4,191.88
11071,604488,3011,3,319.14
11072,604488,3066,3,95.11
11073,604488,3067,4,286.75
11074,604488,3075,1,166.87
11075,604489,3050,3,254.53
11076,604490,3037,3,68.98
11077,604490,3042,5,150.97
11078,604490,3013,2,108.93
11079,604490,3012,5,76.35
11080,604491,3051,2,223.76
11081,604491,3052,3,101.19
11082,604491,3055,0,94.86
11083,604492,3028,4,147.84
11084,604492,3060,1,272.31
11085,604492,3048,5,37.68
11086,604493,3014,4,15.02
11087,604493,3025,2,196.54
11088,604493,3018,1,229.78
11089,604494,3022,3,165.41
11090,604494,3019,4,121.2
11091,604494,3049,4,27.58
11092,604494,3068,0,176.01
11093,604495,3034,5,281.93
11094,604495,3001,2,300.52
11095,604496,3060,2,43.02
11096,604496,3068,4,251.87
11097,604496,3005,2,140.68
11098,604496,3076,4,173.49
11099,604497,3068,3,69.76
11100,604497,3065,2,235.47
11101,604497,3028,3,40.95
11102,604498,3057,1,157.49
11103,604499,3078,4,92.24
11104,604499,3008,1,12.68
11105,604500,3080,1,29.53
11106,604500,3034,3,290.01
11107,604500,3011,2,329.25
11108,604500,3032,4,164.12
9796,603988,3067,4,257.41
4383,601772,3035,3,222.09
5026,602040,3034,1,185.09
1029,600434,3057,5,79.18
7107,602895,3037,1,143.69
5236,602122,3069,5,115.47
6534,602667,3079,2,339.52
5130,602079,3068,4,140.12
7869,603203,3011,1,103.16
8938,603638,3045,3,301.72
678,600285,3079,5,312.43
10504,604266,3014,4,332.55
4733,601915,3067,1,276.36
128,600057,3067,1,155.68
1284,600528,3042,3,220.61
7679,603127,3007,1,268.28
6072,602478,3027,3,282.47
7942,603234,3024,3,209.77
4744,601922,3004,3,198.69
4153,601681,3023,4,293.71
8829,603596,3008,2,208.3
7014,602863,3014,5,65.22
471,600198,3039,1,264.69
10463,604252,3051,2,308.5
3244,601315,3014,2,138.6
5184,602103,3077,2,238.38
7380,603001,3012,3,213.55
1417,600589,3045,5,323.55
1051,600443,3031,2,85.5
4426,601790,3025,3,157.51
4264,601727,3017,2,138.64
2106,600870,3008,5,108.62
3995,601618,3032,2,332.76
3725,601511,3047,3,48.91
10586,604300,3003,1,348.88
6236,602543,3058,4,327.06
4807,601947,3002,2,37.63
3149,601279,3044,2,58.55
11049,604481,3059,5,271.87
3155,601282,3008,2,221.34
