order_id,customer_id,order_date,shipping_city,order_status
600001,20616,2026-06-09,PRISHTINA,completed
600002,20222,2026-07-15, Prishtina ,Completed
600003,20463,2026-06-28,Prizren, completed 
600004,20303,2026-06-30,Ferizaj, pending 
600005,20299,2026-06-23, Prishtina ,Completed
600006,20312,2026-03-23,MITROVICE,completed
600007,20687,2026-05-30,PRIZREN, refunded 
600008,20342,2026-07-18,Mitrovicë, pending 
600009,20141,2026-03-16,PRISHTINA,Pending
600010,90066,2026-04-18,Gjakovë,completed
600011,20048,2026-05-30,Peja,Completed
600012,20468,2026-02-13,PRIZREN,Pending
600013,20472,2026-01-09, Gjakove ,completed
600014,20051,2026-06-27,Prishtina,Completed
600015,20304,2026-06-12,gjakove, completed 
600016,20107,2026-01-27,gjakove,cancelled
600017,20606,2026-07-04, Gjakove ,completed
600018,20179,2026-07-09,Mitrovicë,canceled
600019,20165,2026-05-03,PEJA, cancelled 
600020,20064,2026-05-31,FERIZAJ,completed
600021,20003,2026-06-26,Prishtina,Cancelled
600022,20356,2026-07-07,Gjakovë,pending
600023,20665,2026-06-26,Mitrovicë,Completed
600024,20411,2026-07-04,Peja,COMPLETED
600025,20368,2026-06-26,gjilan,completed
600026,20548,2026-05-25,Peja,COMPLETED
600027,20274,2026-03-06,Prishtina,Completed
600028,20677,2026-07-29,gjakove,COMPLETED
600029,20597,2026-07-22,Vushtrri, completed 
600030,20339,2026-05-21,Peja, completed 
600031,20142,2026-07-06,Gjilan,COMPLETED
600032,20583,2026-04-22,vushtrri,COMPLETED
600033,20333,2026-06-04,VUSHTRRI,pending
600034,20653,2026-02-11, Gjakove ,COMPLETED
600035,20415,2026-07-31,VUSHTRRI,completed
600036,20023,2026-08-03,GJILAN,Completed
600037,20437,2026-04-09,prizren,Completed
600038,20213,2026-04-17,ferizaj,pending
600039,20599,2026-07-08,Peja,COMPLETED
600040,20359,2026-05-20, Gjakove ,completed
600041,20138,2026-01-30,Prishtina,COMPLETED
600042,20326,2026-06-25,Prishtina,completed
600043,20627,2026-03-18,gjilan,completed
600044,20472,2026-07-03,Prishtina, completed 
600045,20575,2026-05-29,ferizaj,completed
600046,20460,2026-06-02,Prizren,Completed
600047,20367,2026-05-10, Prishtina ,completed
600048,20029,2026-06-03,Gjilan,completed
600049,20579,2026-02-07,gjilan,refunded
600050,20329,2026-03-14,ferizaj,cancelled
600051,20674,2026-03-31,Peja, completed 
600052,20458,2026-04-11,Prishtina,completed
600053,20243,2026-04-03,Gjakovë,completed
600054,20362,2026-07-16,Prishtina,completed
600055,20425,2026-01-24,Mitrovice, completed 
600056,20176,2026-02-27,Gjilan, completed 
600057,20564,2026-01-11,Ferizaj,REFUNDED
600058,20078,2026-03-06,mitrovice,COMPLETED
600059,20394,2026-02-13,gjilan,COMPLETED
600060,20320,2026-02-13, Gjakove , completed 
600061,20480,2026-04-28,FERIZAJ,CANCELLED
600062,20252,2026-01-12,Vushtrri, completed 
600063,20632,2026-03-14, Prishtina ,completed
600064,20304,2026-04-03,Prishtina,COMPLETED
600065,20098,2026-05-05,Gjilan,PENDING
600066,20365,2026-03-11,Prishtina,Completed
600067,20624,2026-03-13,Gjilan,completed
600068,20020,2026-01-02, Prizren ,Refunded
600069,20201,2026-05-04,prishtina,COMPLETED
600070,20652,2026-06-09,Prizren,completed
600071,20163,2026-01-07,Prishtina, completed 
600072,20377,2026-04-22,ferizaj,REFUNDED
600073,20003,2026-06-16,ferizaj, completed 
600074,20363,2026-03-15,gjilan,completed
600075,20115,2026-05-07,PRIZREN,completed
600076,20632,2026-04-16,VUSHTRRI,completed
600077,20387,2026-04-08,Prishtina,refunded
600078,20067,2026-05-03,Gjilan,COMPLETED
600079,20097,2026-02-01,Prizren,Completed
600080,20074,2026-03-15,VUSHTRRI,completed
600081,20029,2026-04-06,peja,completed
600082,20010,2026-07-20, Ferizaj ,CANCELLED
600083,20386,2026-05-23,GJAKOVE,COMPLETED
600084,20341,2026-06-29, Mitrovice ,Completed
600085,20114,2026-07-29,mitrovice,completed
600086,20302,2026-01-25,Mitrovicë,pending
600087,20080,2026-03-31,Prizren, completed 
600088,20512,2026-06-14, Peja ,completed
600089,20691,2026-03-10,Prizren,completed
600090,20050,2026-05-17, Prizren ,PENDING
600091,20654,2026-03-19,Vushtrri,completed
600092,20570,2026-03-11,GJILAN,pending
600093,20262,2026-06-29,GJAKOVE,Completed
600094,20405,2026-07-05,Prizren,COMPLETED
600095,20601,2026-04-20,Peja, completed 
600096,20402,2026-01-31,peja,COMPLETED
600097,20446,2026-02-27,vushtrri,completed
600098,20049,2026-06-30,PRISHTINA, completed 
600099,20316,2026-01-02,PRIZREN,refunded
600100,20017,2026-04-05,Gjilan,completed
600101,20607,2026-01-08,prizren,completed
600102,20348,2026-03-23, Ferizaj ,cancelled
600103,20061,2026-04-14,Vushtrri,Completed
600104,20504,2026-06-12,ferizaj,COMPLETED
600105,20014,2026-02-23,Gjilan, completed 
600106,20247,2026-02-07,Vushtrri,Completed
600107,20674,2026-01-29, Vushtrri ,PENDING
600108,20306,2026-05-09,prizren,pending
600109,20052,2026-02-12,peja,refunded
600110,20025,2026-04-01,Ferizaj,Refunded
600111,20129,2026-02-23,Gjakove,PENDING
600112,20454,2026-05-25,PRIZREN,completed
600113,20699,2026-05-10,Prizren,Refunded
600114,20130,2026-04-19,Prizren,CANCELLED
600115,20508,2026-05-23,Gjakove, refunded 
600116,20042,2026-01-07,Gjilan,pending
600117,20644,2026-05-05,Prishtina, completed 
600118,20467,2026-01-16,GJILAN,completed
600119,20132,2026-05-25,ferizaj,CANCELLED
600120,20644,2026-05-03,FERIZAJ, completed 
600121,20138,2026-01-14,Ferizaj,pending
600122,20615,2026-06-19,Ferizaj,COMPLETED
600123,20051,2026-01-20,Prishtina,Completed
600124,20016,2026-06-23, Ferizaj ,Cancelled
600125,20699,2026-01-27,PRIZREN, cancelled 
600126,20338,2026-06-27,Mitrovicë,completed
600127,20288,2026-06-14,Mitrovicë,canceled
600128,20098,2026-07-05,Prizren,COMPLETED
600129,20399,2026-04-08,PRISHTINA,refunded
600130,20111,2026-07-27,Prishtina,completed
600131,20393,2026-04-26,VUSHTRRI,refunded
600132,20556,2026-04-21, Ferizaj ,Completed
600133,20036,2026-03-12,Gjakovë,Completed
600134,20662,2026-03-09,Prizren,COMPLETED
600135,20215,2026-02-09,Prizren,Completed
600136,20700,2026-08-04,PRIZREN,completed
600137,20555,2026-08-08,vushtrri,Completed
600138,20238,2026-01-25,ferizaj,COMPLETED
600139,20138,2026-01-16,Vushtrri,REFUNDED
600140,20394,2026-03-04,Vushtrri,completed
600141,20197,2026-07-05,Ferizaj,Completed
600142,20494,2026-03-22, Mitrovice ,completed
600143,20131,2026-08-09,gjilan, completed 
600144,20099,2026-06-18,Gjilan,Completed
600145,20223,2026-04-14,FERIZAJ,completed
600146,20383,2026-01-30,GJILAN,COMPLETED
600147,20495,2026-06-28,Gjakovë, completed 
600148,20365,2026-03-12, Mitrovice ,COMPLETED
600149,20578,2026-07-15,gjakove, completed 
600150,20162,2026-03-01,peja,COMPLETED
600151,20478,2026-06-13,peja,Completed
600152,20657,2026-02-16, Ferizaj ,Completed
600153,20310,2026-01-13,Prizren,pending
600154,20151,2026-08-07,Ferizaj,COMPLETED
600155,20266,2026-08-05,MITROVICE,COMPLETED
600156,20422,2026-02-21,Gjilan,pending
600157,20275,2026-07-15, Gjakove ,REFUNDED
600158,20098,2026-04-22,Prizren,COMPLETED
600159,20573,2026-03-12,GJILAN,PENDING
600160,20380,2026-06-09,prishtina,Completed
600161,20669,2026-02-02, Mitrovice ,Completed
600162,20308,2026-04-11,ferizaj,refunded
600163,20350,2026-01-09, Prishtina ,Pending
600164,20210,2026-07-12,prizren,pending
600165,20007,2026-07-31,Vushtrri,COMPLETED
600166,20130,2026-01-13,Mitrovice,Completed
600167,20258,2026-02-28,Prizren,Completed
600168,20144,2026-04-17, Gjilan , pending 
600169,20364,2026-05-19,Peja,pending
600170,20411,2026-04-27, Prizren ,PENDING
600171,20495,2026-05-19,mitrovice,pending
600172,20515,2026-07-11,Gjakovë,completed
600173,20439,2026-03-12,prishtina,completed
600174,20487,2026-06-10,Prizren,Completed
600175,20025,2026-06-30, Gjakove ,pending
600176,20592,2026-08-08, Ferizaj ,Completed
600177,20460,2026-04-11,Mitrovicë,COMPLETED
600178,20489,2026-01-24, Prishtina ,COMPLETED
600179,20261,2026-04-17, Gjilan , completed 
600180,20136,2026-04-19,FERIZAJ,PENDING
600181,20555,2026-04-01,Vushtrri,Completed
600182,20546,2026-05-07, Prizren , refunded 
600183,20692,2026-02-26,prishtina,canceled
600184,20148,2026-05-27,vushtrri,completed
600185,20466,2026-03-23, Gjilan ,completed
600186,20628,2026-05-10, Peja ,completed
600187,20036,2026-08-01,Peja, cancelled 
600188,90050,2026-06-19, Peja ,REFUNDED
600189,20100,2026-06-30, Mitrovice ,COMPLETED
600190,20094,2026-06-11,PRIZREN,COMPLETED
600191,20119,2026-07-09,MITROVICE,CANCELLED
600192,20621,2026-06-19,Prizren,completed
600193,20511,2026-03-14, Prizren ,Pending
600194,20174,2026-07-07,FERIZAJ,completed
600195,20198,2026-03-25,Gjilan,COMPLETED
600196,20586,2026-07-26,GJAKOVE,refunded
600197,20665,2026-08-01,VUSHTRRI,Cancelled
600198,20008,2026-02-03,Mitrovice, completed 
600199,20251,2026-03-07,Prizren,COMPLETED
600200,20273,2026-05-12,Ferizaj,COMPLETED
600201,20048,2026-03-11,Gjakove, completed 
600202,20427,2026-05-30,Gjilan,Completed
600203,20137,2026-08-01,MITROVICE,Completed
600204,20615,2026-04-05,FERIZAJ,completed
600205,20314,2026-02-06, Vushtrri ,completed
600206,20441,2026-08-09,Prizren, completed 
600207,20662,2026-01-16,Prizren,Completed
600208,20260,2026-01-04,Prizren,Completed
600209,20560,2026-01-01,Vushtrri,REFUNDED
600210,20142,2026-04-22,Prishtina,pending
600211,20621,2026-07-24,FERIZAJ,completed
600212,20278,2026-03-28, Vushtrri , completed 
600213,20383,2026-04-11,GJAKOVE,completed
600214,20403,2026-01-27,Gjilan,pending
600215,20660,2026-02-25, Prizren ,cancelled
600216,20071,2026-04-09,prishtina, completed 
600217,20230,2026-05-01,Gjakovë, completed 
600218,20129,2026-07-02,FERIZAJ,completed
600219,20330,2026-04-05,Prizren, cancelled 
600220,20266,2026-05-18,GJAKOVE, completed 
600221,20482,2026-06-21,GJAKOVE,Completed
600222,20405,2026-05-15,Gjilan,Completed
600223,20179,2026-05-29,Gjakovë,Cancelled
600224,20289,2026-04-27,peja,COMPLETED
600225,90034,2026-03-18,GJILAN,Pending
600226,20363,2026-06-28,Gjakove,refunded
600227,20482,2026-05-29,PEJA,COMPLETED
600228,20072,2026-02-17,Peja,pending
600229,20189,2026-06-26,vushtrri, completed 
600230,20470,2026-02-11,Ferizaj,Completed
600231,20327,2026-01-11,gjakove, cancelled 
600232,20561,2026-06-01,Gjakove, completed 
600233,20494,2026-01-01,peja, cancelled 
600234,20425,2026-02-26, Mitrovice , completed 
600235,20613,2026-07-12,ferizaj,COMPLETED
600236,20218,2026-02-01, Gjakove , completed 
600237,20629,2026-05-09,gjilan,completed
600238,20372,2026-07-03,gjakove,Refunded
600239,20604,2026-03-03,PEJA,Completed
600240,20393,2026-06-23,PEJA,Refunded
600241,20262,2026-02-18,vushtrri, completed 
600242,20687,2026-05-05,gjakove,completed
600243,20435,2026-04-19,Vushtrri,completed
600244,20123,2026-08-04,Ferizaj,Pending
600245,20214,2026-04-22,Peja, completed 
600246,20562,2026-06-09,Vushtrri,Completed
600247,20347,2026-03-17,Vushtrri,COMPLETED
600248,20510,2026-02-25,Ferizaj,REFUNDED
600249,20120,2026-01-18,FERIZAJ,COMPLETED
600250,20033,2026-03-25, Peja ,Completed
600251,20100,2026-03-23,Gjilan, completed 
600252,20364,2026-01-30,Gjilan,completed
600253,20330,2026-03-06, Prishtina , completed 
600254,20076,2026-03-06,Mitrovicë,completed
600255,20053,2026-01-15,MITROVICE,completed
600256,20550,2026-01-20,FERIZAJ,COMPLETED
600257,20326,2026-01-06,Gjilan, refunded 
600258,20673,2026-04-02,Mitrovicë,pending
600259,20564,2026-07-30, Vushtrri , completed 
600260,20034,2026-07-30, Prishtina ,completed
600261,20329,2026-05-04,GJAKOVE,completed
600262,20567,2026-03-10,Gjilan,Refunded
600263,20109,2026-05-03,MITROVICE,Completed
600264,20083,2026-05-24,Ferizaj,COMPLETED
600265,20084,2026-04-30,Peja,completed
600266,20195,2026-07-09,Ferizaj, completed 
600267,20285,2026-04-16,Gjilan,COMPLETED
600268,20536,2026-04-04, Prizren ,completed
600269,20303,2026-05-30,prizren,completed
600270,20190,2026-01-25,gjakove,Completed
600271,20072,2026-04-22,gjakove,canceled
600272,20015,2026-01-21,Prizren,COMPLETED
600273,20181,2026-05-20,GJILAN,COMPLETED
600274,20393,2026-02-01,Peja,Completed
600275,20229,2026-07-01,Gjakove, completed 
600276,20039,2026-04-18,PEJA,COMPLETED
600277,20107,2026-04-16,Prizren,COMPLETED
600278,20411,2026-07-25, Peja ,completed
600279,20481,2026-02-28,mitrovice, completed 
600280,20182,2026-01-30,peja,Pending
600281,20375,2026-01-31,Mitrovice,COMPLETED
600282,20699,2026-04-09,ferizaj,COMPLETED
600283,20506,2026-03-21,gjakove,refunded
600284,20277,2026-05-06,ferizaj,completed
600285,20043,2026-06-10,PRIZREN,completed
600286,20454,2026-03-27, Gjakove , completed 
600287,20201,2026-07-10, Peja , pending 
600288,20437,2026-07-16,GJILAN,COMPLETED
600289,20648,2026-04-30,Gjakove, completed 
600290,20124,2026-04-18,gjilan,COMPLETED
600291,20441,2026-01-06,Prizren, completed 
600292,20606,2026-04-05,gjakove, cancelled 
600293,20073,2026-01-15, Vushtrri ,completed
600294,20248,2026-05-06,GJAKOVE,pending
600295,20195,2026-04-10, Ferizaj ,Completed
600296,20105,2026-03-01,Prishtina,pending
600297,20349,2026-07-04,prishtina,completed
600298,20205,2026-05-01,PEJA,unknown
600299,20426,2026-05-18,Prizren,completed
600300,20269,2026-06-24,Gjilan, cancelled 
600301,20157,2026-06-19, Prishtina ,pending
600302,20579,2026-04-04,Prizren, cancelled 
600303,20149,2026-99-40, Peja ,PENDING
600304,20065,2026-06-18,prizren,COMPLETED
600305,20247,2026-03-25, Vushtrri ,completed
600306,20006,2026-04-19,Ferizaj,completed
600307,20164,2026-06-29,Gjakove,Completed
600308,20181,2026-02-08,Gjakove,completed
600309,20367,2026-07-25,Gjilan,Completed
600310,20298,2026-07-28,Ferizaj,completed
600311,20634,2026-02-02,Mitrovicë,CANCELLED
600312,20403,2026-07-21, Prizren ,Completed
600313,20324,2026-03-19,Prizren,Cancelled
600314,20586,2026-02-04,ferizaj,completed
600315,20677,2026-07-13,mitrovice,completed
600316,20422,2026-04-20, Vushtrri ,pending
600317,20467,2026-01-27,Prizren,refunded
600318,20224,2026-02-11,gjilan,pending
600319,20339,2026-07-17,Gjakove, completed 
600320,20395,2026-04-12,Mitrovicë,completed
600321,20383,2026-02-08,Prishtina,PENDING
600322,20643,2026-07-15, Ferizaj ,canceled
600323,20616,2026-05-28,Prizren,Completed
600324,20415,2026-06-22,Ferizaj,completed
600325,20464,2026-01-29, Mitrovice ,Completed
600326,20184,2026-01-24,PRISHTINA,Completed
600327,20383,2026-06-25,PRIZREN,Pending
600328,20067,2026-03-14,Peja, completed 
600329,20337,2026-05-26,Prizren,Completed
600330,20675,2026-06-15,Prizren,Completed
600331,20031,2026-06-21,Ferizaj,COMPLETED
600332,20688,2026-03-19,GJILAN,COMPLETED
600333,20222,2026-07-16,prishtina, refunded 
600334,20582,2026-04-03,GJILAN,completed
600335,20270,2026-03-02,PRIZREN,refunded
600336,20602,2026-06-27,Prizren, completed 
600337,20485,2026-01-29, Prishtina , completed 
600338,20683,2026-07-19,Vushtrri,completed
600339,20281,2026-02-18,Prishtina, cancelled 
600340,20062,2026-07-08,Prishtina,Completed
600341,20642,2026-07-17, Peja ,completed
600342,20412,2026-04-14, Gjilan ,Refunded
600343,20191,2026-08-03, Ferizaj ,COMPLETED
600344,20047,2026-04-18,Vushtrri,completed
600345,20149,2026-05-01, Peja ,completed
600346,20231,2026-05-24,Mitrovice,completed
600347,20437,2026-03-29,Mitrovicë, completed 
600348,20551,2026-01-28,mitrovice,canceled
600349,20361,2026-06-22,prizren,completed
600350,20365,2026-05-12,GJILAN,Pending
600351,20583,2026-02-13,Gjakove,REFUNDED
600352,20375,2026-02-22,Peja,refunded
600353,20553,2026-05-19, Prizren ,pending
600354,20202,2026-04-14,Vushtrri,Completed
600355,20034,2026-05-10,Prizren,CANCELLED
600356,20561,2026-07-11,GJAKOVE, completed 
600357,20608,2026-03-29, Gjilan ,completed
600358,20186,2026-06-03,MITROVICE,completed
600359,20129,2026-04-23,Vushtrri,Completed
600360,20140,2026-04-04,GJAKOVE,completed
600361,20044,2026-05-27, Gjilan , completed 
600362,20346,2026-04-29, Prizren ,COMPLETED
600363,20677,2026-08-09,gjilan,completed
600364,20104,2026-07-16,Mitrovicë,completed
600365,20511,2026-01-18,Ferizaj,cancelled
600366,20233,2026-06-11,mitrovice,Completed
600367,20360,2026-05-07,ferizaj,Completed
600368,20082,2026-04-15, Gjilan ,unknown
600369,20099,2026-06-30,PRISHTINA,completed
600370,20308,2026-03-28, Gjilan ,completed
600371,20127,2026-03-31,GJILAN,Completed
600372,20144,2026-06-23,Mitrovice, completed 
600373,20376,2026-02-23,Mitrovicë,CANCELLED
600374,20416,2026-02-20,Peja,COMPLETED
600375,20029,2026-02-12,Gjakove,Refunded
600376,20173,2026-05-30,GJAKOVE,Refunded
600377,20367,2026-03-19,prizren,Refunded
600378,20549,2026-01-17,prishtina, completed 
600379,20687,2026-04-19,Gjilan,refunded
600380,20549,2026-07-08,Ferizaj,PENDING
600381,20428,2026-07-08,prizren,completed
600382,90001,2026-05-13,Ferizaj,completed
600383,20683,2026-02-05, Peja ,completed
600384,20641,2026-03-07,Prishtina,Completed
600385,20536,2026-02-22,ferizaj,completed
600386,20376,2026-05-04, Gjilan ,COMPLETED
600387,20267,2026-06-04,Ferizaj, completed 
600388,20366,2026-07-06,prishtina,Completed
600389,20473,2026-01-25,VUSHTRRI,Completed
600390,20368,2026-01-12,Prishtina,pending
600391,20322,2026-07-25,Prizren,pending
600392,20390,2026-04-15,Prizren,COMPLETED
600393,20079,2026-06-19, Prishtina ,refunded
600394,20490,2026-02-18,gjakove, completed 
600395,20012,2026-05-02,PRISHTINA,cancelled
600396,20637,2026-04-28, Gjilan ,Completed
600397,20179,2026-05-14,Gjilan,completed
600398,20113,2026-03-18,Prishtina, completed 
600399,20045,2026-07-03,Gjakovë,pending
600400,20562,2026-02-25,peja,completed
600401,20409,2026-05-09,prizren,cancelled
600402,20590,2026-02-17,Mitrovicë,CANCELLED
600403,20162,2026-08-08,PEJA,completed
600404,20596,2026-07-14,vushtrri,refunded
600405,20081,2026-03-31,vushtrri,completed
600406,20563,2026-03-14,PRIZREN,Completed
600407,20113,2026-05-28,Peja,Pending
600408,20366,2026-04-27,Gjilan,Completed
600409,20022,2026-03-19,Ferizaj,canceled
600410,20253,2026-03-28,Gjakove,CANCELLED
600411,20425,2026-01-17,FERIZAJ, refunded 
600412,20020,2026-03-18, Gjakove ,COMPLETED
600413,20158,2026-07-18, Peja ,COMPLETED
600414,20062,2026-07-29,Prizren,COMPLETED
600415,20257,2026-04-05,prishtina, completed 
600416,20219,2026-03-26,Vushtrri,REFUNDED
600417,20615,2026-01-05, Mitrovice ,completed
600418,20476,2026-06-08,mitrovice,completed
600419,20673,2026-04-04,FERIZAJ,refunded
600420,20091,2026-03-30,prizren,completed
600421,20151,2026-01-24,ferizaj, completed 
600422,20588,2026-06-20, Peja ,Pending
600423,20508,2026-05-17,Mitrovice,Completed
600424,20078,2026-04-13,Vushtrri,completed
600425,90047,2026-07-20, Ferizaj ,COMPLETED
600426,90071,2026-01-30,Prizren, pending 
600427,20303,2026-05-21,Prizren, completed 
600428,20654,2026-02-14, Vushtrri ,completed
600429,20346,2026-04-16,Vushtrri,completed
600430,20679,2026-01-04,vushtrri,Pending
600431,20308,2026-05-02,Peja,COMPLETED
600432,20158,2026-03-22,Prishtina, completed 
600433,20632,2026-01-20,Vushtrri,completed
600434,20093,2026-01-25,PRIZREN,completed
600435,20417,2026-07-05,Gjakove, completed 
600436,20102,2026-01-04, Prizren ,completed
600437,20326,2026-07-02,Gjakovë, completed 
600438,20286,2026-05-05,gjilan,completed
600439,20238,2026-01-26, Vushtrri ,pending
600440,20550,2026-03-28,Gjilan,COMPLETED
600441,20552,2026-08-01,Gjilan,CANCELLED
600442,20071,2026-03-05,prishtina,pending
600443,20453,2026-05-03,Gjilan,canceled
600444,20063,2026-06-12,Vushtrri, completed 
600445,20571,2026-04-28,GJAKOVE,refunded
600446,20206,2026-06-03, Mitrovice ,completed
600447,20489,2026-07-04,Prishtina, completed 
600448,20573,2026-07-05, Ferizaj ,completed
600449,20381,2026-06-15,mitrovice,completed
600450,20139,2026-04-06,Gjakovë,completed
600451,20020,2026-03-01, Gjilan ,canceled
600452,20487,2026-03-06, Vushtrri , completed 
600453,20053,2026-02-18,Prizren,cancelled
600454,20255,2026-05-02, Mitrovice ,PENDING
600455,20449,2026-06-08,Prizren,COMPLETED
600456,20603,2026-03-22,Gjilan,COMPLETED
600457,20628,2026-01-10,GJAKOVE,refunded
600458,20401,2026-01-26,Vushtrri,completed
600459,20622,2026-02-01,ferizaj,pending
600460,20659,2026-02-17,gjakove, completed 
600461,20655,2026-04-30,ferizaj,PENDING
600462,20213,2026-01-31, Prizren ,completed
600463,20095,2026-99-40,Mitrovice,pending
600464,20562,2026-05-18, Prizren , completed 
600465,20479,2026-02-24,PRISHTINA,Completed
600466,20426,2026-02-14, Prizren ,COMPLETED
600467,20112,2026-02-26,PRIZREN,PENDING
600468,20566,2026-07-20,Ferizaj,CANCELLED
600469,20038,2026-04-22,Ferizaj,completed
600470,20416,2026-01-01, Prizren ,completed
600471,20470,2026-04-12,Gjilan,COMPLETED
600472,20055,2026-06-08,Vushtrri,Completed
600473,20417,2026-04-12,Gjakove,COMPLETED
600474,20069,2026-07-30,Peja,completed
600475,20344,2026-05-13,Peja,COMPLETED
600476,20550,2026-07-26,Ferizaj,Completed
600477,20053,2026-06-03,VUSHTRRI,completed
600478,20675,2026-04-18, Prizren , completed 
600479,20277,2026-02-27,Mitrovicë,completed
600480,20049,2026-06-01,PRISHTINA,pending
600481,20589,2026-02-22,Vushtrri, completed 
600482,20283,2026-05-23,Peja,completed
600483,20117,2026-06-24,Peja,canceled
600484,20512,2026-06-29,GJAKOVE, completed 
600485,20121,2026-05-07,Gjakove,PENDING
600486,20392,2026-03-24,Ferizaj, completed 
600487,20305,2026-07-07,Prizren,COMPLETED
600488,20483,2026-04-29,PRISHTINA,completed
600489,20334,2026-07-07,prishtina,completed
600490,20072,2026-02-16, Prizren ,COMPLETED
600491,20524,2026-03-28,Gjilan,Completed
600492,20064,2026-06-03, Vushtrri ,Pending
600493,20229,2026-07-03,PRISHTINA,Completed
600494,20345,2026-01-28,VUSHTRRI,COMPLETED
600495,20154,2026-04-10,peja,completed
600496,20551,2026-05-31,VUSHTRRI,COMPLETED
600497,20483,2026-03-07,peja,completed
600498,20220,2026-06-03,Mitrovice,completed
600499,20206,2026-02-04,GJILAN,completed
600500,20008,2026-07-12,Vushtrri,Refunded
600501,20460,2026-03-20,Ferizaj,completed
600502,20504,2026-07-06,PRIZREN, completed 
600503,20628,2026-01-29,Prizren,refunded
600504,20239,2026-01-05,Prizren,completed
600505,20109,2026-01-08, Peja ,completed
600506,20534,2026-02-04,peja, completed 
600507,20594,2026-06-20,ferizaj,completed
600508,20215,2026-06-22,Gjakove, completed 
600509,20177,2026-02-09,Peja,Cancelled
600510,20097,2026-03-29,GJAKOVE,completed
600511,20115,2026-01-12,Peja,COMPLETED
600512,20090,2026-08-04, Prishtina ,completed
600513,20275,2026-02-26,MITROVICE,Cancelled
600514,20261,2026-05-29,mitrovice,Completed
600515,20155,2026-01-02,prizren,Cancelled
600516,20159,2026-03-09,PRIZREN,cancelled
600517,20285,2026-06-12,Peja,Completed
600518,20167,2026-06-28,MITROVICE,completed
600519,20396,2026-07-03,Prizren,COMPLETED
600520,20098,2026-06-29, Peja , cancelled 
600521,20206,2026-02-09, Gjilan , completed 
600522,20467,2026-01-30,Prishtina, completed 
600523,20496,2026-07-09,FERIZAJ, completed 
600524,20041,2026-02-19,Gjakove, completed 
600525,20294,2026-07-06, Peja , completed 
600526,20507,2026-07-17,Prishtina,COMPLETED
600527,20165,2026-05-13,Vushtrri, completed 
600528,20090,2026-05-17,Peja, completed 
600529,20420,2026-04-23,ferizaj,Completed
600530,20493,2026-05-06,Mitrovicë,completed
600531,20162,2026-03-29,vushtrri, completed 
600532,20548,2026-04-13,FERIZAJ,COMPLETED
600533,20386,2026-01-04,Mitrovice,completed
600534,20573,2026-05-07, Gjakove ,pending
600535,20105,2026-05-10, Mitrovice ,pending
600536,20536,2026-05-05,peja,COMPLETED
600537,20659,2026-01-28,Gjakove,Completed
600538,20308,2026-07-12,Prishtina, completed 
600539,20121,2026-03-17,VUSHTRRI,PENDING
600540,20582,2026-03-06, Ferizaj , completed 
600541,20016,2026-07-13,vushtrri, completed 
600542,20050,2026-04-10,PRIZREN,REFUNDED
600543,20612,2026-07-30,Prizren,COMPLETED
600544,20662,2026-03-22,ferizaj,refunded
600545,20474,2026-07-20,Ferizaj,completed
600546,20649,2026-99-40, Prishtina ,completed
600547,20412,2026-06-13, Mitrovice ,Refunded
600548,20270,2026-03-08,gjakove, completed 
600549,20544,2026-01-11,Gjakovë, completed 
600550,20375,2026-02-11,Peja,Pending
600551,20316,2026-02-06, Peja ,Completed
600552,20306,2026-01-05, Mitrovice ,COMPLETED
600553,20038,2026-01-04,Ferizaj, completed 
600554,20447,2026-03-03, Gjakove ,completed
600555,20343,2026-05-28,MITROVICE, completed 
600556,20295,2026-02-15,prishtina,completed
600557,20298,2026-04-19, Vushtrri ,PENDING
600558,20493,2026-04-18,Vushtrri,completed
600559,20311,2026-07-23,Mitrovice,Completed
600560,20628,2026-08-08,FERIZAJ,Completed
600561,20264,2026-01-13,VUSHTRRI,COMPLETED
600562,20139,2026-07-24,peja,pending
600563,20645,2026-07-14, Gjilan ,completed
600564,20004,2026-07-19,GJAKOVE,completed
600565,20687,2026-05-13,gjilan,Completed
600566,20098,2026-04-04,ferizaj,completed
600567,20338,2026-06-23, Gjilan ,Completed
600568,20008,2026-07-10, Gjilan ,COMPLETED
600569,20222,2026-02-08,Ferizaj,Completed
600570,20069,2026-01-11,Peja, refunded 
600571,20656,2026-07-19,Prizren,completed
600572,20046,2026-03-27,VUSHTRRI,cancelled
600573,20302,2026-07-20,Mitrovicë,Cancelled
600574,20085,2026-07-21,GJAKOVE,completed
600575,20668,2026-01-21,GJAKOVE,COMPLETED
600576,20584,2026-03-10,GJILAN,COMPLETED
600577,20021,2026-04-29,Mitrovicë, completed 
600578,20578,2026-04-03,MITROVICE,completed
600579,20190,2026-02-22, Prizren ,Completed
600580,20668,2026-07-15, Prizren ,Completed
600581,20407,2026-07-30,MITROVICE,completed
600582,20555,2026-03-19,Mitrovicë,COMPLETED
600583,20567,2026-04-26, Gjakove ,completed
600584,20447,2026-05-31,Gjakove,completed
600585,20355,2026-02-23,PEJA,REFUNDED
600586,90084,2026-03-30,Peja,pending
600587,20188,2026-08-09,Prizren, completed 
600588,20602,2026-04-26,VUSHTRRI, completed 
600589,20520,2026-03-21, Vushtrri ,COMPLETED
600590,20477,2026-06-04,Gjilan,completed
600591,20254,2026-06-28,VUSHTRRI, completed 
600592,20023,2026-01-23,vushtrri, refunded 
600593,20698,2026-07-06,Gjakove,completed
600594,20452,2026-03-13,Gjakove,pending
600595,20256,2026-01-08,Prizren, completed 
600596,20622,2026-03-11,gjilan, cancelled 
600597,20147,2026-02-06, Gjilan , completed 
600598,20413,2026-06-18,Gjakovë,completed
600599,20351,2026-01-17,Prizren,Completed
600600,20134,2026-03-12,VUSHTRRI,completed
600601,20008,2026-07-14, Vushtrri ,pending
600602,20521,2026-01-16,PRISHTINA, completed 
600603,20362,2026-07-15,PRISHTINA,COMPLETED
600604,20449,2026-06-11,Gjakove,completed
600605,20045,2026-03-09,Peja,completed
600606,20599,2026-02-22,Prishtina,pending
600607,20225,2026-07-13,gjakove, completed 
600608,20492,2026-02-06,Gjakovë,Completed
600609,20573,2026-08-09, Vushtrri ,Completed
600610,20463,2026-06-18,MITROVICE,PENDING
600611,20179,2026-07-29,Gjakovë,COMPLETED
600612,20023,2026-04-22,Gjilan, completed 
600613,20126,2026-02-05,prizren,Completed
600614,20280,2026-04-27,MITROVICE,completed
600615,20469,2026-01-24,PRISHTINA,completed
600616,20224,2026-08-02,Ferizaj,completed
600617,20118,2026-01-16, Ferizaj , refunded 
600618,20572,2026-07-29, Gjilan ,COMPLETED
600619,20304,2026-02-09, Vushtrri ,COMPLETED
600620,20463,2026-04-23,Prizren,pending
600621,20456,2026-01-03,prishtina,COMPLETED
600622,20331,2026-05-10,GJILAN, completed 
600623,20683,2026-05-29,mitrovice,PENDING
600624,20239,2026-01-21,VUSHTRRI, completed 
600625,20494,2026-01-19, Ferizaj ,Cancelled
600626,20281,2026-04-07,Ferizaj, completed 
600627,20085,2026-01-20,FERIZAJ,completed
600628,90055,2026-04-20,Prishtina,unknown
600629,20665,2026-05-22,ferizaj,completed
600630,20166,2026-03-09,MITROVICE,Completed
600631,20127,2026-02-18, Vushtrri , pending 
600632,20084,2026-02-02,Gjakove,completed
600633,20566,2026-01-12,Mitrovicë,completed
600634,20264,2026-04-29,gjakove,COMPLETED
600635,20192,2026-02-06, Gjakove ,Completed
600636,20105,2026-07-13,Gjakovë, completed 
600637,20465,2026-07-04,Ferizaj,cancelled
600638,20480,2026-03-07,prishtina,CANCELLED
600639,20578,2026-03-24,ferizaj,completed
600640,20655,2026-06-26,MITROVICE,completed
600641,20071,2026-02-19,PEJA,Pending
600642,20252,2026-08-02,PEJA,COMPLETED
600643,20121,2026-06-06,PRISHTINA,completed
600644,20648,2026-07-07, Ferizaj ,Refunded
600645,20008,2026-06-26,Gjakove, pending 
600646,20506,2026-08-07,Peja,completed
600647,20374,2026-07-30,Gjilan,CANCELLED
600648,20462,2026-01-18,Prishtina,Completed
600649,20639,2026-05-20, Ferizaj ,pending
600650,20653,2026-04-04,Ferizaj, cancelled 
600651,20060,2026-06-16,Prishtina,pending
600652,20267,2026-05-22,Ferizaj, completed 
600653,20456,2026-05-25, Prishtina ,Completed
600654,20248,2026-05-30,Peja, completed 
600655,20213,2026-01-29,Prishtina,Completed
600656,20559,2026-04-21,Mitrovicë,completed
600657,20224,2026-07-14,vushtrri,pending
600658,20699,2026-04-13,ferizaj,Completed
600659,20346,2026-01-23,VUSHTRRI,CANCELLED
600660,20660,2026-05-29,Vushtrri,completed
600661,20413,2026-06-26,GJAKOVE,Cancelled
600662,20377,2026-03-29, Peja , completed 
600663,20602,2026-01-29,Gjakovë,pending
600664,20324,2026-04-22, Vushtrri ,completed
600665,90040,2026-04-05,Prishtina,COMPLETED
600666,20084,2026-01-28,gjilan,completed
600667,20487,2026-07-24,Gjakove,completed
600668,20251,2026-07-28,gjakove,Completed
600669,20483,2026-01-15,Gjakove,cancelled
600670,20449,2026-01-19,Vushtrri,completed
600671,20398,2026-02-08,Vushtrri,pending
600672,20686,2026-04-30,Peja,COMPLETED
600673,20055,2026-06-19,FERIZAJ,Completed
600674,20577,2026-05-15,Prishtina,Completed
600675,20433,2026-99-40,Vushtrri, completed 
600676,20207,2026-01-16,GJAKOVE,cancelled
600677,20044,2026-04-15,prizren, cancelled 
600678,20613,2026-03-03,Mitrovicë,COMPLETED
600679,20470,2026-03-01,Prizren,pending
600680,20654,2026-01-24, Mitrovice ,Completed
600681,20307,2026-07-26,ferizaj,completed
600682,20615,2026-07-19,VUSHTRRI,cancelled
600683,20149,2026-02-20,gjilan, completed 
600684,20620,2026-01-18,ferizaj,Completed
600685,20111,2026-03-29,Peja,pending
600686,20428,2026-04-09,PRIZREN,completed
600687,20631,2026-07-02,prizren,completed
600688,20292,2026-01-02,Ferizaj,completed
600689,20058,2026-03-04,Mitrovice,completed
600690,20579,2026-03-27,prizren, completed 
600691,20047,2026-05-01,Gjilan,completed
600692,20352,2026-02-27,peja,Completed
600693,20038,2026-02-12,gjilan, cancelled 
600694,20423,2026-04-22,PRISHTINA,completed
600695,20161,2026-07-09,gjakove, pending 
600696,20671,2026-03-25,GJILAN,completed
600697,20390,2026-01-25, Gjakove ,refunded
600698,20383,2026-01-13,PEJA,refunded
600699,20076,2026-02-25,MITROVICE,CANCELLED
600700,20105,2026-06-30, Mitrovice ,completed
600701,20548,2026-05-21,Prizren, completed 
600702,20391,2026-04-07, Vushtrri ,pending
600703,20559,2026-07-18,FERIZAJ,refunded
600704,20398,2026-03-17,PRISHTINA,COMPLETED
600705,20351,2026-04-13,gjakove,COMPLETED
600706,20604,2026-03-21,Gjilan,canceled
600707,20240,2026-02-09,Vushtrri,Completed
600708,20264,2026-04-27, Peja ,refunded
600709,20365,2026-01-22,GJILAN,Completed
600710,20463,2026-06-12, Gjakove ,Completed
600711,20033,2026-04-09,Prizren,completed
600712,20004,2026-06-28, Ferizaj ,pending
600713,20276,2026-07-24,peja,CANCELLED
600714,20516,2026-02-05,Peja,cancelled
600715,20502,2026-03-31, Prizren ,Completed
600716,20456,2026-01-22,Peja,Cancelled
600717,20281,2026-04-08,Mitrovice,REFUNDED
600718,20403,2026-03-03, Prishtina ,COMPLETED
600719,20402,2026-05-14,prishtina,COMPLETED
600720,20114,2026-04-28, Vushtrri ,pending
600721,20264,2026-03-29, Ferizaj ,cancelled
600722,20624,2026-04-15, Prizren ,refunded
600723,20145,2026-03-10,Prishtina,COMPLETED
600724,20237,2026-01-16, Vushtrri ,REFUNDED
600725,20666,2026-05-24,FERIZAJ,Completed
600726,20111,2026-04-08,GJAKOVE,Completed
600727,20410,2026-99-40, Mitrovice ,completed
600728,20145,2026-07-14,peja,Completed
600729,20108,2026-05-22,PRIZREN,canceled
600730,20187,2026-05-07,Gjilan,Completed
600731,20462,2026-07-26,prizren,Completed
600732,20094,2026-06-26,Peja,Completed
600733,20594,2026-05-02,Gjilan,COMPLETED
600734,20328,2026-03-30,Vushtrri,canceled
600735,20560,2026-03-05,Mitrovicë,Cancelled
600736,20492,2026-08-04,Peja, completed 
600737,20345,2026-04-01,gjilan,completed
600738,20529,2026-04-22,Gjilan,Pending
600739,20336,2026-01-23,Gjakovë,completed
600740,20034,2026-01-02,Mitrovice,refunded
600741,20374,2026-07-10,PRISHTINA,COMPLETED
600742,90048,2026-05-29,mitrovice,refunded
600743,20116,2026-01-18,Prizren,Completed
600744,20682,2026-06-27,ferizaj,COMPLETED
600745,20312,2026-01-24,vushtrri, completed 
600746,20048,2026-06-08, Gjakove ,refunded
600747,20314,2026-01-23,MITROVICE,refunded
600748,20603,2026-08-01,FERIZAJ,COMPLETED
600749,20011,2026-04-22,GJAKOVE, refunded 
600750,20084,2026-01-27,Mitrovice,completed
600751,20626,2026-01-11,vushtrri,COMPLETED
600752,20387,2026-04-14,Gjilan,canceled
600753,20509,2026-07-01, Peja ,Completed
600754,20438,2026-07-04,VUSHTRRI,refunded
600755,20518,2026-03-18,Gjilan, cancelled 
600756,20673,2026-01-10,PRISHTINA,Completed
600757,20335,2026-05-20,peja,completed
600758,20242,2026-03-24, Gjakove ,Completed
600759,20135,2026-07-04,vushtrri,completed
600760,20645,2026-03-18,ferizaj,completed
600761,20171,2026-06-20,Prizren,PENDING
600762,20015,2026-05-05,prishtina,completed
600763,20598,2026-03-15,Ferizaj,completed
600764,20570,2026-06-07, Gjakove ,pending
600765,20625,2026-05-29,gjakove,pending
600766,20500,2026-01-17,PRISHTINA,Completed
600767,20202,2026-01-28,Prizren,cancelled
600768,20545,2026-02-17,Peja, completed 
600769,20124,2026-01-04,Mitrovice, completed 
600770,20095,2026-04-02,GJILAN,Cancelled
600771,20103,2026-05-26,Mitrovicë,Completed
600772,20520,2026-05-12, Gjilan ,canceled
600773,20413,2026-04-09,GJILAN, completed 
600774,20005,2026-07-01, Prishtina , completed 
600775,20551,2026-05-20,prishtina,COMPLETED
600776,20480,2026-05-18,Gjakove,Completed
600777,20392,2026-07-07,GJAKOVE,completed
600778,20519,2026-08-05,Peja,COMPLETED
600779,20334,2026-01-19,GJILAN,Completed
600780,20336,2026-07-24,Ferizaj,pending
600781,20526,2026-02-17,Prishtina,refunded
600782,20259,2026-02-18,Prishtina, completed 
600783,20060,2026-04-06,VUSHTRRI,completed
600784,20538,2026-03-15,GJAKOVE,Cancelled
600785,20304,2026-07-20,prizren,canceled
600786,20657,2026-02-15,Ferizaj, cancelled 
600787,20639,2026-05-15,PRISHTINA,PENDING
600788,20074,2026-01-03,vushtrri,completed
600789,20081,2026-03-01,Gjilan, completed 
600790,20325,2026-02-23,prizren,COMPLETED
600791,20051,2026-02-15,Gjakove,CANCELLED
600792,20109,2026-01-27,Vushtrri,Completed
600793,20604,2026-02-28,Peja,Completed
600794,20286,2026-05-10,Peja, completed 
600795,20461,2026-05-24,GJAKOVE, completed 
600796,20329,2026-06-29,Vushtrri,completed
600797,20566,2026-07-03,Prizren,Completed
600798,20689,2026-01-16,FERIZAJ,Pending
600799,20355,2026-03-14,mitrovice,refunded
600800,20383,2026-08-06,Ferizaj,COMPLETED
600801,20090,2026-05-17,Vushtrri,cancelled
600802,20491,2026-01-10,GJAKOVE, completed 
600803,20512,2026-01-21,Prizren,COMPLETED
600804,20212,2026-06-19,Prizren, pending 
600805,20203,2026-03-15, Prizren ,completed
600806,20220,2026-06-21, Peja ,completed
600807,90090,2026-05-12,Prizren,Completed
600808,20131,2026-04-01,PRIZREN,pending
600809,20228,2026-01-27, Gjilan ,completed
600810,20012,2026-06-24,Peja,completed
600811,20001,2026-08-03, Ferizaj ,Completed
600812,20353,2026-07-25,Prishtina,pending
600813,20045,2026-04-17, Prishtina ,COMPLETED
600814,20595,2026-02-16,Gjakovë,COMPLETED
600815,20283,2026-02-07,Mitrovicë,Cancelled
600816,20168,2026-02-23,mitrovice,COMPLETED
600817,20350,2026-07-12,Vushtrri,completed
600818,20299,2026-07-24,PEJA,refunded
600819,20206,2026-06-25, Prizren ,completed
600820,20589,2026-02-17,prishtina, refunded 
600821,20469,2026-07-12, Vushtrri ,COMPLETED
600822,90099,2026-07-30,MITROVICE,Completed
600823,20696,2026-06-13,PRISHTINA,pending
600824,20489,2026-01-03,Prishtina,pending
600825,20483,2026-07-26,vushtrri,Completed
600826,20080,2026-07-15,mitrovice,Completed
600827,20166,2026-05-09,Gjakovë,completed
600828,20353,2026-08-06,Gjakove, pending 
600829,20055,2026-07-30,ferizaj,Completed
600830,20409,2026-02-09,MITROVICE,completed
600831,20645,2026-04-03,GJILAN,completed
600832,20254,2026-04-24,Prishtina, completed 
600833,20099,2026-08-02,PRISHTINA,cancelled
600834,20259,2026-07-18,Peja, completed 
600835,20629,2026-01-01,Prizren,pending
600836,20584,2026-02-23,prizren,cancelled
600837,20622,2026-01-03,Prizren, refunded 
600838,20016,2026-07-08,VUSHTRRI, pending 
600839,20308,2026-06-21,prizren, pending 
600840,20700,2026-02-19,Gjilan,PENDING
600841,20429,2026-05-10,Gjakovë,PENDING
600842,20405,2026-01-04,Ferizaj,completed
600843,20597,2026-07-07, Ferizaj ,COMPLETED
600844,20446,2026-05-14,GJAKOVE,refunded
600845,20204,2026-05-01,Gjakovë,COMPLETED
600846,20628,2026-02-02,Vushtrri,completed
600847,20133,2026-08-06,vushtrri,Completed
600848,20111,2026-99-40, Vushtrri ,CANCELLED
600849,20072,2026-02-26,mitrovice,COMPLETED
600850,20658,2026-02-14,Gjilan,pending
600851,20225,2026-05-10, Gjakove ,cancelled
600852,20050,2026-04-16,ferizaj,completed
600853,20639,2026-02-18, Ferizaj ,completed
600854,20480,2026-03-15,prishtina,PENDING
600855,20206,2026-02-13,mitrovice,completed
600856,20457,2026-06-27,GJAKOVE,Completed
600857,20513,2026-04-27,prizren,completed
600858,20205,2026-05-09,VUSHTRRI,Completed
600859,20670,2026-02-22,PRIZREN,completed
600860,20165,2026-04-13,VUSHTRRI,Completed
600861,20225,2026-04-10,Mitrovicë,COMPLETED
600862,20156,2026-04-12, Gjilan ,Completed
600863,20075,2026-02-02,Vushtrri,COMPLETED
600864,20312,2026-01-23,PRIZREN, pending 
600865,20119,2026-02-16,Ferizaj,pending
600866,20090,2026-02-02,Prishtina,completed
600867,20616,2026-06-08,Gjilan,COMPLETED
600868,20250,2026-02-27,Ferizaj,pending
600869,20628,2026-03-26, Prizren , completed 
600870,20383,2026-07-06,VUSHTRRI,COMPLETED
600871,20506,2026-01-09,VUSHTRRI,completed
600872,20205,2026-03-14,GJAKOVE,Cancelled
600873,20565,2026-02-25, Prizren ,refunded
600874,20669,2026-01-20, Prizren ,Pending
600875,20540,2026-04-13,ferizaj,Completed
600876,20455,2026-02-24,Prishtina, completed 
600877,20684,2026-03-20, Gjilan , completed 
600878,20450,2026-01-14,PRIZREN,Completed
600879,20390,2026-07-04,Ferizaj,PENDING
600880,20043,2026-06-12,Gjilan,Completed
600881,20045,2026-05-14,gjilan,Refunded
600882,20274,2026-01-19,prizren,COMPLETED
600883,20150,2026-06-26,peja,Completed
600884,20081,2026-02-28,prishtina,COMPLETED
600885,20596,2026-03-24,Prishtina,refunded
600886,20341,2026-06-04, Mitrovice ,completed
600887,20582,2026-02-15,PRISHTINA,completed
600888,20327,2026-05-19,Prizren,completed
600889,20089,2026-01-11,FERIZAJ,COMPLETED
600890,20569,2026-05-24,Gjakove, completed 
600891,20537,2026-06-08,Ferizaj,completed
600892,20409,2026-03-24, Prishtina ,COMPLETED
600893,20163,2026-07-15, Ferizaj ,COMPLETED
600894,20319,2026-01-05,PRIZREN,COMPLETED
600895,20014,2026-04-05,Gjilan,Completed
600896,20682,2026-04-13,PRISHTINA,Completed
600897,20529,2026-02-17,Gjilan,PENDING
600898,20351,2026-07-31,prizren,Completed
600899,20584,2026-04-01,Gjilan,CANCELLED
600900,20346,2026-05-19, Gjilan ,completed
600901,20497,2026-02-20,GJILAN,cancelled
600902,20166,2026-06-15,prizren, completed 
600903,20479,2026-02-19,Vushtrri,COMPLETED
600904,20086,2026-05-26,gjilan,REFUNDED
600905,20036,2026-08-06,Ferizaj,Completed
600906,20079,2026-06-09,mitrovice,Completed
600907,20470,2026-07-15,peja,completed
600908,20181,2026-04-13,Vushtrri,completed
600909,20107,2026-07-27,PRISHTINA, pending 
600910,20186,2026-04-02,Mitrovice,COMPLETED
600911,20168,2026-01-03, Mitrovice ,COMPLETED
600912,20137,2026-07-08, Gjilan ,completed
600913,20489,2026-08-08,Prishtina,refunded
600914,20169,2026-08-07, Gjilan ,Completed
600915,20027,2026-07-14, Peja ,Completed
600916,20124,2026-01-09,Gjakove,completed
600917,20483,2026-04-28,PEJA,completed
600918,20540,2026-03-19, Ferizaj , completed 
600919,20260,2026-05-06,VUSHTRRI, completed 
600920,20356,2026-01-30,Ferizaj,Completed
600921,20275,2026-05-26,Peja, completed 
600922,20339,2026-02-01,Gjakovë,Completed
600923,20001,2026-05-24, Vushtrri ,completed
600924,20517,2026-01-03, Gjilan ,completed
600925,20214,2026-03-12,MITROVICE,completed
600926,20150,2026-07-07, Peja ,completed
600927,20401,2026-02-23,prishtina,Cancelled
600928,20512,2026-02-19,Ferizaj, pending 
600929,20063,2026-02-09,Gjakove,cancelled
600930,20138,2026-01-31, Prizren , cancelled 
600931,20214,2026-05-19, Prishtina ,completed
600932,20184,2026-02-03,Ferizaj, completed 
600933,20013,2026-07-29,Peja,Completed
600934,20363,2026-02-05,Gjakove, pending 
600935,20487,2026-01-03, Peja ,REFUNDED
600936,20158,2026-05-15,vushtrri, completed 
600937,20003,2026-02-26,prizren, completed 
600938,20424,2026-04-29,Mitrovice,completed
600939,20295,2026-02-06,PRIZREN,Cancelled
600940,20645,2026-05-21,Ferizaj,COMPLETED
600941,20305,2026-01-27,Prishtina,Pending
600942,20669,2026-03-25,Mitrovicë,Completed
600943,20276,2026-01-30,Ferizaj,Completed
600944,20331,2026-05-17,Ferizaj,pending
600945,20096,2026-06-29, Gjakove ,completed
600946,20036,2026-06-10,Gjakove,COMPLETED
600947,20023,2026-07-15,Gjakove,completed
600948,20617,2026-01-21,gjakove, completed 
600949,20574,2026-05-22,mitrovice,Pending
600950,20252,2026-02-03,gjilan,completed
600951,20512,2026-02-24,gjilan,COMPLETED
600952,20627,2026-04-28,vushtrri,Pending
600953,20478,2026-04-01,PEJA, refunded 
600954,20245,2026-06-05, Vushtrri ,COMPLETED
600955,20148,2026-03-23,Prishtina, cancelled 
600956,20663,2026-01-10, Mitrovice , completed 
600957,20470,2026-06-17, Gjakove , refunded 
600958,20247,2026-03-11,prishtina,completed
600959,20687,2026-07-19,Prishtina, completed 
600960,20047,2026-02-15,GJILAN,completed
600961,20499,2026-05-27, Gjilan ,PENDING
600962,20375,2026-02-22,peja,CANCELLED
600963,20287,2026-01-11, Gjilan ,COMPLETED
600964,20604,2026-03-14,gjakove,PENDING
600965,20448,2026-07-03,Vushtrri,completed
600966,20213,2026-05-30,ferizaj, cancelled 
600967,20519,2026-06-23,Mitrovice,COMPLETED
600968,20050,2026-01-18,Gjakove,pending
600969,20095,2026-06-08, Peja ,Completed
600970,20356,2026-05-29,Ferizaj,completed
600971,20662,2026-05-26,Vushtrri,refunded
600972,20285,2026-07-19,Peja,pending
600973,20643,2026-01-06,Mitrovice,completed
600974,20455,2026-08-08,gjakove,Completed
600975,20540,2026-04-25,GJILAN,REFUNDED
600976,20622,2026-04-26,Prizren, completed 
600977,20104,2026-06-13,Gjilan,completed
600978,20530,2026-02-17,PEJA,COMPLETED
600979,20039,2026-04-23,Peja, completed 
600980,20442,2026-03-21,vushtrri, pending 
600981,20456,2026-02-15, Peja , pending 
600982,20214,2026-02-12,Peja,completed
600983,20691,2026-06-20,GJAKOVE, refunded 
600984,20580,2026-03-03,mitrovice,REFUNDED
600985,20009,2026-04-27,Prishtina,Completed
600986,20448,2026-06-09,ferizaj,completed
600987,20022,2026-05-16, Prizren ,completed
600988,20168,2026-04-27, Vushtrri ,Completed
600989,20687,2026-01-27, Prishtina ,COMPLETED
600990,20409,2026-06-01,Gjakove,COMPLETED
600991,20634,2026-04-13,ferizaj,completed
600992,20101,2026-06-09,prishtina,REFUNDED
600993,20312,2026-05-30,PEJA,completed
600994,20343,2026-02-04,Vushtrri, completed 
600995,20449,2026-05-21, Gjilan ,COMPLETED
600996,20622,2026-06-30, Peja , completed 
600997,20426,2026-08-01,Peja,COMPLETED
600998,20038,2026-07-13, Ferizaj ,Completed
600999,20468,2026-08-09,vushtrri, completed 
601000,20235,2026-05-18,PRIZREN,refunded
601001,20218,2026-04-19, Ferizaj , completed 
601002,20203,2026-02-17,Vushtrri,completed
601003,20553,2026-04-04, Gjilan ,refunded
601004,20217,2026-01-20, Gjilan , completed 
601005,20418,2026-01-03,prishtina,completed
601006,20292,2026-03-20,Peja,Refunded
601007,20527,2026-06-10,gjakove,cancelled
601008,20361,2026-07-01,FERIZAJ,Completed
601009,20417,2026-04-28, Ferizaj ,completed
601010,20230,2026-08-04,Gjakove,Refunded
601011,20486,2026-05-09,Gjilan,completed
601012,20182,2026-04-02, Ferizaj ,completed
601013,20162,2026-06-02,Prizren,Completed
601014,20315,2026-01-20, Gjilan , completed 
601015,20640,2026-07-02,gjakove,completed
601016,20450,2026-03-13,GJAKOVE,Pending
601017,20068,2026-01-12,VUSHTRRI,Completed
601018,20303,2026-02-09, Gjakove ,completed
601019,20404,2026-04-28,GJAKOVE, cancelled 
601020,20524,2026-04-03,Mitrovicë,Completed
601021,20294,2026-04-17,Gjakove, pending 
601022,20547,2026-01-15,prishtina,Completed
601023,20150,2026-03-28,VUSHTRRI,Completed
601024,20579,2026-03-26,Gjilan, completed 
601025,20068,2026-01-19,PRIZREN,COMPLETED
601026,20435,2026-05-21,GJILAN,CANCELLED
601027,20685,2026-04-30,prizren,completed
601028,20044,2026-03-03,gjilan, completed 
601029,20660,2026-01-10, Prizren ,completed
601030,20353,2026-01-26,VUSHTRRI, cancelled 
601031,20226,2026-04-05,Ferizaj,COMPLETED
601032,20605,2026-07-19,VUSHTRRI,Completed
601033,20247,2026-04-16,Ferizaj, completed 
601034,20630,2026-01-26,Mitrovice,completed
601035,20184,2026-04-22, Gjakove ,cancelled
601036,20158,2026-08-07,Mitrovice,Pending
601037,20255,2026-02-18,mitrovice,pending
601038,20434,2026-07-14,PRIZREN,REFUNDED
601039,20676,2026-03-24,GJAKOVE,pending
601040,20196,2026-06-24,PRISHTINA,Completed
601041,20330,2026-02-28,prishtina,pending
601042,20118,2026-02-10,prishtina,Completed
601043,20480,2026-04-28,GJILAN,completed
601044,20126,2026-01-06,Peja, completed 
601045,20082,2026-04-01,PEJA,Pending
601046,20235,2026-07-26,peja,CANCELLED
601047,20316,2026-03-24,prishtina,canceled
601048,20377,2026-01-11,Ferizaj,Pending
601049,20355,2026-07-04,GJILAN,Completed
601050,20279,2026-02-10,Prishtina,completed
601051,20012,2026-05-02,Mitrovice,completed
601052,20249,2026-03-02,peja, completed 
601053,20529,2026-04-02,Mitrovicë,Completed
601054,20151,2026-02-08, Ferizaj ,completed
601055,20239,2026-01-11,Ferizaj,PENDING
601056,20658,2026-04-09,Prishtina,cancelled
601057,20047,2026-03-08,vushtrri,completed
601058,20183,2026-07-28,MITROVICE,COMPLETED
601059,20086,2026-01-26,Ferizaj,Completed
601060,20442,2026-06-12, Gjakove ,Completed
601061,20067,2026-01-10,Peja,completed
601062,20101,2026-06-28,Mitrovice,completed
601063,20417,2026-01-20,PEJA, pending 
601064,20619,2026-05-11, Prishtina ,Completed
601065,20286,2026-03-18,vushtrri,Completed
601066,20653,2026-07-09, Mitrovice ,completed
601067,20356,2026-03-29,PEJA,completed
601068,20267,2026-03-27,PRIZREN,REFUNDED
601069,20429,2026-03-04,Ferizaj,pending
601070,20049,2026-07-04,Prishtina,Completed
601071,20624,2026-06-19,mitrovice,COMPLETED
601072,20651,2026-06-25,Gjakovë, pending 
601073,20431,2026-07-16,Peja,completed
601074,20117,2026-06-23, Prishtina ,COMPLETED
601075,20531,2026-03-06,vushtrri, completed 
601076,20004,2026-01-06,peja,completed
601077,20256,2026-03-27,Prishtina,completed
601078,20002,2026-02-26,MITROVICE,completed
601079,20038,2026-05-01,Ferizaj,completed
601080,20030,2026-03-09,FERIZAJ,CANCELLED
601081,20162,2026-01-14,Prishtina,COMPLETED
601082,20372,2026-08-01,Vushtrri, completed 
601083,20079,2026-06-07, Peja ,completed
601084,20051,2026-03-02,vushtrri,completed
601085,20566,2026-06-26,prizren,Completed
601086,20365,2026-07-01, Peja , completed 
601087,20243,2026-04-30, Prizren ,Completed
601088,20013,2026-02-22, Vushtrri ,COMPLETED
601089,20084,2026-05-07, Prishtina ,Completed
601090,20250,2026-03-21,ferizaj,COMPLETED
601091,20154,2026-06-19,GJAKOVE,REFUNDED
601092,20520,2026-03-28,Peja, completed 
601093,20387,2026-01-11,Prishtina,canceled
601094,90055,2026-05-31,GJILAN,Pending
601095,20143,2026-04-24,gjilan,Refunded
601096,20231,2026-03-29,Mitrovice,COMPLETED
601097,20551,2026-04-05,MITROVICE, completed 
601098,20684,2026-05-04,Prizren,Completed
601099,20574,2026-05-14,MITROVICE,Completed
601100,20254,2026-04-26,GJILAN,completed
601101,20541,2026-05-18,GJAKOVE,Cancelled
601102,20340,2026-05-16,Gjakove,completed
601103,20373,2026-05-04,Mitrovicë, completed 
601104,20419,2026-04-04, Mitrovice ,pending
601105,20682,2026-04-19,peja,COMPLETED
601106,20569,2026-04-08,FERIZAJ,completed
601107,20173,2026-01-07, Prishtina ,Cancelled
601108,20376,2026-01-02,Prishtina,completed
601109,20250,2026-05-08,peja,completed
601110,20689,2026-02-10,GJAKOVE,COMPLETED
601111,20336,2026-03-16,Peja,refunded
601112,20482,2026-01-22,prizren,pending
601113,20154,2026-02-11,peja,Completed
601114,20246,2026-07-26, Gjakove ,pending
601115,20641,2026-01-21,vushtrri,canceled
601116,20204,2026-05-21,mitrovice,COMPLETED
601117,20511,2026-04-07,VUSHTRRI,pending
601118,20319,2026-02-08,Prishtina,completed
601119,20461,2026-03-19, Gjilan ,Completed
601120,20561,2026-04-27,vushtrri,COMPLETED
601121,20223,2026-04-08,FERIZAJ,COMPLETED
601122,20535,2026-03-19,MITROVICE, cancelled 
601123,20382,2026-04-11,PRIZREN,Completed
601124,20275,2026-01-06,Prizren,COMPLETED
601125,20524,2026-04-10, Ferizaj ,completed
601126,20365,2026-01-18,MITROVICE,COMPLETED
601127,20105,2026-01-19,Ferizaj,completed
601128,20039,2026-01-17,Vushtrri,Cancelled
601129,20505,2026-02-20,Gjakovë,completed
601130,20066,2026-05-11,GJAKOVE, completed 
601131,20365,2026-04-05,Ferizaj,CANCELLED
601132,20140,2026-02-10,FERIZAJ,PENDING
601133,20667,2026-02-24,MITROVICE,completed
601134,20003,2026-02-28, Prizren ,pending
601135,20291,2026-04-03,gjakove, refunded 
601136,20177,2026-04-14, Peja ,pending
601137,20160,2026-02-18,peja,completed
601138,20248,2026-05-23, Mitrovice , completed 
601139,20693,2026-02-14,Gjilan,Refunded
601140,20165,2026-02-23,Gjakovë,completed
601141,20448,2026-01-28,vushtrri,Refunded
601142,20134,2026-01-08,Prizren,completed
601143,20361,2026-06-23,Gjakovë,completed
601144,20113,2026-03-23, Vushtrri ,Completed
601145,20019,2026-05-16,mitrovice,Pending
601146,20320,2026-01-16,Ferizaj,PENDING
601147,20273,2026-03-01,VUSHTRRI,Completed
601148,20367,2026-03-23, Ferizaj ,Completed
601149,20692,2026-04-27,Gjilan, refunded 
601150,20203,2026-02-19, Ferizaj ,pending
601151,20138,2026-01-16,vushtrri,completed
601152,20027,2026-01-10,Ferizaj,COMPLETED
601153,20276,2026-03-06, Prishtina ,Completed
601154,20041,2026-04-30,Mitrovice,cancelled
601155,20236,2026-01-17,Gjakovë,completed
601156,20218,2026-05-27,Ferizaj, completed 
601157,20038,2026-05-22,prizren,completed
601158,20164,2026-06-18, Gjilan ,Completed
601159,20066,2026-04-26,PRIZREN,pending
601160,20112,2026-06-11,Prishtina,COMPLETED
601161,20669,2026-02-17,Vushtrri,COMPLETED
601162,20382,2026-06-19, Ferizaj ,completed
601163,20411,2026-02-17,Gjakove,completed
601164,20118,2026-07-25,gjilan,Refunded
601165,20392,2026-06-12,Vushtrri,Completed
601166,20514,2026-02-17,vushtrri, cancelled 
601167,20664,2026-03-26,Ferizaj,completed
601168,20229,2026-01-07, Prishtina , cancelled 
601169,90040,2026-03-21,Prishtina,Completed
601170,20620,2026-07-31,VUSHTRRI,completed
601171,20328,2026-02-01,GJILAN,completed
601172,20276,2026-06-08,PEJA,cancelled
601173,20677,2026-02-25,prizren,COMPLETED
601174,20407,2026-07-09,gjakove,COMPLETED
601175,20534,2026-07-29,Gjilan,Completed
601176,20520,2026-06-19,VUSHTRRI, completed 
601177,20230,2026-04-03, Prizren ,completed
601178,20619,2026-06-28,GJAKOVE,completed
601179,20109,2026-06-26,Prishtina, completed 
601180,20143,2026-04-04,FERIZAJ,completed
601181,20643,2026-03-18, Prishtina ,PENDING
601182,20476,2026-04-21, Prizren ,COMPLETED
601183,20168,2026-05-14,peja,completed
601184,20007,2026-01-13,prizren,completed
601185,20399,2026-04-14, Peja ,completed
601186,20349,2026-01-12,FERIZAJ,completed
601187,20479,2026-03-24,Vushtrri,completed
601188,20423,2026-06-21,PRISHTINA, completed 
601189,20157,2026-07-21, Vushtrri ,completed
601190,20381,2026-02-27, Prizren ,completed
601191,20546,2026-03-16,PRIZREN, completed 
601192,20327,2026-07-06,Vushtrri,Completed
601193,20252,2026-08-02, Peja ,completed
601194,20173,2026-03-05,Prishtina,completed
601195,20512,2026-03-03, Prizren ,refunded
601196,20472,2026-01-15,Gjakovë,COMPLETED
601197,20360,2026-08-09,Prishtina,canceled
601198,20234,2026-01-21,Gjakovë,completed
601199,20294,2026-01-27, Peja ,pending
601200,20612,2026-05-27,Prishtina,unknown
601201,20231,2026-05-23,MITROVICE,completed
601202,20071,2026-06-22,MITROVICE,Pending
601203,20388,2026-02-27,gjakove,completed
601204,20682,2026-04-01,gjakove,completed
601205,20322,2026-01-18,Ferizaj,completed
601206,20368,2026-02-16,peja,completed
601207,90078,2026-06-17,peja,REFUNDED
601208,20467,2026-07-22,Vushtrri,completed
601209,20420,2026-04-24, Gjilan ,Cancelled
601210,20351,2026-06-24,PEJA,Pending
601211,20303,2026-01-11, Prishtina , completed 
601212,20176,2026-02-26, Ferizaj ,COMPLETED
601213,20483,2026-08-05,Prizren,COMPLETED
601214,20595,2026-03-01,Prizren,canceled
601215,20568,2026-02-20,prishtina,completed
601216,20280,2026-04-01,VUSHTRRI,completed
601217,20283,2026-03-02, Gjilan ,Completed
601218,20547,2026-01-05,FERIZAJ, cancelled 
601219,20564,2026-05-07,Prizren, refunded 
601220,20034,2026-05-07,Peja,completed
601221,20366,2026-06-10,prizren,PENDING
601222,20662,2026-07-31,Gjakove,completed
601223,20006,2026-03-23, Prizren ,completed
601224,20189,2026-01-22,mitrovice,COMPLETED
601225,20412,2026-07-21,GJILAN,Completed
601226,20315,2026-06-16, Prizren ,Completed
601227,20224,2026-02-09,Gjakovë, pending 
601228,20677,2026-05-09,mitrovice,completed
601229,20341,2026-03-07, Mitrovice ,completed
601230,20605,2026-07-14,Vushtrri,completed
601231,20079,2026-05-13,vushtrri,completed
601232,20357,2026-01-10, Peja , completed 
601233,20567,2026-07-26,gjakove,pending
601234,20352,2026-04-24,Gjilan,Pending
601235,20589,2026-08-09,Peja,CANCELLED
601236,20048,2026-01-03,Gjakovë,cancelled
601237,20168,2026-01-14,Gjakovë,COMPLETED
601238,20589,2026-04-12,Prizren,Completed
601239,20311,2026-02-25,MITROVICE,Completed
601240,20689,2026-06-16,prizren,Completed
601241,20570,2026-04-04,Mitrovice,Completed
601242,20109,2026-02-23, Prizren ,completed
601243,20394,2026-02-23, Mitrovice ,Cancelled
601244,20019,2026-06-06,Vushtrri,COMPLETED
601245,20267,2026-08-01,PEJA,COMPLETED
601246,20229,2026-01-18,gjilan,Completed
601247,20416,2026-06-28,MITROVICE, completed 
601248,20690,2026-06-05,Vushtrri,COMPLETED
601249,20458,2026-01-06,Mitrovicë,Completed
601250,20252,2026-03-10, Mitrovice ,completed
601251,20559,2026-01-30,GJAKOVE,Completed
601252,20007,2026-06-26,ferizaj,canceled
601253,20220,2026-07-22,VUSHTRRI,PENDING
601254,20119,2026-08-09,Peja, cancelled 
601255,20485,2026-01-02,Peja,Completed
601256,20341,2026-08-09, Prishtina , completed 
601257,20694,2026-05-10,Mitrovice,completed
601258,20257,2026-02-28, Vushtrri ,completed
601259,20251,2026-07-09, Gjilan ,cancelled
601260,20064,2026-05-21,Ferizaj,Completed
601261,20544,2026-05-30, Mitrovice ,PENDING
601262,20084,2026-02-03,MITROVICE,refunded
601263,20002,2026-08-07,Gjilan, cancelled 
601264,20068,2026-04-01,Gjakovë,COMPLETED
601265,20699,2026-03-19,GJILAN,completed
601266,20649,2026-07-07,Vushtrri, cancelled 
601267,20315,2026-06-16,Gjakove,completed
601268,20475,2026-07-29, Vushtrri ,completed
601269,20382,2026-04-28,prishtina, completed 
601270,20637,2026-08-09, Gjakove ,Pending
601271,20498,2026-04-24,PEJA,REFUNDED
601272,20383,2026-06-13,prishtina, completed 
601273,20103,2026-01-12, Prishtina , refunded 
601274,20316,2026-05-02,PRIZREN,COMPLETED
601275,20518,2026-01-21,Prishtina,COMPLETED
601276,20590,2026-04-18, Prizren ,Cancelled
601277,20548,2026-05-30, Gjakove , completed 
601278,20476,2026-01-20,Prishtina,Completed
601279,20222,2026-02-02,PRIZREN,COMPLETED
601280,20670,2026-02-28,gjakove,completed
601281,20107,2026-06-01, Prishtina , pending 
601282,20236,2026-01-30,Gjakovë,completed
601283,20151,2026-02-20,prizren,COMPLETED
601284,20430,2026-03-04,GJAKOVE,Completed
601285,20234,2026-08-05, Prizren , completed 
601286,20036,2026-01-16,Prizren,completed
601287,20500,2026-03-07,PEJA, completed 
601288,20504,2026-01-22, Prizren ,Completed
601289,20187,2026-01-11,Prishtina,completed
601290,20576,2026-02-23,Peja, completed 
601291,20684,2026-06-09,Mitrovice,completed
601292,20553,2026-04-10,FERIZAJ,completed
601293,20410,2026-05-31, Gjakove ,COMPLETED
601294,20519,2026-01-17,vushtrri,completed
601295,20159,2026-07-31,peja,cancelled
601296,20579,2026-08-04,Gjakove,Pending
601297,20511,2026-04-17, Prishtina , completed 
601298,20469,2026-04-26,Peja,COMPLETED
601299,20626,2026-01-09, Gjilan ,cancelled
601300,20441,2026-07-31,prishtina, pending 
601301,20227,2026-05-16,Gjilan,completed
601302,20254,2026-06-16,Gjakove, completed 
601303,20320,2026-06-14,Vushtrri,COMPLETED
601304,20306,2026-06-29,ferizaj,Completed
601305,20636,2026-06-02,peja, completed 
601306,20393,2026-03-29,Prizren,refunded
601307,20003,2026-07-11, Ferizaj ,Completed
601308,20359,2026-06-16,prizren,COMPLETED
601309,20241,2026-01-15,Prizren, completed 
601310,20069,2026-06-06,Mitrovice,COMPLETED
601311,20563,2026-05-06,peja,Cancelled
601312,20013,2026-05-25,mitrovice,completed
601313,20212,2026-02-27,MITROVICE, completed 
601314,20531,2026-04-18, Gjilan ,completed
601315,20565,2026-06-14,Vushtrri, refunded 
601316,20042,2026-06-19, Gjakove ,completed
601317,20308,2026-07-23,Gjilan, completed 
601318,20124,2026-06-24,MITROVICE,Cancelled
601319,20534,2026-01-08,Gjilan, completed 
601320,20036,2026-05-04, Ferizaj ,completed
601321,20697,2026-06-10,PRISHTINA,Completed
601322,20371,2026-06-25,MITROVICE,completed
601323,20285,2026-02-21,Gjakovë,completed
601324,20373,2026-03-23,PRISHTINA,CANCELLED
601325,20582,2026-01-25,Prishtina,Completed
601326,20194,2026-06-25,GJAKOVE,cancelled
601327,20468,2026-04-02,Gjakovë,COMPLETED
601328,20390,2026-07-08, Mitrovice ,completed
601329,20378,2026-04-16,prishtina,pending
601330,20126,2026-07-01,peja,COMPLETED
601331,20143,2026-03-24,gjilan,completed
601332,20453,2026-08-04,GJILAN,Completed
601333,20088,2026-03-31,Prishtina,Completed
601334,20165,2026-02-18,PRISHTINA,refunded
601335,20158,2026-02-04,gjilan,cancelled
601336,20166,2026-01-26,peja,completed
601337,20507,2026-01-07,Vushtrri,completed
601338,20609,2026-01-28,Peja, completed 
601339,20546,2026-05-14,Mitrovice,completed
601340,20655,2026-01-03, Vushtrri ,Cancelled
601341,20247,2026-02-08,Gjakove,cancelled
601342,20296,2026-01-26,Gjilan, completed 
601343,20158,2026-01-24,peja, completed 
601344,20072,2026-07-04, Gjilan ,canceled
601345,20002,2026-06-06,VUSHTRRI,refunded
601346,20222,2026-08-04,prishtina,Pending
601347,20410,2026-07-02,Gjilan,unknown
601348,20394,2026-03-02,Gjilan,COMPLETED
601349,20520,2026-08-02,Mitrovice,pending
601350,20325,2026-01-10,Gjakovë,Completed
601351,20547,2026-02-13, Prishtina , completed 
601352,20167,2026-07-17,Gjakove,COMPLETED
601353,20483,2026-05-23,VUSHTRRI,Refunded
601354,20161,2026-05-08,Prishtina,Completed
601355,20361,2026-07-12, Prizren ,completed
601356,20070,2026-01-25,Prizren, completed 
601357,20490,2026-01-03,PEJA,refunded
601358,20177,2026-01-04, Peja ,pending
601359,20678,2026-04-16,Mitrovice,COMPLETED
601360,20601,2026-03-02,PEJA,Completed
601361,20365,2026-01-28,Gjakove,Completed
601362,20087,2026-01-18, Mitrovice ,completed
601363,20621,2026-05-10,Prizren,pending
601364,20028,2026-06-20,prishtina,PENDING
601365,20333,2026-03-23,PRISHTINA,Completed
601366,20128,2026-04-21,ferizaj,Completed
601367,20153,2026-06-23,Mitrovice,COMPLETED
601368,20445,2026-04-15,VUSHTRRI,refunded
601369,20257,2026-03-31,gjilan,completed
601370,20387,2026-01-28, Gjakove ,PENDING
601371,20369,2026-06-15,Mitrovice,COMPLETED
601372,20491,2026-04-01,PRISHTINA,canceled
601373,20182,2026-04-01, Ferizaj ,Pending
601374,20245,2026-03-12,PRIZREN,completed
601375,20555,2026-01-31,PRISHTINA,Completed
601376,20700,2026-01-14,Peja,completed
601377,20366,2026-06-18,GJAKOVE,COMPLETED
601378,20508,2026-07-29,GJILAN,Refunded
601379,20319,2026-05-15,Vushtrri,completed
601380,20502,2026-07-15,Gjakovë,Completed
601381,20680,2026-07-18,peja, completed 
601382,20319,2026-06-17,PEJA,completed
601383,20589,2026-07-23,Ferizaj,COMPLETED
601384,20424,2026-02-16,prishtina,COMPLETED
601385,20182,2026-06-15, Gjakove , cancelled 
601386,20699,2026-06-27, Vushtrri ,completed
601387,20568,2026-07-09,Gjakove,completed
601388,20199,2026-03-07,gjilan,completed
601389,20273,2026-04-27, Prizren , completed 
601390,20081,2026-04-20,GJILAN,COMPLETED
601391,20402,2026-04-18,VUSHTRRI,Completed
601392,20230,2026-06-18,GJILAN,completed
601393,20242,2026-02-24,Mitrovicë,Refunded
601394,20568,2026-05-03, Mitrovice , completed 
601395,20538,2026-06-26,Mitrovice,PENDING
601396,20251,2026-07-12,vushtrri,COMPLETED
601397,20353,2026-03-12,Gjilan,Completed
601398,20074,2026-03-20, Mitrovice ,canceled
601399,20063,2026-07-07,GJILAN,completed
601400,20231,2026-01-06,gjakove,pending
601401,20409,2026-06-22,GJILAN,refunded
601402,20111,2026-03-22,vushtrri,Cancelled
601403,20149,2026-08-08,MITROVICE,Refunded
601404,20068,2026-02-08, Gjakove ,Pending
601405,20479,2026-02-16,Ferizaj, completed 
601406,20617,2026-01-29,Vushtrri,completed
601407,20572,2026-05-25,Mitrovicë,Refunded
601408,20443,2026-03-11,GJAKOVE,completed
601409,20389,2026-06-13, Gjilan ,completed
601410,20542,2026-03-29,Gjilan,REFUNDED
601411,20265,2026-03-15,FERIZAJ,COMPLETED
601412,20215,2026-01-13, Ferizaj ,Pending
601413,20141,2026-08-02,vushtrri,refunded
601414,20515,2026-03-23,Gjakove,COMPLETED
601415,20326,2026-03-16,PEJA,pending
601416,20426,2026-06-21,Prizren,COMPLETED
601417,20255,2026-06-11, Gjilan ,refunded
601418,20237,2026-03-16, Prishtina ,Completed
601419,20280,2026-05-18,FERIZAJ,COMPLETED
601420,90077,2026-04-04,PRISHTINA, completed 
601421,20109,2026-01-31,Prishtina,Pending
601422,20182,2026-02-21, Vushtrri ,COMPLETED
601423,20005,2026-03-20,vushtrri,completed
601424,20178,2026-07-23, Vushtrri ,completed
601425,20286,2026-02-10,Gjilan,completed
601426,20345,2026-06-13,Prishtina,cancelled
601427,20273,2026-07-29,PRIZREN,completed
601428,20446,2026-02-27,Peja, completed 
601429,20154,2026-03-03,Gjakovë,completed
601430,20155,2026-02-01,VUSHTRRI,COMPLETED
601431,20538,2026-01-20,mitrovice,COMPLETED
601432,20019,2026-07-28,PEJA,PENDING
601433,20653,2026-05-26,Prishtina,Pending
601434,20253,2026-03-24,Prishtina,Cancelled
601435,20601,2026-04-02,Gjilan, completed 
601436,20078,2026-03-03,Mitrovice,Cancelled
601437,20395,2026-04-04,vushtrri,completed
601438,20146,2026-06-15,VUSHTRRI,completed
601439,20435,2026-02-15, Peja ,refunded
601440,20247,2026-06-18,gjakove,COMPLETED
601441,20266,2026-08-08,Gjakove,Completed
601442,20463,2026-01-16,prizren,Completed
601443,20437,2026-02-02, Gjilan ,COMPLETED
601444,20386,2026-01-23,Vushtrri,refunded
601445,20517,2026-06-14,VUSHTRRI,Completed
601446,20152,2026-01-02,PRIZREN, completed 
601447,20176,2026-01-10,Gjilan, completed 
601448,20488,2026-01-17,vushtrri,completed
601449,20552,2026-03-15,prishtina,PENDING
601450,20217,2026-02-06,Prishtina,canceled
601451,20580,2026-03-11,vushtrri, completed 
601452,20619,2026-07-02,Mitrovicë,Cancelled
601453,20354,2026-06-09,Mitrovice,completed
601454,20388,2026-06-04,MITROVICE,REFUNDED
601455,20338,2026-02-10,gjakove, completed 
601456,20227,2026-05-16, Gjakove ,Completed
601457,20484,2026-03-26,Ferizaj,COMPLETED
601458,20195,2026-05-08,Peja,COMPLETED
601459,20188,2026-08-04,Ferizaj,Completed
601460,20547,2026-04-11,Vushtrri,refunded
601461,20163,2026-05-13,Gjakovë,completed
601462,20604,2026-06-21, Mitrovice ,COMPLETED
601463,20419,2026-06-12,Gjilan,completed
601464,20652,2026-05-08,Mitrovicë,completed
601465,20463,2026-01-16,PRISHTINA,Completed
601466,20643,2026-05-02, Ferizaj ,Completed
601467,20594,2026-05-20, Peja , pending 
601468,20279,2026-06-16,Mitrovicë,CANCELLED
601469,20125,2026-07-12,Ferizaj,Completed
601470,20183,2026-04-23,Gjakove,COMPLETED
601471,20279,2026-06-27,PRIZREN,Completed
601472,20083,2026-03-24,Prishtina, completed 
601473,20128,2026-04-06,VUSHTRRI,pending
601474,20247,2026-04-24,mitrovice,completed
601475,20392,2026-05-31, Ferizaj ,Pending
601476,20557,2026-07-30, Gjilan ,completed
601477,20645,2026-02-23,Gjilan, refunded 
601478,20513,2026-07-12, Gjakove ,CANCELLED
601479,20094,2026-02-27, Peja ,completed
601480,20232,2026-02-19,Vushtrri, completed 
601481,20591,2026-07-01, Peja , completed 
601482,20107,2026-07-01,Vushtrri,completed
601483,20480,2026-02-18,Mitrovicë,PENDING
601484,20494,2026-06-29,ferizaj, cancelled 
601485,20357,2026-07-26,Gjakovë,CANCELLED
601486,20663,2026-02-12, Prishtina ,Completed
601487,20671,2026-03-10,Prizren,completed
601488,20040,2026-07-31,Gjakove,completed
601489,20280,2026-06-19, Prizren ,completed
601490,20009,2026-07-05,ferizaj,PENDING
601491,20117,2026-03-14,gjilan,Completed
601492,20043,2026-03-25,Ferizaj,Pending
601493,20143,2026-04-19,PEJA,REFUNDED
601494,20616,2026-05-03,prishtina, completed 
601495,20119,2026-07-29,Mitrovice,completed
601496,20527,2026-04-14,prizren,COMPLETED
601497,20082,2026-02-05,prizren,completed
601498,20083,2026-08-07,Vushtrri,Completed
601499,20312,2026-01-15, Mitrovice , completed 
601500,20344,2026-02-09, Vushtrri ,completed
601501,20103,2026-01-01,Mitrovicë,Pending
601502,20173,2026-03-30, Vushtrri , completed 
601503,20301,2026-06-25,PRIZREN,completed
601504,20640,2026-05-30, Prishtina ,completed
601505,20577,2026-03-24,Gjakovë, completed 
601506,20675,2026-03-28, Prishtina ,completed
601507,20198,2026-05-21,PEJA,completed
601508,20470,2026-02-25,GJAKOVE,completed
601509,20309,2026-01-05,VUSHTRRI,canceled
601510,20255,2026-01-13,Peja,completed
601511,20271,2026-02-20,gjakove,CANCELLED
601512,20281,2026-02-23, Peja ,pending
601513,20272,2026-02-16,FERIZAJ,completed
601514,20042,2026-01-04,Ferizaj, pending 
601515,20218,2026-07-31,Vushtrri,COMPLETED
601516,20505,2026-06-09, Gjakove ,completed
601517,20535,2026-03-21,FERIZAJ,Refunded
601518,20281,2026-02-15, Peja ,Completed
601519,20401,2026-06-02,GJILAN,completed
601520,20539,2026-06-22, Peja ,Cancelled
601521,20610,2026-05-04,prizren,completed
601522,20280,2026-06-23,Prizren,completed
601523,20236,2026-06-29,mitrovice,PENDING
601524,20114,2026-04-02,Prizren,completed
601525,20479,2026-02-14,GJILAN,refunded
601526,20155,2026-05-09, Gjakove ,COMPLETED
601527,20295,2026-05-13,Mitrovice, completed 
601528,20069,2026-04-04,Ferizaj,refunded
601529,20334,2026-07-15,PEJA,cancelled
601530,20376,2026-07-11,PRIZREN,completed
601531,20425,2026-04-03,mitrovice,completed
601532,20214,2026-02-15,Gjilan,COMPLETED
601533,20303,2026-05-29,Prishtina,REFUNDED
601534,20437,2026-06-19,Mitrovicë, completed 
601535,20529,2026-04-11,Prishtina,completed
601536,20365,2026-07-01,ferizaj,refunded
601537,20077,2026-06-18, Mitrovice ,refunded
601538,20196,2026-02-05,Peja,completed
601539,20165,2026-07-22,gjakove,completed
601540,20208,2026-05-02,Prizren,Completed
601541,20520,2026-04-24,peja,CANCELLED
601542,20567,2026-05-13,MITROVICE,COMPLETED
601543,20334,2026-05-31,mitrovice,Completed
601544,20369,2026-02-23,ferizaj,COMPLETED
601545,20025,2026-02-13,gjakove,Completed
601546,20547,2026-03-18,Gjakove, completed 
601547,20475,2026-08-03,Ferizaj,Completed
601548,20223,2026-05-03,PRIZREN,Refunded
601549,20461,2026-03-26,Ferizaj, completed 
601550,20245,2026-03-27,Vushtrri,completed
601551,20316,2026-01-03, Prizren ,pending
601552,20616,2026-02-08,Gjakove,COMPLETED
601553,20552,2026-02-09, Gjakove ,canceled
601554,20559,2026-04-25, Prishtina ,completed
601555,20567,2026-06-17,Peja, completed 
601556,20336,2026-06-10, Prizren ,Completed
601557,20012,2026-06-14,mitrovice, completed 
601558,20672,2026-03-27,peja, completed 
601559,20379,2026-02-09,Peja, completed 
601560,20031,2026-06-16,PRISHTINA,COMPLETED
601561,20547,2026-06-05, Mitrovice ,completed
601562,20678,2026-04-19,gjilan, completed 
601563,20528,2026-02-19,PRIZREN, completed 
601564,20619,2026-03-28,Mitrovicë,CANCELLED
601565,20330,2026-03-18,MITROVICE,Completed
601566,20238,2026-06-21,peja,completed
601567,20161,2026-08-08,Ferizaj,Pending
601568,90071,2026-06-14,Peja,refunded
601569,20181,2026-06-02,mitrovice,Completed
601570,20320,2026-07-20,Gjakove,completed
601571,20547,2026-03-08,GJILAN,completed
601572,20152,2026-06-22,PEJA,Refunded
601573,20606,2026-03-15, Peja ,Completed
601574,20282,2026-02-18, Vushtrri ,completed
601575,20425,2026-01-20,Mitrovicë,completed
601576,20625,2026-04-10,PRIZREN,completed
601577,20620,2026-05-24,Mitrovice,Completed
601578,20054,2026-02-22,Prizren,canceled
601579,20048,2026-07-03,Gjakove,canceled
601580,20673,2026-02-05,Prishtina,completed
601581,20063,2026-05-15,VUSHTRRI, refunded 
601582,20503,2026-01-09, Gjilan ,completed
601583,20176,2026-07-21,Gjilan,REFUNDED
601584,20168,2026-08-09, Ferizaj ,COMPLETED
601585,20470,2026-06-23,PEJA,COMPLETED
601586,20088,2026-99-40,ferizaj, completed 
601587,20607,2026-03-21,gjilan,completed
601588,90000,2026-03-22,Prishtina,Completed
601589,20016,2026-07-18,prishtina,pending
601590,20107,2026-01-27, Gjakove ,refunded
601591,20566,2026-06-26,Vushtrri,completed
601592,20612,2026-01-31, Gjilan ,canceled
601593,20232,2026-07-24, Ferizaj ,COMPLETED
601594,20463,2026-01-24,Mitrovice, cancelled 
601595,20384,2026-06-12,Vushtrri,Completed
601596,20614,2026-04-16,PRISHTINA,refunded
601597,20305,2026-02-04,Mitrovice, completed 
601598,20583,2026-02-06,Vushtrri, completed 
601599,20465,2026-06-01,Prishtina,COMPLETED
601600,20346,2026-08-09, Gjilan , pending 
601601,20217,2026-04-11,Ferizaj,pending
601602,20508,2026-08-06,Gjilan,canceled
601603,20358,2026-01-06,Ferizaj, cancelled 
601604,20257,2026-08-01,Gjakove,completed
601605,20320,2026-01-21, Ferizaj ,canceled
601606,20383,2026-06-15,Peja,Completed
601607,20418,2026-06-30, Prishtina ,COMPLETED
601608,20367,2026-07-12,ferizaj,COMPLETED
601609,20637,2026-01-06,PEJA,COMPLETED
601610,20037,2026-01-31, Gjakove ,completed
601611,20516,2026-06-06,GJAKOVE,COMPLETED
601612,20390,2026-02-26,mitrovice,refunded
601613,20676,2026-01-24,Peja,canceled
601614,20588,2026-01-31,GJILAN,pending
601615,20676,2026-02-08,prishtina,COMPLETED
601616,20568,2026-03-16,vushtrri,pending
601617,20111,2026-04-14,Gjilan,COMPLETED
601618,20657,2026-02-17,GJAKOVE,COMPLETED
601619,20208,2026-01-21,PEJA,completed
601620,20252,2026-05-06, Gjakove ,COMPLETED
601621,20198,2026-05-19,FERIZAJ,pending
601622,20254,2026-03-14,MITROVICE,completed
601623,20041,2026-02-16,vushtrri,completed
601624,20500,2026-05-08,Prishtina,completed
601625,20187,2026-06-12,peja, completed 
601626,90070,2026-03-03, Ferizaj ,Completed
601627,20662,2026-06-16,mitrovice, refunded 
601628,20082,2026-01-26,gjakove,pending
601629,20320,2026-07-22,Gjakove,canceled
601630,20198,2026-05-24,FERIZAJ,CANCELLED
601631,20049,2026-05-02,gjilan,Completed
601632,20302,2026-06-21,MITROVICE,PENDING
601633,20441,2026-06-07,mitrovice,completed
601634,20323,2026-08-01,PEJA,COMPLETED
601635,20401,2026-07-28,Prizren, completed 
601636,20348,2026-03-28, Mitrovice ,completed
601637,20382,2026-05-08, Prizren ,canceled
601638,20012,2026-07-22,Prizren,completed
601639,20648,2026-06-03,GJILAN, cancelled 
601640,20188,2026-04-09,Vushtrri,canceled
601641,20694,2026-07-31,VUSHTRRI, completed 
601642,20011,2026-04-21,Vushtrri,Completed
601643,20372,2026-05-23,Mitrovice,completed
601644,20063,2026-08-07,PEJA,Completed
601645,20161,2026-05-27,Gjilan,COMPLETED
601646,90099,2026-02-15,Gjilan,completed
601647,20035,2026-04-12, Prishtina ,COMPLETED
601648,20164,2026-04-05,Ferizaj,COMPLETED
601649,20584,2026-04-21, Prishtina ,completed
601650,20507,2026-06-03, Vushtrri ,completed
601651,20365,2026-06-26,Vushtrri,COMPLETED
601652,20583,2026-06-09,mitrovice,Refunded
601653,20545,2026-06-16,PEJA, completed 
601654,90072,2026-01-21, Peja ,COMPLETED
601655,20686,2026-05-25,Peja, completed 
601656,20028,2026-01-29, Mitrovice , cancelled 
601657,90032,2026-07-13, Mitrovice , cancelled 
601658,20451,2026-01-21, Prizren ,COMPLETED
601659,20085,2026-07-01, Peja ,COMPLETED
601660,20264,2026-08-09, Prishtina , pending 
601661,20554,2026-05-20,Prizren,Completed
601662,20152,2026-07-23,Prishtina,CANCELLED
601663,20504,2026-01-17, Prishtina , completed 
601664,20164,2026-01-20, Vushtrri ,Pending
601665,20172,2026-05-12,Vushtrri,REFUNDED
601666,20263,2026-05-13,PEJA,completed
601667,20647,2026-05-02,peja,refunded
601668,20094,2026-01-15, Gjilan ,Completed
601669,20135,2026-04-08, Prizren ,Completed
601670,20058,2026-04-02,mitrovice,Completed
601671,20120,2026-06-24,Ferizaj, completed 
601672,20064,2026-01-23, Peja ,completed
601673,20194,2026-04-13,peja, completed 
601674,20111,2026-07-21,Gjakove, completed 
601675,20564,2026-03-05,Peja,COMPLETED
601676,20600,2026-08-04,Vushtrri,completed
601677,20418,2026-07-19, Vushtrri ,pending
601678,20359,2026-01-26,peja,completed
601679,20518,2026-08-07,Mitrovicë,COMPLETED
601680,20453,2026-06-29,Peja,Completed
601681,90043,2026-01-03, Prishtina ,COMPLETED
601682,20322,2026-08-04,ferizaj,Pending
601683,20266,2026-07-05,Gjakovë,pending
601684,20250,2026-06-24,peja,Completed
601685,20332,2026-05-07,prishtina,refunded
601686,20339,2026-03-02,FERIZAJ,completed
601687,20033,2026-01-26,Gjilan,Completed
601688,20184,2026-01-04, Ferizaj ,Refunded
601689,20328,2026-02-16,PEJA,COMPLETED
601690,20574,2026-02-07,PRIZREN,CANCELLED
601691,20038,2026-05-20,Prizren,Completed
601692,20492,2026-08-09, Gjakove ,COMPLETED
601693,20502,2026-01-17, Gjakove ,completed
601694,20621,2026-02-01,gjilan,COMPLETED
601695,20180,2026-01-21, Ferizaj ,Completed
601696,20562,2026-06-06,Mitrovicë,completed
601697,20014,2026-02-22, Mitrovice ,refunded
601698,20176,2026-06-07,FERIZAJ,completed
601699,20170,2026-06-28,VUSHTRRI, cancelled 
601700,20111,2026-07-23,ferizaj,completed
601701,20156,2026-01-29,Ferizaj,completed
601702,20609,2026-04-11, Prishtina ,completed
601703,20250,2026-07-25,Prishtina,Completed
601704,20511,2026-07-27,VUSHTRRI,COMPLETED
601705,20444,2026-05-25,Gjakove,Refunded
601706,20116,2026-06-08,Prizren,completed
601707,20021,2026-02-09, Peja ,COMPLETED
601708,20371,2026-06-29,PRIZREN,REFUNDED
601709,20175,2026-07-16, Vushtrri ,unknown
601710,20350,2026-04-09,Prizren,CANCELLED
601711,20268,2026-04-27,FERIZAJ,Completed
601712,20363,2026-01-29, Vushtrri , completed 
601713,20629,2026-06-12,Vushtrri,Completed
601714,20016,2026-06-10,Mitrovice,completed
601715,20009,2026-02-20,MITROVICE,Cancelled
601716,20431,2026-04-10,Peja,pending
601717,20018,2026-06-21,Ferizaj,completed
601718,20618,2026-07-09,Ferizaj,cancelled
601719,20564,2026-06-10,gjilan,REFUNDED
601720,20655,2026-04-22,Gjilan,REFUNDED
601721,20578,2026-06-11, Prishtina ,CANCELLED
601722,20661,2026-03-29,Peja,COMPLETED
601723,20251,2026-06-19, Prizren ,REFUNDED
601724,20149,2026-02-09, Gjilan ,completed
601725,20187,2026-07-15,gjakove,Completed
601726,20390,2026-01-27,PRIZREN, completed 
601727,20637,2026-03-02,Prishtina,completed
601728,20066,2026-01-12, Prizren ,CANCELLED
601729,20302,2026-05-07, Prishtina ,pending
601730,20568,2026-04-14,Prishtina, cancelled 
601731,20443,2026-04-11,Peja,pending
601732,20437,2026-04-28, Prishtina ,pending
601733,20215,2026-01-20,VUSHTRRI,REFUNDED
601734,20631,2026-03-17,peja,COMPLETED
601735,20682,2026-06-08,Peja,completed
601736,20698,2026-07-25,Gjakovë,pending
601737,20236,2026-04-01,PEJA,CANCELLED
601738,20444,2026-05-19,MITROVICE,Completed
601739,20610,2026-07-17,Ferizaj, completed 
601740,20459,2026-07-21,mitrovice, completed 
601741,20264,2026-08-01,Prizren,completed
601742,20504,2026-03-07, Mitrovice ,Completed
601743,20617,2026-99-40,Gjakove, pending 
601744,20204,2026-01-19,FERIZAJ,COMPLETED
601745,20044,2026-06-09,Vushtrri,Completed
601746,20333,2026-07-26,Gjilan, cancelled 
601747,20607,2026-03-06,Prishtina,completed
601748,20113,2026-06-19,Gjakove,refunded
601749,20123,2026-07-26,GJILAN,completed
601750,20110,2026-01-07,Peja,Completed
601751,20369,2026-04-27,MITROVICE,completed
601752,20243,2026-06-03, Ferizaj ,refunded
601753,20644,2026-07-30,VUSHTRRI,completed
601754,20147,2026-07-28,Gjakove,Completed
601755,90097,2026-01-28,gjakove, completed 
601756,20108,2026-02-13, Prishtina ,REFUNDED
601757,20130,2026-02-12,PRISHTINA,Completed
601758,20558,2026-04-01,Gjakovë, completed 
601759,20576,2026-03-16,Ferizaj,COMPLETED
601760,20571,2026-08-07,Prizren,completed
601761,20667,2026-02-03,gjilan,pending
601762,20278,2026-08-01,PRISHTINA,Completed
601763,20002,2026-07-06,Mitrovice,completed
601764,20398,2026-05-29,vushtrri,COMPLETED
601765,20646,2026-06-10,peja, pending 
601766,20410,2026-01-05, Prizren ,Completed
601767,20556,2026-02-16,prishtina,completed
601768,20583,2026-07-16,vushtrri,COMPLETED
601769,20474,2026-06-02,FERIZAJ, completed 
601770,20370,2026-02-27, Gjakove ,COMPLETED
601771,20236,2026-01-05,peja, cancelled 
601772,20114,2026-06-23,Ferizaj,PENDING
601773,20441,2026-06-11,gjilan, completed 
601774,20333,2026-07-20, Gjilan ,completed
601775,20555,2026-02-26,gjakove,COMPLETED
601776,20569,2026-06-14, Prishtina , cancelled 
601777,20389,2026-07-03,VUSHTRRI,refunded
601778,20584,2026-03-04,PEJA,cancelled
601779,20289,2026-04-17,Prishtina,completed
601780,20603,2026-04-24,Peja,COMPLETED
601781,20547,2026-06-10,Gjakove,completed
601782,20465,2026-01-30,gjakove,canceled
601783,20642,2026-07-28,PRIZREN,Cancelled
601784,20232,2026-07-27,mitrovice,Completed
601785,20279,2026-02-12, Ferizaj ,Completed
601786,20472,2026-01-22,peja,refunded
601787,20564,2026-04-17, Peja ,COMPLETED
601788,20688,2026-03-30,Prishtina,PENDING
601789,20562,2026-01-28, Mitrovice ,CANCELLED
601790,20131,2026-08-05,MITROVICE,completed
601791,20495,2026-05-18,Prishtina,canceled
601792,20582,2026-04-18, Prishtina , cancelled 
601793,20674,2026-06-23,Prizren,Refunded
601794,20371,2026-03-16,Prizren,COMPLETED
601795,20297,2026-05-08,Gjakove,Completed
601796,20610,2026-06-08,prizren,completed
601797,20579,2026-05-04,GJAKOVE,COMPLETED
601798,20033,2026-07-16,Prishtina, pending 
601799,20279,2026-08-01,Vushtrri,completed
601800,20570,2026-03-21, Vushtrri ,Pending
601801,20196,2026-03-12,Gjilan, completed 
601802,20573,2026-02-22, Peja ,Completed
601803,20601,2026-03-05,mitrovice,completed
601804,20628,2026-01-02,Prishtina,pending
601805,20647,2026-07-15,MITROVICE,completed
601806,20644,2026-07-21,FERIZAJ,Completed
601807,20448,2026-02-21,Prishtina,completed
601808,20503,2026-05-18,PRISHTINA, completed 
601809,20116,2026-04-30,Peja,completed
601810,20350,2026-04-20, Peja , completed 
601811,20083,2026-04-14, Ferizaj , pending 
601812,20241,2026-07-30,Gjakove,COMPLETED
601813,20497,2026-01-09,Vushtrri, pending 
601814,20348,2026-07-23, Mitrovice ,CANCELLED
601815,20003,2026-05-28,PEJA,PENDING
601816,20472,2026-01-29,GJILAN, completed 
601817,20479,2026-03-30,Prizren,completed
601818,20698,2026-01-18,GJILAN,completed
601819,20259,2026-04-26, Vushtrri , cancelled 
601820,20629,2026-04-06,Prishtina,completed
601821,20674,2026-02-27,prishtina, completed 
601822,20684,2026-08-09,Peja,Completed
601823,20309,2026-02-20,Gjilan, refunded 
601824,20608,2026-01-20,Mitrovice, completed 
601825,20356,2026-05-24,Ferizaj, pending 
601826,20019,2026-05-16,Vushtrri,Completed
601827,20463,2026-08-06,Ferizaj,COMPLETED
601828,20078,2026-04-08,Vushtrri,completed
601829,90041,2026-01-28,mitrovice,completed
601830,20178,2026-04-26,Ferizaj,pending
601831,20291,2026-01-21, Vushtrri ,completed
601832,20380,2026-01-22,Prishtina,Completed
601833,20663,2026-02-27,Gjakove,pending
601834,20318,2026-01-16, Peja , completed 
601835,20668,2026-03-24,gjakove, completed 
601836,20058,2026-01-30,Gjakove,canceled
601837,20638,2026-03-01,PEJA,completed
601838,20260,2026-02-20,Prishtina,canceled
601839,20129,2026-07-24,Prishtina,COMPLETED
601840,20136,2026-04-01, Mitrovice , completed 
601841,20633,2026-02-14,Peja,Completed
601842,20169,2026-07-15, Peja ,completed
601843,20584,2026-04-30,MITROVICE,Completed
601844,20103,2026-03-23,Vushtrri, refunded 
601845,20379,2026-02-02, Gjilan ,COMPLETED
601846,20378,2026-05-24,vushtrri,COMPLETED
601847,20277,2026-06-13,Gjakove, completed 
601848,20198,2026-03-23, Mitrovice ,completed
601849,20023,2026-04-04,Ferizaj,pending
601850,20684,2026-08-03,Peja,refunded
601851,20087,2026-02-21,Peja, refunded 
601852,20544,2026-02-24,Ferizaj, completed 
601853,20431,2026-02-23,Prizren, pending 
601854,20106,2026-03-10,Peja,completed
601855,20351,2026-06-15,PEJA, completed 
601856,20482,2026-03-26,PRISHTINA,completed
601857,20506,2026-04-30,VUSHTRRI,completed
601858,20058,2026-08-03, Gjilan ,refunded
601859,20418,2026-03-30,Prizren,completed
601860,20252,2026-08-05,PRISHTINA,pending
601861,20584,2026-02-01,GJAKOVE, completed 
601862,20271,2026-02-27, Prizren ,Pending
601863,20285,2026-01-09,Vushtrri,completed
601864,20685,2026-06-12,Gjilan,completed
601865,20298,2026-06-17,Peja,completed
601866,20244,2026-07-31,Prizren,PENDING
601867,20692,2026-01-22,Peja,completed
601868,20262,2026-06-14,MITROVICE,Completed
601869,20501,2026-06-16,Mitrovice,completed
601870,20377,2026-06-25, Ferizaj , completed 
601871,20022,2026-04-12,Prishtina,Cancelled
601872,20133,2026-05-21, Prishtina ,completed
601873,20295,2026-02-22,Peja, completed 
601874,20274,2026-01-14,Prishtina,COMPLETED
601875,20644,2026-04-27,FERIZAJ,PENDING
601876,20454,2026-02-12,Gjakove, completed 
601877,20160,2026-06-27,GJILAN,Completed
601878,20482,2026-06-17,Vushtrri,completed
601879,20343,2026-01-14,vushtrri,COMPLETED
601880,20219,2026-04-15, Gjilan ,Completed
601881,20029,2026-01-20, Vushtrri ,Completed
601882,20391,2026-02-04, Gjakove ,completed
601883,20334,2026-04-18,PEJA,COMPLETED
601884,20337,2026-01-21,Prishtina,pending
601885,20117,2026-02-16,Gjilan,completed
601886,20236,2026-01-25,ferizaj,refunded
601887,20078,2026-03-05,GJAKOVE,Cancelled
601888,20172,2026-01-22,Gjakovë, completed 
601889,20669,2026-02-26,Vushtrri,COMPLETED
601890,20344,2026-01-23,Mitrovice,COMPLETED
601891,20164,2026-02-25,ferizaj,Completed
601892,20681,2026-07-12,Gjakove,Pending
601893,20158,2026-03-11,MITROVICE,Completed
601894,20255,2026-02-16,Prizren,completed
601895,20278,2026-05-18,Prizren,refunded
601896,20022,2026-04-02,gjakove,completed
601897,20065,2026-03-11,Ferizaj,COMPLETED
601898,20139,2026-03-25,GJILAN,refunded
601899,20091,2026-07-07,GJILAN,cancelled
601900,20009,2026-05-29,Gjakove,Cancelled
601901,20419,2026-04-12,PEJA,REFUNDED
601902,20346,2026-07-31,Gjilan,COMPLETED
601903,20109,2026-01-01,Gjilan,Completed
601904,90048,2026-08-09,prizren,completed
601905,20668,2026-06-26,Prizren,completed
601906,20168,2026-02-26, Prizren ,completed
601907,20117,2026-01-14,vushtrri,completed
601908,20220,2026-06-15,gjakove,Completed
601909,20054,2026-04-24,Prizren,REFUNDED
601910,20449,2026-02-05,Gjakove,Completed
601911,20630,2026-03-18, Gjilan ,pending
601912,20489,2026-02-11,Vushtrri,completed
601913,20164,2026-02-14,PRIZREN, completed 
601914,20090,2026-01-25, Prizren , completed 
601915,20187,2026-04-29, Gjilan , pending 
601916,20252,2026-05-16,Mitrovicë,COMPLETED
601917,20189,2026-04-17,vushtrri, completed 
601918,20371,2026-02-06,Ferizaj,pending
601919,20512,2026-05-05, Prishtina ,completed
601920,20644,2026-03-04,Vushtrri,pending
601921,20352,2026-06-26,gjilan,COMPLETED
601922,20149,2026-01-18,ferizaj,completed
601923,20668,2026-04-01, Gjilan , refunded 
601924,20371,2026-05-26,Prizren,canceled
601925,20185,2026-03-27,Ferizaj,Completed
601926,20561,2026-03-18,Gjakove,completed
601927,20125,2026-04-17,Vushtrri, pending 
601928,20615,2026-05-28,VUSHTRRI, completed 
601929,20467,2026-07-21,ferizaj,completed
601930,20637,2026-03-02,Vushtrri,refunded
601931,20593,2026-07-30,Gjilan,COMPLETED
601932,20510,2026-03-18,Vushtrri,Pending
601933,20363,2026-07-07,Peja, cancelled 
601934,20426,2026-03-11,GJAKOVE, completed 
601935,20588,2026-04-26,GJAKOVE, cancelled 
601936,20234,2026-07-16,ferizaj, completed 
601937,20519,2026-02-14,Vushtrri, completed 
601938,20627,2026-07-19,Prizren,PENDING
601939,20180,2026-08-02,MITROVICE, completed 
601940,20668,2026-05-14,prizren,PENDING
601941,20264,2026-06-27,gjilan,completed
601942,20125,2026-01-27,Peja, pending 
601943,20648,2026-01-06,Gjakove, completed 
601944,20029,2026-03-03,Gjilan,Completed
601945,20154,2026-04-26, Mitrovice ,CANCELLED
601946,20426,2026-05-12,GJILAN,unknown
601947,20074,2026-01-17,PEJA,refunded
601948,20546,2026-06-22,peja,Completed
601949,20058,2026-05-12,ferizaj,Completed
601950,20509,2026-02-20, Gjakove ,completed
601951,20160,2026-08-02,FERIZAJ, cancelled 
601952,20665,2026-03-23, Mitrovice ,COMPLETED
601953,20653,2026-01-10,Ferizaj,COMPLETED
601954,20603,2026-01-07,Peja,COMPLETED
601955,20306,2026-01-24,Mitrovice,cancelled
601956,20695,2026-05-25,gjilan,Completed
601957,20300,2026-05-29,Prishtina,canceled
601958,20529,2026-03-04,PRISHTINA,Completed
601959,20524,2026-02-15,FERIZAJ,Completed
601960,20434,2026-07-15, Prishtina ,Completed
601961,20560,2026-01-14,Gjilan,completed
601962,20530,2026-07-11,GJILAN, pending 
601963,20577,2026-04-11,gjakove,refunded
601964,20607,2026-05-30,GJILAN, completed 
601965,20658,2026-04-17,mitrovice,PENDING
601966,20224,2026-02-02,Prizren,Completed
601967,20611,2026-01-11, Peja ,pending
601968,20414,2026-03-21,Gjilan,Completed
601969,20074,2026-06-25,Vushtrri, cancelled 
601970,20212,2026-07-02,peja,Completed
601971,20382,2026-06-02,PRIZREN,Pending
601972,20136,2026-07-28, Mitrovice ,Pending
601973,20324,2026-03-12, Mitrovice , completed 
601974,20588,2026-01-09,Prizren, completed 
601975,20662,2026-05-29,Peja,Completed
601976,20649,2026-01-11, Ferizaj ,COMPLETED
601977,20593,2026-05-04, Peja ,Completed
601978,20550,2026-06-04,Prishtina, completed 
601979,20506,2026-07-31,MITROVICE,completed
601980,20625,2026-03-30, Mitrovice , completed 
601981,20114,2026-04-15,Vushtrri,Completed
601982,20304,2026-01-25,gjakove,completed
601983,20141,2026-03-21,Prishtina,COMPLETED
601984,20224,2026-04-09,Prizren,canceled
601985,20506,2026-06-01,Prishtina,completed
601986,20532,2026-03-07,gjakove,COMPLETED
601987,20676,2026-08-05, Vushtrri ,COMPLETED
601988,20188,2026-08-06,Vushtrri,COMPLETED
601989,20171,2026-04-23,Mitrovice,completed
601990,20417,2026-02-08,gjilan, completed 
601991,20177,2026-07-09,GJILAN,completed
601992,20527,2026-06-25,Gjilan,CANCELLED
601993,20564,2026-01-17,Vushtrri,completed
601994,20256,2026-06-19,Mitrovicë,pending
601995,20245,2026-07-11,Ferizaj, completed 
601996,20606,2026-01-11, Prizren ,completed
601997,20321,2026-08-01,prizren,Refunded
601998,20616,2026-08-06,GJAKOVE,completed
601999,20347,2026-07-02,mitrovice,completed
602000,20697,2026-02-24,prizren,Completed
602001,20373,2026-05-17, Vushtrri ,CANCELLED
602002,20315,2026-04-03, Ferizaj ,completed
602003,20132,2026-03-08,MITROVICE,Completed
602004,20604,2026-06-18,GJAKOVE,cancelled
602005,20476,2026-05-06,peja,pending
602006,20675,2026-03-23,Prishtina, completed 
602007,20484,2026-02-19,Peja,pending
602008,20656,2026-01-10,gjilan,completed
602009,90082,2026-06-13,Gjilan,Completed
602010,20537,2026-05-02,gjilan, pending 
602011,20605,2026-06-05, Vushtrri ,COMPLETED
602012,20069,2026-07-25,PEJA, completed 
602013,20221,2026-01-09,PEJA, completed 
602014,20578,2026-02-06,Vushtrri,pending
602015,20034,2026-03-28,Gjilan,completed
602016,20405,2026-04-09,Prishtina,COMPLETED
602017,20527,2026-07-08,Prizren, completed 
602018,20283,2026-02-14,gjilan, completed 
602019,20184,2026-01-10,Gjilan,Completed
602020,20089,2026-07-28,GJILAN, completed 
602021,20229,2026-02-27,GJAKOVE,PENDING
602022,20603,2026-04-27,GJAKOVE,Completed
602023,20460,2026-03-15,Vushtrri,completed
602024,20064,2026-06-29,Gjakove,Completed
602025,20039,2026-07-15,VUSHTRRI,REFUNDED
602026,20633,2026-06-10,PEJA,Completed
602027,20216,2026-04-30,Prizren, pending 
602028,20362,2026-07-19,prizren,REFUNDED
602029,20498,2026-04-18,Gjilan,cancelled
602030,20299,2026-08-05,gjakove,Completed
602031,20322,2026-01-20,peja,completed
602032,20074,2026-01-31,PEJA,canceled
602033,20669,2026-01-06,Ferizaj, completed 
602034,20572,2026-02-02,vushtrri,COMPLETED
602035,20572,2026-05-09,Prizren, completed 
602036,20261,2026-02-03, Gjilan ,completed
602037,20218,2026-06-07,Vushtrri,completed
602038,20007,2026-02-07,Mitrovicë,CANCELLED
602039,20619,2026-04-12,PEJA,Completed
602040,20165,2026-01-14,Prishtina,completed
602041,20261,2026-05-31,PRISHTINA,Completed
602042,20177,2026-07-22,peja,Completed
602043,20513,2026-07-13,PEJA, completed 
602044,20695,2026-07-27, Mitrovice ,COMPLETED
602045,20290,2026-07-26,mitrovice, cancelled 
602046,20014,2026-02-11,VUSHTRRI,completed
602047,20265,2026-05-22,peja,Completed
602048,20511,2026-07-11, Gjakove ,unknown
602049,20320,2026-01-07,Prizren,completed
602050,20100,2026-05-14,ferizaj,completed
602051,20252,2026-03-30,gjilan,completed
602052,20326,2026-05-07,Prishtina, pending 
602053,20302,2026-06-10,Prishtina, completed 
602054,20492,2026-07-09,Prishtina,Pending
602055,20642,2026-04-12, Gjilan ,completed
602056,20586,2026-05-31,PEJA,refunded
602057,20363,2026-02-26,PRIZREN, completed 
602058,20476,2026-02-21,Peja, completed 
602059,20128,2026-03-21,ferizaj,Cancelled
602060,20551,2026-03-17, Gjakove ,COMPLETED
602061,20332,2026-04-11,Ferizaj,Completed
602062,20055,2026-03-17,Mitrovice,completed
602063,20221,2026-02-16, Gjakove ,completed
602064,20288,2026-01-31,prishtina,COMPLETED
602065,20415,2026-02-16,Prizren, refunded 
602066,20502,2026-03-05,Vushtrri, completed 
602067,20027,2026-03-14,prizren,pending
602068,20401,2026-03-13,Mitrovice,pending
602069,20322,2026-03-15,GJILAN,pending
602070,20475,2026-05-10, Prishtina ,completed
602071,20146,2026-02-03,Gjakove,cancelled
602072,20566,2026-06-10, Prishtina ,COMPLETED
602073,20681,2026-05-19,Gjakove,Completed
602074,20473,2026-08-03,Prishtina,PENDING
602075,20242,2026-06-21,GJAKOVE, completed 
602076,20501,2026-04-29,Prizren,completed
602077,20343,2026-06-20,Ferizaj, cancelled 
602078,20144,2026-04-14,Gjakovë, completed 
602079,20545,2026-06-26,ferizaj,Completed
602080,20410,2026-01-14, Gjilan ,completed
602081,20684,2026-07-04,PRIZREN, completed 
602082,20558,2026-04-02,VUSHTRRI,Completed
602083,20161,2026-06-30, Prishtina , refunded 
602084,20682,2026-07-06,peja,completed
602085,20261,2026-03-20,MITROVICE,completed
602086,20206,2026-07-16,Mitrovice, completed 
602087,20524,2026-01-08,PEJA, refunded 
602088,20516,2026-06-27,Vushtrri,Completed
602089,20384,2026-01-19,Prishtina,Completed
602090,20098,2026-05-17,Mitrovicë,canceled
602091,20280,2026-07-25,Mitrovicë, completed 
602092,20052,2026-01-23,vushtrri,canceled
602093,20347,2026-04-28,Gjakovë,pending
602094,20591,2026-05-22,Gjakovë,refunded
602095,20180,2026-02-11,Prizren, completed 
602096,20601,2026-04-22,GJILAN,unknown
602097,20621,2026-05-26, Mitrovice ,cancelled
602098,20398,2026-05-27,Peja,canceled
602099,20085,2026-04-19,Prishtina,completed
602100,20592,2026-02-14,prizren,Completed
602101,20401,2026-05-31,vushtrri, completed 
602102,20405,2026-03-29, Vushtrri ,Completed
602103,20559,2026-06-09,Vushtrri,cancelled
602104,20260,2026-05-14, Mitrovice ,pending
602105,20142,2026-07-18, Prishtina , refunded 
602106,20325,2026-04-09,prizren,completed
602107,20564,2026-04-04,Gjakovë,Completed
602108,20609,2026-06-06,Gjilan,refunded
602109,20439,2026-08-05,gjakove,completed
602110,20004,2026-05-26,Gjakovë,Completed
602111,20699,2026-01-09,Mitrovice,Completed
602112,20517,2026-07-05, Ferizaj ,completed
602113,20510,2026-08-03,Prishtina,COMPLETED
602114,20029,2026-06-18,Mitrovicë,Completed
602115,20500,2026-07-31,FERIZAJ,COMPLETED
602116,20578,2026-07-13, Prizren ,completed
602117,90091,2026-07-29,Peja,Cancelled
602118,20376,2026-05-01, Mitrovice ,completed
602119,20531,2026-06-18,gjakove,completed
602120,20601,2026-03-15,Prizren,Completed
602121,20361,2026-03-10,vushtrri, completed 
602122,20063,2026-07-13,peja, completed 
602123,20227,2026-02-22,FERIZAJ, completed 
602124,20096,2026-06-22,GJILAN,completed
602125,20345,2026-07-23,mitrovice, completed 
602126,20009,2026-07-04,mitrovice,Cancelled
602127,20274,2026-07-04,Gjakove,Completed
602128,20467,2026-02-21,Gjilan,COMPLETED
602129,20153,2026-05-05,Prishtina,completed
602130,20450,2026-01-06,Prishtina,completed
602131,20002,2026-04-29,PRISHTINA,pending
602132,20544,2026-04-25,mitrovice, completed 
602133,20399,2026-01-27,Prishtina, refunded 
602134,20173,2026-07-03,PRISHTINA,Completed
602135,20059,2026-04-09,FERIZAJ,completed
602136,20590,2026-08-07, Peja ,completed
602137,20373,2026-08-01,Gjilan,refunded
602138,20317,2026-02-14,FERIZAJ, completed 
602139,20107,2026-06-30,Prishtina,COMPLETED
602140,20327,2026-07-02,Gjakovë,Completed
602141,20322,2026-06-23, Gjilan ,pending
602142,20071,2026-02-07,FERIZAJ,Completed
602143,20012,2026-03-04,Prishtina,cancelled
602144,20267,2026-04-13,Gjakovë,CANCELLED
602145,20287,2026-03-30, Peja ,Completed
602146,20652,2026-06-08, Vushtrri ,Completed
602147,20343,2026-02-04,Prizren,COMPLETED
602148,20195,2026-06-20,Gjilan,PENDING
602149,20243,2026-04-16,Ferizaj,pending
602150,20238,2026-02-16,prizren,Completed
602151,20102,2026-03-09,MITROVICE,Pending
602152,20360,2026-05-16,Prishtina, completed 
602153,20183,2026-02-21, Prizren ,REFUNDED
602154,20328,2026-01-28,mitrovice, completed 
602155,20067,2026-05-01,Vushtrri,REFUNDED
602156,20657,2026-03-18,Prishtina, completed 
602157,20250,2026-08-05, Vushtrri , completed 
602158,90054,2026-03-29,PEJA,REFUNDED
602159,20526,2026-01-12,Gjakovë,Completed
602160,20219,2026-05-16,Mitrovicë, completed 
602161,20358,2026-07-29,Ferizaj,Refunded
602162,20095,2026-01-13,Ferizaj,Refunded
602163,20356,2026-03-14,Prizren, pending 
602164,20180,2026-02-12, Peja , completed 
602165,20169,2026-02-12,ferizaj,completed
602166,20320,2026-02-08, Ferizaj ,REFUNDED
602167,20333,2026-04-04, Prizren ,Completed
602168,20689,2026-03-13,Mitrovicë,completed
602169,20574,2026-03-25,Gjilan,Completed
602170,20284,2026-07-27,Ferizaj, completed 
602171,20439,2026-07-24,peja, completed 
602172,20588,2026-01-04,Prizren, completed 
602173,20477,2026-04-27,Ferizaj,completed
602174,20058,2026-04-20,Mitrovice,pending
602175,20164,2026-05-24,Mitrovice,Cancelled
602176,20695,2026-01-22, Vushtrri , completed 
602177,90041,2026-01-22, Prizren ,COMPLETED
602178,20054,2026-06-14, Vushtrri ,Completed
602179,20696,2026-05-25, Ferizaj ,Completed
602180,20208,2026-03-28,Gjilan,Pending
602181,20280,2026-04-30,Vushtrri,PENDING
602182,20202,2026-07-25,ferizaj,Refunded
602183,20132,2026-08-01,ferizaj,REFUNDED
602184,20657,2026-05-06,Vushtrri,COMPLETED
602185,20298,2026-06-13,Gjilan,completed
602186,20141,2026-03-06, Prishtina ,COMPLETED
602187,20641,2026-03-20,prishtina,completed
602188,20532,2026-02-04,GJILAN,completed
602189,20193,2026-06-25,PRIZREN,COMPLETED
602190,20594,2026-03-17,FERIZAJ,completed
602191,20323,2026-05-09,Prizren,COMPLETED
602192,20179,2026-01-03,gjilan, pending 
602193,20522,2026-01-11,prizren,COMPLETED
602194,20292,2026-04-14,vushtrri,completed
602195,20181,2026-04-07,ferizaj, completed 
602196,20055,2026-01-31,gjakove, completed 
602197,20604,2026-05-23,prishtina,canceled
602198,20688,2026-07-28, Prizren ,completed
602199,20124,2026-07-22,FERIZAJ,COMPLETED
602200,20008,2026-04-14,PRISHTINA,completed
602201,20602,2026-01-24,Mitrovice,Completed
602202,20022,2026-06-22,Prishtina,Completed
602203,20691,2026-06-24, Vushtrri ,Completed
602204,20564,2026-03-06,prizren,completed
602205,20643,2026-03-21,gjakove,completed
602206,20419,2026-07-10, Prizren ,completed
602207,20263,2026-07-31,Peja,pending
602208,20100,2026-02-12,GJILAN,completed
602209,20099,2026-07-10,Gjakove, completed 
602210,20542,2026-02-06,Prishtina,pending
602211,20401,2026-03-09,Vushtrri,COMPLETED
602212,20406,2026-03-26, Peja ,completed
602213,20687,2026-03-10,Prizren,COMPLETED
602214,20150,2026-02-12,VUSHTRRI,completed
602215,20638,2026-02-13,Mitrovicë,pending
602216,20094,2026-07-22, Mitrovice ,Completed
602217,20677,2026-05-26,GJAKOVE,pending
602218,20005,2026-07-02,Prishtina,completed
602219,20430,2026-02-11,PEJA, completed 
602220,20332,2026-03-27,mitrovice,COMPLETED
602221,20376,2026-01-27,peja,Completed
602222,20682,2026-07-14,Ferizaj,pending
602223,20521,2026-04-21,prizren, refunded 
602224,20277,2026-05-07,Prishtina,completed
602225,20274,2026-07-24,Ferizaj,pending
602226,20363,2026-03-01,gjakove,CANCELLED
602227,20653,2026-03-11,Gjilan,pending
602228,20426,2026-07-05,GJAKOVE, completed 
602229,20185,2026-06-26, Mitrovice ,COMPLETED
602230,20006,2026-02-26,VUSHTRRI, completed 
602231,20091,2026-04-21,GJILAN,COMPLETED
602232,20268,2026-04-24,Mitrovice,Completed
602233,20664,2026-07-29,Vushtrri,REFUNDED
602234,20228,2026-04-15,gjilan,refunded
602235,20449,2026-03-18, Mitrovice , completed 
602236,20518,2026-07-20,GJILAN,Cancelled
602237,20341,2026-03-24,peja, cancelled 
602238,90051,2026-02-06,gjilan, completed 
602239,20063,2026-04-17,Gjilan, completed 
602240,20426,2026-02-07,Ferizaj,completed
602241,20397,2026-01-02,mitrovice,completed
602242,20246,2026-08-08, Gjilan ,Completed
602243,90010,2026-01-11,Mitrovice,Completed
602244,20155,2026-07-23,VUSHTRRI,Completed
602245,20234,2026-07-08,Gjilan, pending 
602246,20110,2026-06-27, Prizren ,completed
602247,20010,2026-04-03,Peja,Completed
602248,20222,2026-05-14, Gjilan ,Completed
602249,20417,2026-04-16,Vushtrri,PENDING
602250,20571,2026-07-22,gjakove,Completed
602251,20338,2026-05-24,Vushtrri,Completed
602252,20619,2026-04-02,prizren,completed
602253,20226,2026-01-19,Gjakove,COMPLETED
602254,90066,2026-07-06,PRIZREN,completed
602255,20417,2026-05-27, Vushtrri ,COMPLETED
602256,20113,2026-04-29,Gjakove,completed
602257,20128,2026-03-12,PRISHTINA, completed 
602258,20348,2026-06-04,Vushtrri,COMPLETED
602259,20616,2026-03-09,GJAKOVE,completed
602260,20665,2026-01-28,PRIZREN,COMPLETED
602261,20434,2026-05-05, Vushtrri ,REFUNDED
602262,20527,2026-06-14, Vushtrri , completed 
602263,20494,2026-05-10,Gjakovë,pending
602264,20099,2026-02-06, Peja , refunded 
602265,20638,2026-06-07,PRIZREN,completed
602266,90084,2026-06-02,peja, refunded 
602267,20384,2026-05-30,PRIZREN, pending 
602268,20099,2026-03-06, Ferizaj ,PENDING
602269,20377,2026-02-21, Gjilan ,Cancelled
602270,20636,2026-04-10, Peja , refunded 
602271,20620,2026-02-19,PRIZREN, completed 
602272,20657,2026-07-16,Gjilan, refunded 
602273,20491,2026-04-08, Prizren ,COMPLETED
602274,20542,2026-05-27,Prishtina, completed 
602275,20109,2026-03-18,MITROVICE,completed
602276,20549,2026-06-06,vushtrri,Pending
602277,20218,2026-07-11,peja,completed
602278,20224,2026-06-10, Mitrovice , completed 
602279,20634,2026-08-01,MITROVICE,completed
602280,20060,2026-07-10, Peja ,PENDING
602281,20018,2026-07-07,Peja,pending
602282,20429,2026-07-30,Ferizaj,completed
602283,20254,2026-04-18,gjilan,completed
602284,20164,2026-06-10,Vushtrri,pending
602285,20205,2026-08-02, Ferizaj ,refunded
602286,20594,2026-08-05,peja,canceled
602287,20613,2026-04-29,gjakove,refunded
602288,20173,2026-02-24, Mitrovice ,COMPLETED
602289,20028,2026-06-26,Gjilan,refunded
602290,20655,2026-07-02,Gjakove,Completed
602291,20519,2026-07-29, Mitrovice ,Completed
602292,20022,2026-01-14, Mitrovice , completed 
602293,20522,2026-03-20,PRIZREN,Completed
602294,20051,2026-03-17,PEJA, refunded 
602295,20290,2026-05-08, Gjilan ,completed
602296,20366,2026-07-20,prishtina,pending
602297,20663,2026-02-16,Peja,refunded
602298,20075,2026-06-21,Peja, pending 
602299,20437,2026-02-05,PRISHTINA,completed
602300,20325,2026-06-09, Vushtrri ,Completed
602301,20461,2026-03-06, Gjilan , completed 
602302,20248,2026-04-23,MITROVICE,COMPLETED
602303,20223,2026-01-19,Prizren,Completed
602304,20387,2026-07-07,vushtrri,completed
602305,20351,2026-08-08, Peja ,Completed
602306,20009,2026-01-29,gjilan,completed
602307,20491,2026-04-27,PRIZREN,Cancelled
602308,20415,2026-03-11, Ferizaj ,COMPLETED
602309,20324,2026-05-18, Prizren ,completed
602310,20209,2026-03-24,GJAKOVE,Completed
602311,20078,2026-06-14,PRISHTINA,CANCELLED
602312,20270,2026-07-22,PEJA,completed
602313,20116,2026-02-16, Peja ,Completed
602314,20520,2026-07-28,prishtina, completed 
602315,20284,2026-05-18, Ferizaj ,pending
602316,20221,2026-04-01,FERIZAJ,COMPLETED
602317,20648,2026-02-03,Prishtina,cancelled
602318,20600,2026-03-10,Prishtina,completed
602319,20600,2026-02-03,vushtrri,Cancelled
602320,20358,2026-01-13, Vushtrri ,pending
602321,20255,2026-02-10,Ferizaj,COMPLETED
602322,20274,2026-01-15,prizren, completed 
602323,20166,2026-07-26, Prizren ,COMPLETED
602324,20088,2026-02-24,Gjilan,cancelled
602325,20639,2026-05-30,PRIZREN, pending 
602326,20369,2026-04-27,Prizren, pending 
602327,20137,2026-06-18,gjilan,completed
602328,20216,2026-06-05,Peja, completed 
602329,20658,2026-04-09,Peja,Refunded
602330,20682,2026-01-27,GJILAN, pending 
602331,20581,2026-01-22,Gjakove,completed
602332,20052,2026-02-15, Vushtrri ,refunded
602333,20244,2026-01-13,peja,canceled
602334,20463,2026-03-21,ferizaj,REFUNDED
602335,20012,2026-03-03,Ferizaj,completed
602336,20410,2026-04-28,Gjakovë,cancelled
602337,20544,2026-06-12,VUSHTRRI,CANCELLED
602338,20672,2026-06-22,Gjilan,completed
602339,20699,2026-03-14,Gjilan,COMPLETED
602340,20456,2026-05-29,Gjilan,COMPLETED
602341,20472,2026-05-26, Prishtina ,Completed
602342,20314,2026-02-02,Peja, cancelled 
602343,20371,2026-06-08,Gjilan, pending 
602344,20263,2026-05-14,GJAKOVE,completed
602345,20065,2026-05-14,peja, cancelled 
602346,20060,2026-04-17, Gjilan ,CANCELLED
602347,20226,2026-02-03, Mitrovice ,Pending
602348,20087,2026-05-15, Peja ,Completed
602349,20489,2026-02-16,vushtrri,pending
602350,20688,2026-03-19,Gjilan,completed
602351,20121,2026-04-13,PRIZREN,COMPLETED
602352,20458,2026-02-11,prizren,completed
602353,20295,2026-05-31,Gjakovë, pending 
602354,20692,2026-05-19,PEJA,canceled
602355,20155,2026-07-22,peja, completed 
602356,20591,2026-06-01,gjilan,completed
602357,20157,2026-02-09,mitrovice,canceled
602358,20367,2026-07-14,Peja,Completed
602359,20563,2026-07-09,FERIZAJ, completed 
602360,20207,2026-06-16, Prizren ,completed
602361,20670,2026-04-21,Peja,completed
602362,20283,2026-06-18,MITROVICE, completed 
602363,20601,2026-04-27,Peja,COMPLETED
602364,20535,2026-05-11,Peja,Completed
602365,20586,2026-01-14,PRISHTINA,completed
602366,20559,2026-01-26,Mitrovice,completed
602367,20036,2026-03-23,Prishtina,COMPLETED
602368,20638,2026-02-10,Gjakovë,Pending
602369,20348,2026-07-03, Peja ,Completed
602370,20262,2026-07-07,Mitrovice,pending
602371,20583,2026-05-20,PEJA,completed
602372,20658,2026-03-24,peja,Pending
602373,20609,2026-04-12,Vushtrri, completed 
602374,20674,2026-02-22,VUSHTRRI, pending 
602375,20578,2026-06-23, Mitrovice , completed 
602376,20052,2026-05-25,MITROVICE,completed
602377,20193,2026-06-28,gjilan,Completed
602378,20651,2026-03-01,Peja,COMPLETED
602379,20288,2026-03-17,Vushtrri,CANCELLED
602380,20091,2026-02-23,Vushtrri,Cancelled
602381,20221,2026-06-24, Ferizaj ,COMPLETED
602382,20386,2026-03-10, Vushtrri ,pending
602383,20296,2026-04-13, Vushtrri ,Completed
602384,20633,2026-05-06,prishtina, completed 
602385,20046,2026-06-19,Prizren,refunded
602386,20148,2026-05-03,Gjakove,completed
602387,20042,2026-04-27, Prishtina ,completed
602388,20295,2026-06-18,peja,Completed
602389,20089,2026-04-10,Gjakove,Completed
602390,20341,2026-06-24,GJILAN,Completed
602391,20594,2026-07-24,Ferizaj,Completed
602392,90026,2026-06-13,Prishtina,completed
602393,20606,2026-06-02,GJAKOVE,pending
602394,20692,2026-06-17,ferizaj,Refunded
602395,20397,2026-06-01,Vushtrri,COMPLETED
602396,20500,2026-05-12, Prishtina , cancelled 
602397,20027,2026-08-08,prishtina,pending
602398,20687,2026-06-21,GJAKOVE,Pending
602399,20549,2026-02-02,Mitrovicë,COMPLETED
602400,20696,2026-05-23,Peja,Refunded
602401,20312,2026-01-24,vushtrri, completed 
602402,20489,2026-04-13,Gjakove,completed
602403,20448,2026-08-09,Ferizaj, completed 
602404,20017,2026-04-19, Gjakove ,completed
602405,20254,2026-03-29,Ferizaj,completed
602406,20207,2026-06-15,VUSHTRRI,COMPLETED
602407,20325,2026-05-30, Prizren ,pending
602408,20581,2026-06-28,VUSHTRRI,pending
602409,20055,2026-06-24,FERIZAJ,Completed
602410,20327,2026-07-09,Gjilan,COMPLETED
602411,20059,2026-01-10, Peja , completed 
602412,20472,2026-06-25,GJILAN, cancelled 
602413,20079,2026-07-01,Ferizaj,CANCELLED
602414,20538,2026-02-12,Gjilan,PENDING
602415,20498,2026-04-04,Gjilan,pending
602416,20166,2026-01-21, Mitrovice ,completed
602417,20420,2026-01-24, Gjilan ,completed
602418,20383,2026-03-02, Prishtina ,cancelled
602419,20356,2026-05-06,Mitrovice,completed
602420,20687,2026-05-01, Prizren ,Completed
602421,20135,2026-05-24,PRIZREN, pending 
602422,20522,2026-08-01,Vushtrri,refunded
602423,20267,2026-01-28,Mitrovicë,PENDING
602424,20579,2026-05-24, Mitrovice ,Completed
602425,20082,2026-05-29,gjilan,Completed
602426,20698,2026-03-12,mitrovice,Completed
602427,20176,2026-05-02,ferizaj,cancelled
602428,20450,2026-03-28,Mitrovicë,cancelled
602429,20511,2026-06-01,Vushtrri,Completed
602430,20092,2026-01-18,GJILAN,pending
602431,20422,2026-06-29,PRISHTINA,Pending
602432,20117,2026-04-23,Gjakovë,Completed
602433,20103,2026-01-22,vushtrri, completed 
602434,20393,2026-07-15, Prishtina ,COMPLETED
602435,20002,2026-03-17,gjilan, completed 
602436,90004,2026-02-16,Peja,unknown
602437,20261,2026-07-25,vushtrri,Pending
602438,20256,2026-03-17,Gjakovë,refunded
602439,20390,2026-02-11,Prizren,COMPLETED
602440,20690,2026-06-30,Peja,pending
602441,20659,2026-06-28, Gjakove ,PENDING
602442,20611,2026-04-11,ferizaj, completed 
602443,20014,2026-06-06,PRISHTINA,completed
602444,20029,2026-05-03, Ferizaj , completed 
602445,20416,2026-01-10,gjakove, completed 
602446,20479,2026-03-18,GJAKOVE,completed
602447,20218,2026-08-07,GJILAN,completed
602448,20467,2026-03-20,Mitrovice,completed
602449,20380,2026-03-07,PRISHTINA, completed 
602450,20133,2026-01-20,gjilan,PENDING
602451,20667,2026-07-30, Gjilan ,Completed
602452,20688,2026-04-09,Ferizaj,completed
602453,20665,2026-07-07,GJILAN,cancelled
602454,20611,2026-03-16, Prishtina ,PENDING
602455,20384,2026-01-30,Gjilan,COMPLETED
602456,20612,2026-05-01,Prizren,Cancelled
602457,20358,2026-06-29,prizren, completed 
602458,20169,2026-07-01, Gjilan ,COMPLETED
602459,20003,2026-04-28,prishtina,completed
602460,20280,2026-01-13, Gjakove ,completed
602461,20428,2026-01-08,Prishtina,Completed
602462,20071,2026-04-01,prishtina,Cancelled
602463,20341,2026-03-05,PRISHTINA,completed
602464,20395,2026-07-29,VUSHTRRI,pending
602465,20390,2026-02-05, Peja ,cancelled
602466,20466,2026-06-15, Prishtina ,completed
602467,20627,2026-01-13,Ferizaj,Completed
602468,20390,2026-04-09,PRISHTINA,pending
602469,20360,2026-06-08,Peja,pending
602470,20191,2026-06-10,Peja,Completed
602471,20129,2026-07-30,prishtina,pending
602472,20428,2026-02-06,Peja,cancelled
602473,20028,2026-02-04,Gjilan, pending 
602474,20402,2026-07-21, Peja ,completed
602475,20280,2026-03-29,vushtrri,COMPLETED
602476,20532,2026-07-08,Prizren,completed
602477,20551,2026-01-27,VUSHTRRI,refunded
602478,20553,2026-02-18, Peja ,completed
602479,20193,2026-04-25,Gjilan,completed
602480,20695,2026-07-31,ferizaj,completed
602481,20645,2026-07-17,VUSHTRRI, pending 
602482,20527,2026-06-13,Gjilan,Cancelled
602483,20178,2026-05-30,PEJA, completed 
602484,20372,2026-07-31,prizren,CANCELLED
602485,20664,2026-06-19,GJILAN, cancelled 
602486,20523,2026-04-13,Peja,COMPLETED
602487,20338,2026-03-23,Prizren,Completed
602488,20111,2026-03-03,Vushtrri, completed 
602489,20260,2026-01-17,GJILAN,canceled
602490,20183,2026-07-05,Mitrovicë,completed
602491,20408,2026-04-04, Gjakove ,refunded
602492,20023,2026-07-26,prishtina, pending 
602493,20687,2026-02-17, Vushtrri ,COMPLETED
602494,20223,2026-05-09,Vushtrri,completed
602495,20512,2026-01-09,Vushtrri,completed
602496,20364,2026-07-06,Mitrovicë, completed 
602497,20622,2026-05-19,peja,Refunded
602498,20148,2026-07-02,Prizren,completed
602499,20149,2026-01-19,Prishtina,Completed
602500,20443,2026-04-14,PRIZREN, completed 
602501,20464,2026-04-07,gjilan,Pending
602502,20146,2026-05-06,Gjilan, completed 
602503,20635,2026-01-19,Peja,completed
602504,20541,2026-05-29,prizren,CANCELLED
602505,20551,2026-03-09,Prizren,Cancelled
602506,20012,2026-07-27,FERIZAJ,completed
602507,20003,2026-04-24,PRIZREN,COMPLETED
602508,20152,2026-05-15, Prizren ,COMPLETED
602509,20544,2026-07-08,Prizren,PENDING
602510,20383,2026-04-26,Prishtina,PENDING
602511,20018,2026-06-05,PRISHTINA,Completed
602512,20085,2026-07-16, Vushtrri , completed 
602513,20103,2026-01-17,Ferizaj,completed
602514,20434,2026-04-30,Gjilan,completed
602515,20002,2026-01-18,Ferizaj,canceled
602516,20502,2026-08-06, Peja , refunded 
602517,20387,2026-03-20,GJILAN, completed 
602518,20123,2026-01-18,peja,completed
602519,20577,2026-06-03,Prizren, completed 
602520,20574,2026-07-14, Prishtina , completed 
602521,20499,2026-01-06,gjakove,Completed
602522,20517,2026-02-14,Prishtina,pending
602523,20561,2026-06-25,mitrovice,Completed
602524,20390,2026-06-16,gjilan, completed 
602525,20510,2026-05-31, Prishtina , completed 
602526,20445,2026-05-02,gjilan,pending
602527,20511,2026-04-15, Vushtrri ,Completed
602528,20353,2026-07-18,ferizaj, completed 
602529,90027,2026-02-03,vushtrri, refunded 
602530,20377,2026-02-26,prishtina,completed
602531,20310,2026-06-15,Mitrovicë, completed 
602532,20181,2026-07-28,ferizaj, pending 
602533,20594,2026-06-18,FERIZAJ,completed
602534,20151,2026-07-02, Gjilan ,completed
602535,20657,2026-07-03,Mitrovicë,completed
602536,20523,2026-07-28,vushtrri,Completed
602537,20218,2026-05-23,MITROVICE,COMPLETED
602538,20008,2026-07-11,Prishtina, completed 
602539,20508,2026-05-28,Ferizaj, completed 
602540,20386,2026-05-04,Prizren,COMPLETED
602541,20490,2026-01-03,mitrovice,completed
602542,20237,2026-03-19,Mitrovice, completed 
602543,20644,2026-04-11, Prishtina ,completed
602544,20179,2026-03-09,Mitrovicë,canceled
602545,20303,2026-03-21, Peja ,Pending
602546,20188,2026-06-28,gjakove, pending 
602547,20008,2026-05-18,Ferizaj,Pending
602548,20183,2026-04-17,gjilan,completed
602549,20307,2026-02-19, Peja ,Completed
602550,20422,2026-03-18,mitrovice,completed
602551,20617,2026-01-01,Vushtrri,completed
602552,20319,2026-03-13,MITROVICE,COMPLETED
602553,20584,2026-02-25,prishtina, refunded 
602554,20671,2026-06-16,Gjilan, refunded 
602555,20142,2026-07-27,mitrovice,completed
602556,20594,2026-01-12,gjilan,Refunded
602557,20369,2026-03-31,Gjakovë,completed
602558,20291,2026-07-01,Gjilan,COMPLETED
602559,20192,2026-07-09,Gjakovë, completed 
602560,20457,2026-05-11,Gjilan,pending
602561,20367,2026-05-18,Peja,completed
602562,20116,2026-02-25, Peja ,completed
602563,20443,2026-07-21,prishtina,completed
602564,20653,2026-07-01, Mitrovice ,completed
602565,20460,2026-02-20,Prizren,Completed
602566,20040,2026-01-21,Prishtina,completed
602567,90039,2026-02-03,Gjilan,COMPLETED
602568,90019,2026-07-08,Gjilan, completed 
602569,20415,2026-04-26,PRIZREN,COMPLETED
602570,20297,2026-06-06,gjakove,completed
602571,20055,2026-07-23, Prishtina ,cancelled
602572,20108,2026-03-28,Prizren, completed 
602573,20353,2026-01-14, Gjilan ,COMPLETED
602574,20277,2026-01-13,PRIZREN,REFUNDED
602575,20229,2026-05-10, Prizren ,COMPLETED
602576,20375,2026-05-30, Gjilan , completed 
602577,20274,2026-04-23,Gjakovë,COMPLETED
602578,20430,2026-07-14,gjakove,COMPLETED
602579,20441,2026-02-24, Gjakove ,completed
602580,20372,2026-05-17,Ferizaj,COMPLETED
602581,20234,2026-02-19,Mitrovicë,COMPLETED
602582,20363,2026-03-13,Mitrovicë,completed
602583,20206,2026-06-01,Gjakovë,refunded
602584,20359,2026-06-17,GJILAN,REFUNDED
602585,20657,2026-07-24, Peja ,completed
602586,20212,2026-06-20,Vushtrri,pending
602587,20449,2026-03-31, Ferizaj ,COMPLETED
602588,20392,2026-02-28,peja, completed 
602589,20386,2026-03-26,mitrovice, completed 
602590,90079,2026-06-29,MITROVICE,completed
602591,20606,2026-06-29,Ferizaj,completed
602592,20675,2026-06-21,Prishtina,cancelled
602593,20210,2026-01-31,Gjilan,Completed
602594,20672,2026-05-10,Vushtrri, refunded 
602595,20360,2026-08-01,Ferizaj, refunded 
602596,20152,2026-05-08,Vushtrri,completed
602597,20110,2026-03-26,mitrovice, completed 
602598,20301,2026-06-30,Prizren,completed
602599,20453,2026-05-18,prishtina,COMPLETED
602600,20274,2026-03-09,Gjilan,COMPLETED
602601,20001,2026-04-18, Mitrovice ,pending
602602,20173,2026-04-20, Gjilan ,completed
602603,20076,2026-07-27,Vushtrri,completed
602604,20585,2026-07-07,Gjilan,completed
602605,20056,2026-03-18,Gjilan,COMPLETED
602606,20063,2026-02-03,Gjakove,COMPLETED
602607,20170,2026-01-02,prizren,completed
602608,20412,2026-02-20,GJAKOVE,COMPLETED
602609,20514,2026-06-17,prishtina,completed
602610,20028,2026-04-19,prizren, completed 
602611,20431,2026-06-12, Prizren ,Cancelled
602612,20073,2026-06-10, Gjilan ,COMPLETED
602613,20288,2026-03-16,gjilan,Completed
602614,20162,2026-07-27,GJILAN, cancelled 
602615,20088,2026-02-08,VUSHTRRI,completed
602616,20195,2026-05-03,PEJA,completed
602617,20084,2026-03-04,Prishtina, completed 
602618,20599,2026-02-03,gjilan, completed 
602619,20563,2026-05-15,ferizaj,completed
602620,20425,2026-08-01,vushtrri,completed
602621,20640,2026-06-12,vushtrri,REFUNDED
602622,20155,2026-07-22,mitrovice,completed
602623,20675,2026-07-22,Vushtrri,completed
602624,20456,2026-05-23,Prishtina, completed 
602625,20410,2026-07-18,Gjakove,COMPLETED
602626,20458,2026-02-23,Gjakovë, cancelled 
602627,20209,2026-08-09,Ferizaj,COMPLETED
602628,20691,2026-07-19,Vushtrri, pending 
602629,20365,2026-05-21, Gjakove , completed 
602630,20441,2026-05-31,prizren,completed
602631,20526,2026-05-08,Peja,COMPLETED
602632,20684,2026-07-18,Prishtina,Completed
602633,20644,2026-01-08,prishtina,completed
602634,20453,2026-01-12, Mitrovice ,PENDING
602635,20188,2026-04-13, Vushtrri ,completed
602636,20609,2026-02-02,GJILAN, completed 
602637,20294,2026-03-07,Prishtina,Pending
602638,20536,2026-07-31,prizren, completed 
602639,20365,2026-08-05,PEJA,COMPLETED
602640,20450,2026-07-23,MITROVICE,COMPLETED
602641,20457,2026-04-13, Prishtina ,canceled
602642,20158,2026-04-01,GJAKOVE,pending
602643,20239,2026-01-19, Gjakove ,completed
602644,20214,2026-03-24,Ferizaj,completed
602645,20218,2026-03-17,PRISHTINA, completed 
602646,20459,2026-06-29,Prishtina,COMPLETED
602647,20046,2026-07-16,Peja,completed
602648,20368,2026-01-14,Peja,completed
602649,20500,2026-05-03,Gjakovë,Refunded
602650,20495,2026-03-31,Peja, completed 
602651,20361,2026-02-27,PRIZREN,COMPLETED
602652,20369,2026-05-06,gjilan,COMPLETED
602653,20484,2026-01-18,gjilan,completed
602654,20239,2026-02-10,Prishtina, completed 
602655,20064,2026-06-18, Vushtrri ,REFUNDED
602656,20222,2026-04-13,MITROVICE,Completed
602657,20170,2026-04-16,Gjilan, completed 
602658,20669,2026-07-11,MITROVICE,unknown
602659,20150,2026-06-11,peja,pending
602660,20354,2026-07-24,FERIZAJ,REFUNDED
602661,20577,2026-01-11,prizren,COMPLETED
602662,20160,2026-05-24,GJILAN, completed 
602663,20585,2026-07-10,MITROVICE,completed
602664,20073,2026-03-16,Mitrovice,Completed
602665,20621,2026-04-23, Ferizaj , completed 
602666,20386,2026-06-20,Prishtina,COMPLETED
602667,20561,2026-06-27,Gjakovë,Refunded
602668,20328,2026-03-17,PRIZREN, completed 
602669,20522,2026-01-21,Gjakove, cancelled 
602670,20148,2026-05-04,ferizaj,Completed
602671,20583,2026-01-03, Gjilan ,completed
602672,20103,2026-03-11, Prizren , pending 
602673,20666,2026-04-06,Ferizaj,Completed
602674,20276,2026-04-09,mitrovice,canceled
602675,20293,2026-04-23,VUSHTRRI,Refunded
602676,20024,2026-02-28, Ferizaj ,Completed
602677,20593,2026-07-20,Vushtrri,COMPLETED
602678,20365,2026-08-06,Peja, completed 
602679,20338,2026-02-12, Mitrovice ,COMPLETED
602680,20158,2026-04-19, Ferizaj ,COMPLETED
602681,20657,2026-07-23,Prishtina,Pending
602682,20626,2026-05-19,prizren,COMPLETED
602683,20093,2026-03-25,prishtina,Completed
602684,20202,2026-02-21, Prizren ,Completed
602685,20650,2026-05-19,Ferizaj,Completed
602686,20617,2026-02-27,Gjakovë,COMPLETED
602687,20450,2026-04-25,GJILAN,completed
602688,20419,2026-05-10,Vushtrri,completed
602689,20015,2026-06-03,Ferizaj,REFUNDED
602690,20379,2026-05-26,gjilan,Completed
602691,20162,2026-03-02, Peja ,completed
602692,20432,2026-04-28,ferizaj,cancelled
602693,20288,2026-02-11,gjilan,completed
602694,20018,2026-01-21,Prishtina,Completed
602695,20236,2026-05-29,prizren,pending
602696,90099,2026-07-03,Mitrovicë, pending 
602697,20161,2026-03-16, Ferizaj , completed 
602698,20472,2026-04-11, Prishtina ,completed
602699,20589,2026-01-22, Gjilan , cancelled 
602700,20569,2026-02-05,prishtina,Completed
602701,20520,2026-03-13,Gjilan,COMPLETED
602702,20075,2026-01-15,Gjilan,REFUNDED
602703,20616,2026-01-14,Ferizaj,Completed
602704,20674,2026-02-11,Prishtina,completed
602705,20495,2026-04-12,prishtina,Refunded
602706,20191,2026-03-01,PRIZREN,Completed
602707,20504,2026-01-22,FERIZAJ,COMPLETED
602708,20188,2026-05-18,Ferizaj,completed
602709,20496,2026-02-01, Prizren ,canceled
602710,20441,2026-06-24,prizren,completed
602711,20226,2026-05-15,Ferizaj,refunded
602712,20673,2026-01-05, Prishtina , refunded 
602713,20495,2026-06-06,Peja,completed
602714,20487,2026-06-27,Prizren,CANCELLED
602715,20345,2026-06-13,Vushtrri,completed
602716,20102,2026-06-03, Peja ,pending
602717,20052,2026-03-29,Ferizaj,COMPLETED
602718,20095,2026-08-08, Mitrovice ,REFUNDED
602719,20260,2026-02-27,PEJA,COMPLETED
602720,20679,2026-06-04,Ferizaj,refunded
602721,20692,2026-06-18,Mitrovice, refunded 
602722,20437,2026-03-28, Mitrovice ,Pending
602723,20354,2026-03-07,Mitrovicë, completed 
602724,20698,2026-08-08,PEJA, completed 
602725,20357,2026-06-07,Gjakove,Completed
602726,20348,2026-01-23,Gjakove,cancelled
602727,20281,2026-04-29, Peja ,Completed
602728,20511,2026-04-18,Mitrovicë, refunded 
602729,20356,2026-03-18,ferizaj,Completed
602730,20468,2026-07-29,Ferizaj,completed
602731,20253,2026-07-05,Mitrovice,Refunded
602732,20530,2026-07-23,FERIZAJ, completed 
602733,20650,2026-07-21,Prishtina,COMPLETED
602734,20457,2026-07-15,vushtrri,completed
602735,20522,2026-07-21,Ferizaj,completed
602736,20607,2026-04-15,Ferizaj,Completed
602737,20643,2026-07-27, Mitrovice ,completed
602738,20044,2026-02-10,MITROVICE, completed 
602739,20227,2026-06-06, Vushtrri , completed 
602740,20587,2026-08-04,Gjilan, completed 
602741,20141,2026-05-27,ferizaj,COMPLETED
602742,20210,2026-07-11,Prizren, completed 
602743,20651,2026-06-03,Gjakovë, completed 
602744,20147,2026-03-12,PEJA,completed
602745,20580,2026-06-19,VUSHTRRI,REFUNDED
602746,20146,2026-04-05,prishtina,completed
602747,20203,2026-06-20,FERIZAJ,Completed
602748,20143,2026-01-19,PEJA,Completed
602749,20048,2026-03-23,Prishtina,completed
602750,20376,2026-02-05, Gjakove ,completed
602751,20639,2026-05-16,Ferizaj,completed
602752,20035,2026-02-20, Mitrovice , cancelled 
602753,20413,2026-04-21,Vushtrri, completed 
602754,20198,2026-03-30,Ferizaj,Completed
602755,20538,2026-02-16,Ferizaj,completed
602756,20354,2026-03-21,Ferizaj,pending
602757,20619,2026-05-03, Prizren ,REFUNDED
602758,20616,2026-04-03,Prizren,Completed
602759,20185,2026-01-17,Gjakove,completed
602760,20130,2026-04-25,Gjakove,COMPLETED
602761,20108,2026-02-11,PRIZREN,completed
602762,20166,2026-01-19,Prizren,completed
602763,20050,2026-01-27,Peja,Completed
602764,20597,2026-03-19,vushtrri,cancelled
602765,20429,2026-03-09,Prishtina,Completed
602766,20315,2026-03-13,Peja,completed
602767,20544,2026-06-10,Peja,COMPLETED
602768,20104,2026-07-25,peja,cancelled
602769,20436,2026-04-08,PRISHTINA,COMPLETED
602770,20369,2026-02-14,Gjakovë,completed
602771,20505,2026-05-03,Prizren, completed 
602772,20059,2026-02-26,Vushtrri,Completed
602773,20204,2026-03-24, Ferizaj ,Completed
602774,20191,2026-03-02, Ferizaj ,Completed
602775,20339,2026-03-02,Gjilan,PENDING
602776,20206,2026-04-28,Prizren,pending
602777,20151,2026-04-14,vushtrri,Completed
602778,20346,2026-08-08, Prizren , completed 
602779,20542,2026-05-25,vushtrri,pending
602780,20193,2026-03-04, Prishtina , completed 
602781,20674,2026-01-26, Gjilan ,COMPLETED
602782,20639,2026-07-09,prishtina,completed
602783,20644,2026-05-15,PRISHTINA,completed
602784,20154,2026-01-10,PEJA,completed
602785,20029,2026-05-22,peja,completed
602786,20647,2026-01-03,ferizaj,completed
602787,20233,2026-03-18,vushtrri, pending 
602788,20579,2026-02-19,Peja, completed 
602789,20633,2026-04-14,PRIZREN,completed
602790,20336,2026-05-13, Vushtrri ,Completed
602791,20503,2026-04-11,Prizren,Completed
602792,20051,2026-03-20,mitrovice,completed
602793,20041,2026-03-20,Prishtina,completed
602794,20348,2026-08-08,GJAKOVE,PENDING
602795,20017,2026-06-21,Peja,pending
602796,20301,2026-04-10,Gjilan,Completed
602797,20228,2026-01-05, Ferizaj ,cancelled
602798,20457,2026-07-10,prizren,COMPLETED
602799,20606,2026-04-30,mitrovice,CANCELLED
602800,20599,2026-01-18,Ferizaj,COMPLETED
602801,20684,2026-02-28,prizren,PENDING
602802,20656,2026-05-09,Gjilan,Completed
602803,20340,2026-07-02,GJILAN,Completed
602804,20575,2026-05-21, Mitrovice ,pending
602805,20294,2026-04-03,Mitrovicë,completed
602806,20405,2026-02-18,vushtrri,completed
602807,20028,2026-04-11,Vushtrri,PENDING
602808,20248,2026-06-02,prizren,refunded
602809,20243,2026-07-11,ferizaj, refunded 
602810,20303,2026-07-30,Prishtina,PENDING
602811,20431,2026-08-06,Prizren,COMPLETED
602812,20417,2026-05-23,peja,Pending
602813,20537,2026-07-28,Prishtina, completed 
602814,20219,2026-08-05,Ferizaj,Completed
602815,20276,2026-03-15,VUSHTRRI,completed
602816,20109,2026-06-11, Peja ,completed
602817,20373,2026-03-10,Mitrovice, completed 
602818,20222,2026-05-10,Ferizaj, cancelled 
602819,20256,2026-05-07,PRIZREN,completed
602820,20645,2026-01-08, Gjilan ,cancelled
602821,20052,2026-06-22,FERIZAJ,COMPLETED
602822,20121,2026-02-01,peja, completed 
602823,20616,2026-01-31,prizren,completed
602824,20604,2026-05-29,vushtrri,completed
602825,20207,2026-04-29,Gjilan,Completed
602826,20002,2026-02-15,prizren,COMPLETED
602827,20261,2026-03-16,prishtina,Completed
602828,20248,2026-06-09,Mitrovicë,completed
602829,20422,2026-02-23,VUSHTRRI,COMPLETED
602830,20389,2026-06-10,MITROVICE,COMPLETED
602831,90023,2026-01-27,gjilan, completed 
602832,20647,2026-04-05,Gjakove, completed 
602833,20391,2026-02-17,Prizren,completed
602834,20506,2026-06-23, Gjakove ,Pending
602835,20410,2026-07-05,Prizren,refunded
602836,20013,2026-04-22, Ferizaj , completed 
602837,20682,2026-08-06,Mitrovice,REFUNDED
602838,20046,2026-03-01,Peja,pending
602839,20492,2026-03-27,GJAKOVE,cancelled
602840,20075,2026-06-12,ferizaj, completed 
602841,20113,2026-02-09, Prishtina ,completed
602842,20483,2026-03-05, Peja ,pending
602843,20122,2026-05-19,Ferizaj,pending
602844,20690,2026-02-03, Prishtina , completed 
602845,20117,2026-04-16, Prizren , completed 
602846,20263,2026-04-11, Vushtrri ,Completed
602847,20088,2026-07-31,ferizaj,completed
602848,20184,2026-03-04,peja, completed 
602849,20083,2026-02-27, Gjakove ,pending
602850,20035,2026-05-25,Peja,COMPLETED
602851,20378,2026-03-24,peja,completed
602852,20185,2026-06-10, Gjakove ,pending
602853,20208,2026-07-07, Gjakove ,completed
602854,20416,2026-01-05, Prishtina ,Completed
602855,20510,2026-05-07,peja,Completed
602856,20468,2026-05-11,Peja, completed 
602857,20501,2026-01-04, Vushtrri ,COMPLETED
602858,20662,2026-06-01,GJILAN,refunded
602859,20371,2026-04-10,vushtrri,pending
602860,20662,2026-01-20, Vushtrri ,completed
602861,20692,2026-02-13,Vushtrri,Cancelled
602862,20478,2026-07-27,vushtrri, completed 
602863,20572,2026-07-01,gjakove,Completed
602864,20445,2026-04-26, Vushtrri ,completed
602865,20057,2026-01-27, Prizren ,Completed
602866,20381,2026-99-40,PEJA,Pending
602867,20698,2026-01-24, Ferizaj ,completed
602868,20115,2026-07-15,ferizaj, completed 
602869,20584,2026-03-17,Gjakovë, completed 
602870,20273,2026-01-03,Prizren, completed 
602871,20392,2026-04-16,Prizren,pending
602872,20213,2026-06-17,peja,PENDING
602873,20151,2026-04-12,PEJA,cancelled
602874,20005,2026-01-27,Gjakovë,canceled
602875,20590,2026-08-03, Gjakove ,completed
602876,20116,2026-05-18,Vushtrri,Completed
602877,20391,2026-04-13,Mitrovice,COMPLETED
602878,20465,2026-07-12,Prizren, cancelled 
602879,20218,2026-05-12,Gjilan,Completed
602880,20490,2026-06-09,GJAKOVE,completed
602881,20103,2026-05-25, Gjilan ,refunded
602882,20141,2026-04-10,vushtrri,completed
602883,20272,2026-03-03,FERIZAJ,REFUNDED
602884,20652,2026-02-19, Vushtrri , completed 
602885,20169,2026-02-25,ferizaj,cancelled
602886,20484,2026-08-04,ferizaj,refunded
602887,20632,2026-02-22,Vushtrri,Completed
602888,20394,2026-02-28,Gjakovë,COMPLETED
602889,20299,2026-02-24,Gjakovë,completed
602890,20624,2026-03-20,Prishtina,pending
602891,20157,2026-06-15,peja,pending
602892,20676,2026-02-11,PRISHTINA,COMPLETED
602893,20253,2026-03-10,Mitrovicë, completed 
602894,20433,2026-04-15,PEJA,Completed
602895,20463,2026-06-10,Vushtrri,Completed
602896,20466,2026-06-04, Gjilan ,pending
602897,20370,2026-03-03, Prizren , completed 
602898,20156,2026-02-17,gjakove,canceled
602899,20337,2026-01-09,Mitrovice, completed 
602900,20396,2026-03-10,vushtrri,pending
602901,20164,2026-07-10,VUSHTRRI,Completed
602902,20374,2026-01-21,Peja,COMPLETED
602903,20022,2026-05-28,ferizaj,refunded
602904,20393,2026-03-22,Prizren,COMPLETED
602905,20029,2026-06-30, Vushtrri ,completed
602906,20479,2026-04-29, Gjakove ,COMPLETED
602907,20625,2026-03-03,GJAKOVE,completed
602908,20696,2026-06-05,Prizren,cancelled
602909,20220,2026-06-25,MITROVICE,Completed
602910,20014,2026-01-25,GJILAN,COMPLETED
602911,20524,2026-05-19, Vushtrri ,cancelled
602912,20540,2026-03-07,Ferizaj,completed
602913,20150,2026-01-31,Gjilan, completed 
602914,20234,2026-02-27,Gjakovë,completed
602915,20096,2026-03-12,PRIZREN,pending
602916,20576,2026-03-16,Mitrovicë,completed
602917,20007,2026-07-18,Ferizaj,completed
602918,20137,2026-05-30,PRISHTINA,completed
602919,20076,2026-04-12,gjakove,canceled
602920,20644,2026-04-11,Peja,PENDING
602921,20036,2026-05-22,GJILAN, completed 
602922,20113,2026-01-23,Mitrovicë, completed 
602923,20469,2026-06-19, Prishtina ,completed
602924,20678,2026-01-07,Peja, completed 
602925,20147,2026-07-25,Prishtina, completed 
602926,20023,2026-01-23, Prishtina ,COMPLETED
602927,20588,2026-01-07,Vushtrri,refunded
602928,20583,2026-03-24,VUSHTRRI,Completed
602929,20283,2026-03-02,prizren,completed
602930,20090,2026-06-19,Prishtina, cancelled 
602931,20032,2026-08-04,Vushtrri, cancelled 
602932,20610,2026-01-04, Prizren ,COMPLETED
602933,20471,2026-04-10,Gjilan,canceled
602934,20571,2026-07-24,ferizaj,completed
602935,20597,2026-06-30,Peja,Completed
602936,20389,2026-04-28,Ferizaj, completed 
602937,20372,2026-05-09, Vushtrri , completed 
602938,20578,2026-01-17,Peja, completed 
602939,20623,2026-05-01,PRISHTINA,completed
602940,20172,2026-02-16,gjilan,CANCELLED
602941,20083,2026-08-07,FERIZAJ,completed
602942,20508,2026-07-30,Prishtina, completed 
602943,20032,2026-03-26,Ferizaj,completed
602944,20650,2026-05-01,PRISHTINA, completed 
602945,20466,2026-01-23,MITROVICE,COMPLETED
602946,20046,2026-06-09,FERIZAJ,completed
602947,20418,2026-06-03,VUSHTRRI, pending 
602948,20640,2026-03-02,FERIZAJ,completed
602949,20433,2026-07-17, Prizren , completed 
602950,20413,2026-01-28,Mitrovicë,PENDING
602951,20246,2026-03-28,Prizren,canceled
602952,20421,2026-07-16,Ferizaj,COMPLETED
602953,20692,2026-02-22, Gjakove ,completed
602954,20222,2026-02-19, Gjakove ,completed
602955,20308,2026-02-03,gjakove,canceled
602956,20660,2026-07-02,Ferizaj,CANCELLED
602957,20325,2026-06-09,peja, completed 
602958,20060,2026-06-22,Peja, pending 
602959,20485,2026-05-10,Vushtrri, completed 
602960,20459,2026-02-28,Ferizaj,refunded
602961,20268,2026-07-31,FERIZAJ, completed 
602962,20446,2026-03-19,VUSHTRRI,Cancelled
602963,20651,2026-03-03,gjakove,completed
602964,20190,2026-05-12,FERIZAJ,Completed
602965,20181,2026-03-20,Ferizaj, completed 
602966,20147,2026-08-04,mitrovice, completed 
602967,20550,2026-01-03,PRISHTINA,cancelled
602968,20518,2026-05-24, Ferizaj ,Completed
602969,20694,2026-01-12,MITROVICE,COMPLETED
602970,20282,2026-07-24,vushtrri,Pending
602971,20491,2026-05-20,PEJA,COMPLETED
602972,20586,2026-02-18,PRIZREN,completed
602973,20051,2026-06-18, Peja ,COMPLETED
602974,20591,2026-06-09,PRISHTINA,Cancelled
602975,20413,2026-05-25,Prishtina, completed 
602976,20438,2026-01-16,vushtrri,Completed
602977,20693,2026-01-30,prizren,COMPLETED
602978,20182,2026-07-13, Vushtrri ,Completed
602979,20286,2026-01-18,Gjakove,Completed
602980,20588,2026-01-27,Mitrovicë,REFUNDED
602981,20205,2026-07-26,VUSHTRRI,Completed
602982,20398,2026-03-30,vushtrri,completed
602983,20611,2026-06-04,Gjakovë,completed
602984,20247,2026-03-25,Prishtina, refunded 
602985,20193,2026-01-07, Prishtina ,completed
602986,20175,2026-08-03,Ferizaj,COMPLETED
602987,20408,2026-02-18,Mitrovice,completed
602988,20035,2026-01-16, Prishtina ,Completed
602989,20268,2026-01-29, Peja ,completed
602990,20423,2026-05-30,prishtina,pending
602991,20537,2026-07-02,peja,Completed
602992,20280,2026-06-04,vushtrri,pending
602993,20523,2026-01-17,PEJA,completed
602994,20527,2026-05-09,PRIZREN,COMPLETED
602995,20378,2026-05-11, Peja , completed 
602996,20290,2026-07-07, Vushtrri , completed 
602997,20268,2026-06-06,Ferizaj,Completed
602998,20266,2026-02-25,Prizren,completed
602999,20492,2026-04-26, Peja ,completed
603000,20051,2026-01-01,Mitrovice,COMPLETED
603001,20005,2026-01-14,Gjakovë,Pending
603002,20545,2026-06-28,PEJA,completed
603003,20373,2026-08-04,Vushtrri,completed
603004,20661,2026-01-27,peja,Refunded
603005,20003,2026-02-15,VUSHTRRI,Completed
603006,20250,2026-03-03,Gjakovë,completed
603007,20595,2026-02-09,Gjakove,canceled
603008,20103,2026-05-07,Prishtina,pending
603009,20538,2026-05-19,Prishtina,Pending
603010,20166,2026-01-31,VUSHTRRI,Completed
603011,20048,2026-05-07,Prizren, completed 
603012,20524,2026-02-28, Vushtrri ,Cancelled
603013,20033,2026-01-31,Mitrovice,Cancelled
603014,20328,2026-02-21,ferizaj,COMPLETED
603015,20113,2026-07-04,Ferizaj,PENDING
603016,20162,2026-07-05, Peja ,cancelled
603017,20640,2026-02-02,GJAKOVE, cancelled 
603018,20536,2026-01-30,Peja,Completed
603019,20006,2026-06-09,Prishtina,completed
603020,20548,2026-03-20, Prizren ,Completed
603021,20431,2026-03-29, Gjilan , completed 
603022,20475,2026-06-20,Peja,cancelled
603023,20557,2026-03-28, Ferizaj ,pending
603024,20184,2026-07-08,ferizaj,completed
603025,20176,2026-03-05,Ferizaj,pending
603026,20615,2026-05-21,VUSHTRRI,canceled
603027,20635,2026-04-15,Peja,pending
603028,20020,2026-04-02,GJAKOVE,Completed
603029,20500,2026-01-19,FERIZAJ,cancelled
603030,20384,2026-04-24,ferizaj,COMPLETED
603031,20111,2026-01-20,FERIZAJ,PENDING
603032,20434,2026-02-25, Ferizaj , completed 
603033,20369,2026-05-03,Gjilan,Pending
603034,20002,2026-06-25,Vushtrri, completed 
603035,20200,2026-04-04,prizren,cancelled
603036,90002,2026-02-27, Gjakove ,completed
603037,20521,2026-02-11,GJAKOVE,completed
603038,20607,2026-07-20,VUSHTRRI,CANCELLED
603039,20001,2026-08-04, Ferizaj ,Completed
603040,20619,2026-06-20, Ferizaj ,COMPLETED
603041,20432,2026-02-18, Mitrovice ,refunded
603042,20311,2026-05-20,Ferizaj,completed
603043,20471,2026-06-12,Mitrovicë,pending
603044,20259,2026-01-14,GJAKOVE,completed
603045,20209,2026-06-07,Mitrovicë,completed
603046,20429,2026-01-01,gjilan,completed
603047,20229,2026-03-21,peja,Completed
603048,20461,2026-05-19,prishtina,completed
603049,20141,2026-06-24,vushtrri,completed
603050,20125,2026-04-14,mitrovice,completed
603051,20328,2026-06-20,Prizren,cancelled
603052,20418,2026-02-13,Vushtrri,COMPLETED
603053,20300,2026-04-13,Prizren,Completed
603054,20048,2026-06-28,vushtrri, pending 
603055,20299,2026-05-29,GJILAN,completed
603056,20338,2026-07-13,Prishtina,completed
603057,20036,2026-06-27,PRISHTINA,Completed
603058,20451,2026-06-30,GJAKOVE,completed
603059,20061,2026-06-27,prishtina,Completed
603060,20276,2026-04-20,Mitrovice,COMPLETED
603061,20068,2026-06-15, Mitrovice ,COMPLETED
603062,20201,2026-07-14,Mitrovice,pending
603063,20418,2026-06-18,PRISHTINA, refunded 
603064,20569,2026-07-13,Gjakove,completed
603065,20575,2026-07-20,gjakove,refunded
603066,20402,2026-05-16,gjakove, completed 
603067,20116,2026-04-08,GJILAN, completed 
603068,20030,2026-01-27,GJAKOVE,unknown
603069,20180,2026-07-15,Prishtina,PENDING
603070,20464,2026-02-12,Gjilan,COMPLETED
603071,20285,2026-07-02,Gjakovë,completed
603072,20541,2026-05-21,PEJA,completed
603073,20164,2026-07-13,ferizaj,Completed
603074,20343,2026-01-18, Ferizaj ,completed
603075,20626,2026-07-20,Gjakovë,completed
603076,20667,2026-05-15,gjilan, refunded 
603077,20534,2026-03-26,Prishtina,completed
603078,20003,2026-03-21,MITROVICE,pending
603079,20225,2026-04-24,ferizaj,completed
603080,20411,2026-01-04,Mitrovicë,Completed
603081,20317,2026-03-20,GJILAN,refunded
603082,20481,2026-02-04,Gjilan,Pending
603083,20625,2026-07-14,vushtrri,completed
603084,20015,2026-06-12,Mitrovice, completed 
603085,20503,2026-03-21,Gjilan,Completed
603086,20421,2026-07-16,Vushtrri,Completed
603087,20509,2026-04-08,PRIZREN,Completed
603088,20194,2026-04-30,Ferizaj,canceled
603089,20238,2026-03-16,gjakove,Completed
603090,20624,2026-01-29,Prishtina,refunded
603091,20216,2026-03-12,PRIZREN, pending 
603092,20593,2026-05-30, Gjakove ,COMPLETED
603093,20199,2026-04-19, Peja ,Cancelled
603094,20220,2026-06-24,PEJA,completed
603095,20174,2026-07-21,prishtina,completed
603096,20511,2026-01-12,MITROVICE, completed 
603097,20237,2026-03-20,Gjilan,PENDING
603098,20410,2026-06-16,MITROVICE,completed
603099,20633,2026-02-17,FERIZAJ, refunded 
603100,20194,2026-01-30,Ferizaj,pending
603101,20591,2026-05-25,Gjakove, completed 
603102,20675,2026-05-19,Mitrovice,completed
603103,20559,2026-01-13,Gjilan,pending
603104,20140,2026-04-07,Prizren,completed
603105,20032,2026-05-09,gjakove,Pending
603106,20515,2026-07-22,Ferizaj,COMPLETED
603107,20632,2026-07-20, Mitrovice , completed 
603108,20342,2026-02-05,prishtina, pending 
603109,20663,2026-01-25,Prishtina,completed
603110,20566,2026-07-01,Ferizaj,Completed
603111,20053,2026-07-03, Peja ,completed
603112,20106,2026-03-05,peja,Refunded
603113,20479,2026-03-18,mitrovice,Pending
603114,20492,2026-04-29,peja,Completed
603115,90045,2026-07-21,Gjakove,pending
603116,20164,2026-01-12,Gjilan,completed
603117,20089,2026-03-22,Prizren,Cancelled
603118,20423,2026-05-07,MITROVICE,refunded
603119,20210,2026-01-21,Vushtrri,Completed
603120,20607,2026-07-25,GJILAN,completed
603121,20284,2026-03-19, Prishtina ,Completed
603122,20644,2026-07-05,Vushtrri,canceled
603123,20614,2026-03-24, Prizren ,Cancelled
603124,20692,2026-01-20,Gjilan, completed 
603125,20556,2026-04-02,Prishtina,completed
603126,20334,2026-05-16,gjilan,pending
603127,20476,2026-05-14,vushtrri,completed
603128,20652,2026-02-24,GJAKOVE,COMPLETED
603129,20050,2026-06-05,Prizren,Pending
603130,20664,2026-07-07, Mitrovice , refunded 
603131,20389,2026-06-22,FERIZAJ,pending
603132,20301,2026-06-29,Gjilan,canceled
603133,20188,2026-01-30,Mitrovice,COMPLETED
603134,20542,2026-06-18,prizren,COMPLETED
603135,20104,2026-03-06,PEJA,COMPLETED
603136,20368,2026-01-26, Vushtrri , completed 
603137,20590,2026-06-11,GJILAN,Completed
603138,20408,2026-05-01,gjakove,pending
603139,20536,2026-03-31, Prizren ,COMPLETED
603140,20686,2026-06-28,FERIZAJ, pending 
603141,20261,2026-06-12,ferizaj,CANCELLED
603142,20208,2026-01-21,PEJA,completed
603143,20384,2026-03-20,Prizren, completed 
603144,20275,2026-04-21,Mitrovicë,Completed
603145,20407,2026-02-16,gjilan,completed
603146,20168,2026-06-07,GJILAN,pending
603147,20060,2026-02-11,mitrovice,COMPLETED
603148,20483,2026-03-13,Mitrovice, cancelled 
603149,20049,2026-07-13,Gjilan,cancelled
603150,20175,2026-01-04,Peja,Pending
603151,20052,2026-06-16, Vushtrri ,Pending
603152,20677,2026-05-26,Prizren,completed
603153,20046,2026-01-07,PEJA,COMPLETED
603154,20041,2026-01-27,Prizren,pending
603155,20141,2026-01-29, Prizren ,Pending
603156,20405,2026-99-40, Prishtina ,completed
603157,20491,2026-02-07,Gjilan,Completed
603158,20462,2026-01-08, Prishtina , completed 
603159,20117,2026-08-02, Prishtina , completed 
603160,20504,2026-08-03, Prishtina ,CANCELLED
603161,20511,2026-01-20,Peja,completed
603162,20219,2026-04-27, Prishtina ,COMPLETED
603163,20468,2026-02-18,GJAKOVE,completed
603164,20489,2026-05-16, Prishtina , completed 
603165,20332,2026-08-04, Vushtrri ,completed
603166,20465,2026-01-26,peja,Completed
603167,20483,2026-06-24,PEJA,Completed
603168,20696,2026-03-07, Peja ,completed
603169,20544,2026-01-18, Vushtrri ,Completed
603170,20083,2026-07-12,PRIZREN,completed
603171,20455,2026-04-26,Mitrovicë,PENDING
603172,20082,2026-04-04,Gjilan, pending 
603173,20465,2026-05-27,VUSHTRRI, completed 
603174,20666,2026-01-07,Vushtrri,COMPLETED
603175,20142,2026-05-21,GJILAN,COMPLETED
603176,20482,2026-06-27, Ferizaj , completed 
603177,20633,2026-04-26,FERIZAJ,completed
603178,20463,2026-04-11,PEJA,pending
603179,20320,2026-04-26,Gjilan,completed
603180,20559,2026-03-26,Vushtrri,completed
603181,20250,2026-04-15,gjakove, completed 
603182,20647,2026-01-27, Gjakove ,COMPLETED
603183,20322,2026-04-01,prizren, completed 
603184,20278,2026-05-26, Mitrovice ,completed
603185,20078,2026-02-04,Peja, completed 
603186,20115,2026-07-19,GJILAN,completed
603187,20388,2026-08-06,Mitrovicë,completed
603188,20009,2026-07-27, Prizren ,COMPLETED
603189,20124,2026-07-01, Ferizaj ,Refunded
603190,20212,2026-01-01,PEJA,completed
603191,20665,2026-01-31,Prizren,completed
603192,20623,2026-02-01,Prizren, completed 
603193,20311,2026-02-23,Prishtina,completed
603194,20670,2026-07-15,Prishtina, completed 
603195,20675,2026-07-27,Mitrovicë,COMPLETED
603196,20028,2026-01-23,Mitrovice,completed
603197,20212,2026-05-10,Vushtrri,completed
603198,20489,2026-02-08, Gjakove ,refunded
603199,20249,2026-05-10,Prishtina,Pending
603200,20237,2026-05-18,Ferizaj, pending 
603201,20661,2026-01-08,ferizaj,canceled
603202,20249,2026-01-14, Prishtina ,Refunded
603203,20633,2026-07-01,FERIZAJ,Refunded
603204,20431,2026-04-16,Gjakovë,CANCELLED
603205,20637,2026-04-03,mitrovice, completed 
603206,20344,2026-03-03,Mitrovicë,Completed
603207,20661,2026-01-20,MITROVICE,canceled
603208,20226,2026-01-18,Prishtina,Completed
603209,20200,2026-05-27,Gjilan,completed
603210,20232,2026-02-14,Prishtina,COMPLETED
603211,20640,2026-05-10,Gjakovë,refunded
603212,20273,2026-03-31,peja,Pending
603213,20657,2026-03-24,Mitrovicë, completed 
603214,20623,2026-07-06,VUSHTRRI,Cancelled
603215,20296,2026-03-25, Prishtina , completed 
603216,20670,2026-03-18,peja,COMPLETED
603217,20609,2026-08-09,Gjilan,completed
603218,20267,2026-04-10,Ferizaj,completed
603219,20077,2026-07-03,GJAKOVE,Completed
603220,20646,2026-04-23, Ferizaj ,COMPLETED
603221,20333,2026-05-24,PEJA, pending 
603222,20494,2026-02-26,Gjilan,completed
603223,20119,2026-03-14,gjakove,Pending
603224,20021,2026-01-13,Gjilan,completed
603225,20226,2026-05-28, Gjilan ,Completed
603226,20036,2026-04-10,Peja,COMPLETED
603227,20369,2026-02-28,Gjakovë,Cancelled
603228,20106,2026-04-22,Peja,PENDING
603229,20180,2026-03-04,Gjilan,completed
603230,20347,2026-07-17, Prizren , completed 
603231,20351,2026-05-15,Gjilan,completed
603232,20097,2026-01-26, Vushtrri ,completed
603233,20187,2026-01-06,gjilan,Refunded
603234,20125,2026-03-26,FERIZAJ,CANCELLED
603235,20595,2026-03-07, Ferizaj , completed 
603236,20175,2026-04-05,Ferizaj,completed
603237,20406,2026-05-12,Vushtrri,CANCELLED
603238,20598,2026-07-11,PRIZREN,completed
603239,20583,2026-06-10, Mitrovice , completed 
603240,20081,2026-03-14,PRISHTINA,cancelled
603241,20499,2026-06-13, Prizren ,CANCELLED
603242,20266,2026-03-06,PRISHTINA,completed
603243,20526,2026-07-22,prishtina,completed
603244,20469,2026-03-09,vushtrri,Refunded
603245,20155,2026-01-11,Vushtrri,completed
603246,20148,2026-04-05, Ferizaj ,REFUNDED
603247,20469,2026-01-28,Peja, pending 
603248,20612,2026-07-31, Mitrovice ,Pending
603249,20017,2026-06-30,mitrovice, pending 
603250,20356,2026-05-12,Prizren,completed
603251,20480,2026-03-31,PRISHTINA,completed
603252,20450,2026-06-19,FERIZAJ,Completed
603253,20368,2026-01-29,Gjilan,Pending
603254,20627,2026-06-29,PRISHTINA, completed 
603255,20486,2026-08-05,Gjilan, completed 
603256,20255,2026-06-14, Vushtrri ,completed
603257,20649,2026-06-09, Mitrovice ,cancelled
603258,20258,2026-01-25,gjilan,CANCELLED
603259,20281,2026-03-31, Ferizaj ,COMPLETED
603260,20012,2026-02-13,peja,completed
603261,20527,2026-01-13,Peja,completed
603262,20463,2026-06-02,prishtina,Completed
603263,20133,2026-05-06,Peja, cancelled 
603264,20640,2026-04-28, Ferizaj ,PENDING
603265,20567,2026-07-18,GJILAN,COMPLETED
603266,20683,2026-06-19,Peja,pending
603267,20529,2026-03-04,Gjilan,completed
603268,20005,2026-07-11,Mitrovicë, completed 
603269,20239,2026-06-02,Prishtina,cancelled
603270,20355,2026-02-26,MITROVICE, completed 
603271,20241,2026-06-15,Ferizaj, completed 
603272,20279,2026-02-16,PRISHTINA, completed 
603273,20590,2026-01-24,Prizren,completed
603274,20551,2026-06-24, Ferizaj ,completed
603275,20648,2026-05-19,Ferizaj,pending
603276,20107,2026-02-05,Peja,REFUNDED
603277,20304,2026-05-23, Vushtrri , completed 
603278,20692,2026-05-04,GJILAN,Pending
603279,20450,2026-99-40, Vushtrri ,canceled
603280,20314,2026-05-08,vushtrri,COMPLETED
603281,20074,2026-06-29,Prizren,COMPLETED
603282,20632,2026-06-09, Ferizaj ,Completed
603283,20482,2026-03-31,vushtrri, completed 
603284,20294,2026-02-26,Mitrovicë, cancelled 
603285,20223,2026-06-24,prishtina,COMPLETED
603286,20400,2026-07-04,PEJA,Completed
603287,20445,2026-06-07,Prizren,canceled
603288,20343,2026-03-06,Ferizaj,completed
603289,20386,2026-02-05,ferizaj, completed 
603290,20567,2026-07-17,vushtrri,completed
603291,20170,2026-07-15,PRISHTINA,completed
603292,20290,2026-05-15,Peja, completed 
603293,20530,2026-07-30, Mitrovice ,completed
603294,20597,2026-01-24,Gjilan,completed
603295,20150,2026-05-09,Prishtina,Completed
603296,20362,2026-04-26,prishtina,REFUNDED
603297,20578,2026-03-01, Prishtina ,canceled
603298,20170,2026-01-31,Prishtina,canceled
603299,20674,2026-04-10,Mitrovice,cancelled
603300,20341,2026-03-26,vushtrri,COMPLETED
603301,20284,2026-07-06,Gjakove,Completed
603302,20572,2026-04-27, Mitrovice ,completed
603303,20113,2026-03-24,FERIZAJ,pending
603304,20671,2026-06-05,Gjakove,canceled
603305,20095,2026-03-22,Prishtina, completed 
603306,20264,2026-01-27,Prishtina, completed 
603307,20124,2026-06-21,Ferizaj,Completed
603308,20335,2026-05-28,MITROVICE,COMPLETED
603309,20404,2026-06-07,VUSHTRRI,completed
603310,20242,2026-05-06, Ferizaj ,COMPLETED
603311,20554,2026-06-24,ferizaj,completed
603312,20650,2026-05-28,Ferizaj,completed
603313,20623,2026-04-26, Vushtrri , completed 
603314,20060,2026-06-07,PEJA,completed
603315,20317,2026-01-02,Mitrovicë,CANCELLED
603316,20604,2026-01-30, Gjakove ,Completed
603317,20221,2026-04-02,MITROVICE, completed 
603318,20135,2026-06-22,Mitrovice,COMPLETED
603319,20222,2026-02-14, Mitrovice ,pending
603320,20382,2026-01-25,Prishtina, completed 
603321,20187,2026-05-08,Mitrovicë,pending
603322,20332,2026-07-26,Ferizaj,Completed
603323,20150,2026-03-06,Mitrovicë, completed 
603324,20365,2026-02-10,Ferizaj,refunded
603325,20392,2026-02-12, Gjilan ,completed
603326,20673,2026-07-05,prishtina,Completed
603327,20293,2026-01-29, Mitrovice ,COMPLETED
603328,20475,2026-05-28,Mitrovicë,pending
603329,20579,2026-05-31,Prizren,refunded
603330,20443,2026-01-01,FERIZAJ,canceled
603331,20474,2026-07-28, Mitrovice , pending 
603332,20431,2026-03-17,PRISHTINA,Refunded
603333,20183,2026-04-16, Prishtina ,refunded
603334,20191,2026-06-06,Gjakove,Completed
603335,20581,2026-06-24,gjilan,COMPLETED
603336,20422,2026-08-04, Mitrovice ,Pending
603337,20172,2026-04-26,mitrovice, completed 
603338,20113,2026-03-14,PEJA,cancelled
603339,20107,2026-01-10,vushtrri, cancelled 
603340,20694,2026-04-17, Prizren ,Completed
603341,20581,2026-07-26,Vushtrri,completed
603342,20046,2026-03-13,Vushtrri,completed
603343,20093,2026-06-28, Peja , completed 
603344,20179,2026-06-21,Vushtrri, completed 
603345,20240,2026-04-16,vushtrri,completed
603346,20085,2026-08-08,VUSHTRRI,COMPLETED
603347,20130,2026-07-20,Prizren,completed
603348,20238,2026-03-15, Ferizaj ,Completed
603349,20551,2026-05-14,MITROVICE,completed
603350,90001,2026-05-19,GJAKOVE, completed 
603351,20193,2026-03-14,Mitrovice,completed
603352,20406,2026-99-40,Gjakove, completed 
603353,20193,2026-08-05, Gjilan , completed 
603354,20150,2026-03-05,Ferizaj,PENDING
603355,20483,2026-03-01,PEJA,CANCELLED
603356,20449,2026-05-14,Mitrovice,completed
603357,20500,2026-03-08,MITROVICE,COMPLETED
603358,20665,2026-07-16,Mitrovice,Cancelled
603359,20132,2026-01-16,Peja, completed 
603360,20623,2026-07-21,Vushtrri,pending
603361,20524,2026-04-21, Prizren , refunded 
603362,20219,2026-03-27,Ferizaj,PENDING
603363,20382,2026-03-16,Prishtina,completed
603364,20037,2026-03-27,Prizren,refunded
603365,20112,2026-04-08,Gjakove,pending
603366,20592,2026-02-19, Gjakove ,completed
603367,20614,2026-03-24, Peja ,Completed
603368,20352,2026-05-06,Prizren, pending 
603369,20003,2026-03-20,Prishtina,COMPLETED
603370,20487,2026-06-17, Gjilan ,completed
603371,20002,2026-03-14, Vushtrri ,Pending
603372,20082,2026-01-28,PRISHTINA,completed
603373,20198,2026-04-14,Peja,completed
603374,20147,2026-05-26, Mitrovice ,Completed
603375,20542,2026-03-17,gjilan, pending 
603376,20402,2026-03-16,Ferizaj,completed
603377,20553,2026-04-10,Ferizaj, completed 
603378,20300,2026-07-09,vushtrri,COMPLETED
603379,20208,2026-01-16,Prizren,completed
603380,20567,2026-05-21,gjakove,COMPLETED
603381,20618,2026-06-14,ferizaj, completed 
603382,20172,2026-08-06, Ferizaj ,COMPLETED
603383,20034,2026-04-27, Peja ,pending
603384,20553,2026-05-15,GJAKOVE,COMPLETED
603385,20460,2026-06-05, Gjakove ,COMPLETED
603386,20453,2026-07-15,FERIZAJ,Completed
603387,20229,2026-06-18, Peja , cancelled 
603388,20307,2026-05-25,PRIZREN, completed 
603389,20501,2026-06-16,vushtrri,COMPLETED
603390,20546,2026-06-13,Gjilan,completed
603391,20274,2026-02-12,Vushtrri,Completed
603392,20420,2026-03-07,Vushtrri, pending 
603393,20621,2026-04-09, Vushtrri ,completed
603394,20496,2026-05-05,Ferizaj,Completed
603395,20108,2026-04-17,Gjilan, pending 
603396,20415,2026-05-25,Peja,completed
603397,20569,2026-06-13,Mitrovice, completed 
603398,20272,2026-02-28,MITROVICE,pending
603399,20143,2026-01-12,MITROVICE,completed
603400,20113,2026-01-20,peja, cancelled 
603401,20367,2026-03-29,FERIZAJ,COMPLETED
603402,20008,2026-03-21,GJAKOVE, refunded 
603403,20178,2026-07-02,Gjakovë, completed 
603404,20177,2026-08-02,Prizren,COMPLETED
603405,20052,2026-07-25,PEJA,Completed
603406,20423,2026-02-21,Gjilan,completed
603407,20405,2026-07-02, Mitrovice ,completed
603408,20143,2026-07-26,ferizaj, completed 
603409,20281,2026-02-20,Prizren,Completed
603410,20034,2026-05-13,prishtina,Pending
603411,20231,2026-03-04,Prishtina, completed 
603412,20421,2026-04-30,PRIZREN, pending 
603413,20337,2026-04-08,Gjilan,COMPLETED
603414,20266,2026-04-25,Prishtina, completed 
603415,20269,2026-07-17,Gjakove,completed
603416,20360,2026-01-24, Mitrovice ,completed
603417,20016,2026-01-05,PRISHTINA,completed
603418,20449,2026-01-12,PRIZREN, completed 
603419,20535,2026-01-14,Mitrovice,PENDING
603420,20496,2026-05-12, Gjilan ,canceled
603421,20482,2026-01-10, Vushtrri ,refunded
603422,20195,2026-06-03,vushtrri,completed
603423,20292,2026-07-07,gjilan,completed
603424,20162,2026-07-23,gjakove,Pending
603425,20115,2026-02-27, Mitrovice ,COMPLETED
603426,20067,2026-06-07,Gjilan,refunded
603427,20173,2026-02-23,Gjilan,Completed
603428,20032,2026-01-13,Prizren, completed 
603429,20515,2026-05-16,GJAKOVE,COMPLETED
603430,20063,2026-06-19,Gjilan,Completed
603431,20296,2026-07-20,gjilan, completed 
603432,20069,2026-06-03, Gjakove , completed 
603433,20190,2026-04-15,PEJA,COMPLETED
603434,20089,2026-01-01,Mitrovice,Completed
603435,20144,2026-02-05,Vushtrri,completed
603436,20489,2026-01-14,Vushtrri,pending
603437,20065,2026-01-22,Ferizaj,completed
603438,20626,2026-01-02,peja,PENDING
603439,20044,2026-01-04,vushtrri,PENDING
603440,20353,2026-06-09,mitrovice,CANCELLED
603441,20400,2026-05-12,gjilan,completed
603442,20246,2026-04-27,prishtina, completed 
603443,20169,2026-06-14, Vushtrri ,completed
603444,20372,2026-07-10,Ferizaj,Completed
603445,20213,2026-06-21,Prizren,Refunded
603446,20092,2026-04-15,Vushtrri,pending
603447,20115,2026-02-23,Prishtina, cancelled 
603448,20125,2026-04-28,vushtrri,cancelled
603449,20502,2026-05-09,prizren,COMPLETED
603450,20652,2026-03-16,PEJA, completed 
603451,20173,2026-04-21, Ferizaj ,COMPLETED
603452,20570,2026-02-14,Gjakovë,completed
603453,20257,2026-01-03,Ferizaj, completed 
603454,20204,2026-02-04, Peja , completed 
603455,20685,2026-02-03,Prishtina, completed 
603456,20279,2026-08-02,mitrovice,COMPLETED
603457,20594,2026-06-27,Ferizaj,completed
603458,20321,2026-04-10,prishtina,completed
603459,20167,2026-06-09,Ferizaj,completed
603460,20669,2026-07-18,Gjilan,COMPLETED
603461,20198,2026-06-09,Ferizaj,Refunded
603462,20616,2026-03-17, Mitrovice ,Completed
603463,20392,2026-04-16, Gjakove , pending 
603464,20655,2026-07-23,PRIZREN,refunded
603465,20336,2026-01-12,Prishtina, completed 
603466,20153,2026-05-31,vushtrri,canceled
603467,20589,2026-06-16,MITROVICE,Completed
603468,20253,2026-04-15,GJILAN,completed
603469,20427,2026-08-07,gjakove,Completed
603470,20407,2026-03-21,Prizren,Completed
603471,20227,2026-04-08,Ferizaj,Cancelled
603472,20386,2026-03-21,Vushtrri,COMPLETED
603473,20194,2026-05-17,prishtina,completed
603474,20554,2026-07-01,Ferizaj,Pending
603475,20641,2026-02-08,Ferizaj,Completed
603476,20164,2026-07-14,Peja,COMPLETED
603477,20686,2026-05-26,Gjilan,pending
603478,20170,2026-01-14,FERIZAJ,completed
603479,20025,2026-05-01,FERIZAJ, completed 
603480,20129,2026-04-02,Mitrovice,refunded
603481,20472,2026-01-19,GJAKOVE,REFUNDED
603482,20109,2026-06-23,Gjakove,Completed
603483,20339,2026-04-20,Vushtrri, completed 
603484,20557,2026-03-17, Gjilan ,completed
603485,20111,2026-03-14, Vushtrri , completed 
603486,20247,2026-03-11, Vushtrri ,Pending
603487,20632,2026-02-28,Prishtina,Completed
603488,20596,2026-04-11,Ferizaj,completed
603489,20119,2026-04-12,Prizren,completed
603490,20176,2026-05-24,peja, completed 
603491,20361,2026-02-13,gjilan,completed
603492,20351,2026-08-08,mitrovice,Refunded
603493,20525,2026-07-14,Vushtrri,completed
603494,20556,2026-07-28,prishtina,completed
603495,20384,2026-01-01,GJAKOVE,COMPLETED
603496,20086,2026-06-14,Prizren,REFUNDED
603497,20445,2026-03-28,prishtina,Completed
603498,20521,2026-01-02, Gjakove ,completed
603499,20291,2026-05-07,GJAKOVE,Completed
603500,20051,2026-05-01,gjakove,completed
603501,20450,2026-05-26,Prishtina,COMPLETED
603502,20247,2026-03-08,PRIZREN,cancelled
603503,20185,2026-08-02,Vushtrri,canceled
603504,20506,2026-01-14,MITROVICE,completed
603505,20278,2026-02-14,Gjakove,Completed
603506,20362,2026-03-13,FERIZAJ,COMPLETED
603507,20112,2026-07-07,vushtrri, completed 
603508,20314,2026-04-20,VUSHTRRI,completed
603509,20259,2026-01-28,Prizren,PENDING
603510,20613,2026-03-05, Mitrovice ,Completed
603511,20367,2026-01-04,Mitrovicë,completed
603512,20275,2026-07-26,Peja,Completed
603513,20013,2026-05-26,Gjakovë,COMPLETED
603514,20170,2026-06-03, Peja ,Completed
603515,20615,2026-08-06,Prizren, completed 
603516,20024,2026-08-07,Peja,Completed
603517,20325,2026-07-15,peja,COMPLETED
603518,20208,2026-07-18,Vushtrri,Refunded
603519,20637,2026-07-24, Vushtrri ,cancelled
603520,20310,2026-05-15,gjilan,completed
603521,20106,2026-01-12,Ferizaj,Completed
603522,20405,2026-08-07, Prishtina ,Completed
603523,20022,2026-07-30,Peja,completed
603524,20591,2026-05-13,Prishtina,completed
603525,20307,2026-05-17,Peja,Completed
603526,20010,2026-05-13,Prishtina,refunded
603527,20264,2026-04-30, Prizren , cancelled 
603528,20679,2026-07-05,Mitrovicë,Completed
603529,20695,2026-02-08,ferizaj,cancelled
603530,20114,2026-03-24,Vushtrri,refunded
603531,20357,2026-07-21, Gjilan ,COMPLETED
603532,20223,2026-03-02, Prishtina ,REFUNDED
603533,20049,2026-04-05,MITROVICE,completed
603534,20133,2026-03-17,prishtina,completed
603535,20397,2026-02-21, Prizren ,completed
603536,20482,2026-03-19,Mitrovicë,Completed
603537,20189,2026-01-11,PEJA,refunded
603538,20146,2026-06-07, Ferizaj ,completed
603539,20235,2026-03-16, Gjilan ,Completed
603540,20217,2026-04-10,GJAKOVE, completed 
603541,20346,2026-01-13,peja,completed
603542,20100,2026-06-14,Gjakove,Completed
603543,20026,2026-08-07,Prishtina,completed
603544,20138,2026-05-20,Mitrovicë, completed 
603545,20150,2026-01-25,Prishtina, pending 
603546,20021,2026-03-07,Vushtrri,completed
603547,20022,2026-07-03,Vushtrri,completed
603548,20119,2026-04-27,Peja,completed
603549,20277,2026-03-05,GJILAN, pending 
603550,20065,2026-05-08,peja,completed
603551,20230,2026-04-30,Peja,Completed
603552,20367,2026-05-30,Gjakovë,PENDING
603553,20676,2026-01-31, Vushtrri ,canceled
603554,20012,2026-06-27,Mitrovicë, completed 
603555,20410,2026-06-07,Mitrovice,Completed
603556,20118,2026-01-08, Mitrovice , completed 
603557,20206,2026-02-05,FERIZAJ,completed
603558,20105,2026-02-21,Peja,Completed
603559,90086,2026-08-01, Prishtina ,Completed
603560,20175,2026-03-25,Prizren, cancelled 
603561,90085,2026-04-08,prizren,Completed
603562,20669,2026-04-01,Gjilan,REFUNDED
603563,20100,2026-05-15,GJILAN,completed
603564,20618,2026-05-26, Gjilan ,Cancelled
603565,20393,2026-08-08,mitrovice,completed
603566,20254,2026-04-12,PEJA,Completed
603567,20233,2026-01-13,Gjilan, completed 
603568,20446,2026-07-03,Prizren,Completed
603569,20504,2026-05-22,peja,PENDING
603570,20118,2026-03-02,Vushtrri, completed 
603571,20041,2026-05-26,Prizren,COMPLETED
603572,20135,2026-06-25,Prishtina,completed
603573,20641,2026-01-12,Prishtina,canceled
603574,20366,2026-02-01, Vushtrri ,Completed
603575,20109,2026-07-06,prizren,completed
603576,20614,2026-06-05,Peja,pending
603577,20225,2026-04-20,Prishtina,PENDING
603578,20308,2026-02-26,gjilan,completed
603579,20170,2026-07-13,PEJA,Pending
603580,20590,2026-05-08,Peja, refunded 
603581,90085,2026-04-01, Prishtina ,Completed
603582,20539,2026-01-30,Gjilan, pending 
603583,20625,2026-07-07,GJAKOVE,COMPLETED
603584,20012,2026-04-13,gjilan,Completed
603585,20390,2026-04-26,Prizren, completed 
603586,20567,2026-06-04, Gjilan ,Completed
603587,20368,2026-05-17,FERIZAJ,canceled
603588,20186,2026-07-29, Prizren ,completed
603589,20635,2026-02-28,Mitrovicë,completed
603590,20299,2026-04-18,Gjilan,completed
603591,20537,2026-02-17,Prizren,cancelled
603592,20475,2026-01-20,PRISHTINA,completed
603593,20675,2026-04-20,Ferizaj, completed 
603594,20079,2026-08-01,prizren, refunded 
603595,20414,2026-05-09,ferizaj,COMPLETED
603596,20084,2026-02-04, Vushtrri ,cancelled
603597,20130,2026-05-24,Ferizaj,Refunded
603598,20078,2026-04-13,Gjakovë,COMPLETED
603599,20038,2026-05-02, Ferizaj ,pending
603600,20269,2026-05-19,Vushtrri, refunded 
603601,20135,2026-01-21,PRISHTINA,Completed
603602,20327,2026-03-31,prishtina,completed
603603,20009,2026-06-16,GJAKOVE,COMPLETED
603604,20656,2026-02-02,gjakove,CANCELLED
603605,20055,2026-02-05,gjilan,COMPLETED
603606,20382,2026-03-25,Peja,Completed
603607,20112,2026-01-20,PEJA,Cancelled
603608,20435,2026-07-09,gjilan, completed 
603609,20269,2026-08-03,MITROVICE, pending 
603610,20091,2026-04-23,Mitrovice, completed 
603611,20131,2026-07-07,prishtina,completed
603612,20008,2026-03-18,Prishtina,Completed
603613,20458,2026-05-28, Gjilan ,cancelled
603614,20488,2026-03-27, Prizren ,canceled
603615,20201,2026-04-04,Vushtrri,completed
603616,20459,2026-07-06,Gjakove,completed
603617,20009,2026-01-17,Peja,COMPLETED
603618,20183,2026-05-09, Prizren ,Completed
603619,20204,2026-05-29,peja,Pending
603620,20219,2026-05-27,PRISHTINA, completed 
603621,20371,2026-07-29,Peja,refunded
603622,20427,2026-05-14,Gjilan,cancelled
603623,20502,2026-03-17,PRIZREN, refunded 
603624,20660,2026-01-25,prizren, completed 
603625,20020,2026-02-05,Gjilan,COMPLETED
603626,20431,2026-06-06, Ferizaj ,completed
603627,20276,2026-04-09,PEJA,refunded
603628,20076,2026-07-23,FERIZAJ,COMPLETED
603629,20092,2026-01-27,PRIZREN,COMPLETED
603630,20470,2026-04-01,gjilan,COMPLETED
603631,20099,2026-07-16,Peja,Completed
603632,20069,2026-01-30, Gjilan ,Completed
603633,20026,2026-03-17, Mitrovice , completed 
603634,20327,2026-05-08, Gjilan ,REFUNDED
603635,90004,2026-03-27,FERIZAJ,Completed
603636,20581,2026-06-22,gjakove, completed 
603637,20444,2026-02-07,Vushtrri,PENDING
603638,20521,2026-08-05,GJAKOVE,canceled
603639,20191,2026-03-14,MITROVICE,COMPLETED
603640,20031,2026-05-03, Gjilan ,Refunded
603641,20016,2026-02-28, Prizren ,completed
603642,20122,2026-08-05,PRIZREN,canceled
603643,20677,2026-05-25,vushtrri,cancelled
603644,20182,2026-02-02,Prizren,REFUNDED
603645,20269,2026-03-02,prizren,COMPLETED
603646,20591,2026-03-20,vushtrri, completed 
603647,20238,2026-06-17, Ferizaj ,CANCELLED
603648,20550,2026-02-01,prishtina,COMPLETED
603649,20185,2026-04-29, Ferizaj ,refunded
603650,20586,2026-01-15,Gjakovë, completed 
603651,20320,2026-02-18,vushtrri,COMPLETED
603652,20199,2026-01-04, Ferizaj , completed 
603653,20652,2026-06-06,PRIZREN,completed
603654,20129,2026-01-11,Ferizaj,COMPLETED
603655,20572,2026-07-28,mitrovice,completed
603656,20322,2026-05-23, Gjilan ,CANCELLED
603657,20567,2026-07-06,Peja,COMPLETED
603658,20342,2026-06-21, Vushtrri ,completed
603659,20530,2026-03-22,Ferizaj, completed 
603660,20304,2026-06-26,Ferizaj,REFUNDED
603661,20059,2026-05-06, Vushtrri ,REFUNDED
603662,20289,2026-07-23,Peja,pending
603663,20485,2026-04-04,Peja, completed 
603664,20500,2026-03-28,Gjakove,completed
603665,20255,2026-04-27,prishtina, completed 
603666,20634,2026-07-03, Mitrovice ,Refunded
603667,20167,2026-03-22,VUSHTRRI,pending
603668,20064,2026-03-20,Mitrovicë,REFUNDED
603669,20118,2026-03-04, Ferizaj ,COMPLETED
603670,20511,2026-04-25,mitrovice,Pending
603671,20131,2026-07-29,Peja,pending
603672,20446,2026-05-15,Gjakovë,completed
603673,20199,2026-04-07, Vushtrri ,Cancelled
603674,20212,2026-01-02,Mitrovice,cancelled
603675,20392,2026-06-08,Peja,COMPLETED
603676,20508,2026-06-18,Ferizaj,Completed
603677,20374,2026-07-17, Gjilan , completed 
603678,20386,2026-02-20,GJAKOVE,canceled
603679,20175,2026-02-03,MITROVICE,COMPLETED
603680,20618,2026-04-21,Mitrovicë, completed 
603681,20485,2026-02-28,vushtrri, completed 
603682,20448,2026-05-03, Prizren ,completed
603683,20680,2026-05-25,Gjilan,completed
603684,20493,2026-02-20,Vushtrri,completed
603685,20139,2026-05-06,Gjilan,completed
603686,20518,2026-03-17,GJILAN,completed
603687,20459,2026-04-01,Mitrovicë, completed 
603688,20340,2026-01-15,VUSHTRRI,completed
603689,20258,2026-06-16,gjilan,completed
603690,90019,2026-04-20,Prishtina,completed
603691,20441,2026-02-19,Prishtina,pending
603692,20461,2026-07-14,VUSHTRRI,COMPLETED
603693,20371,2026-06-15, Prishtina ,pending
603694,20102,2026-01-03, Prishtina , completed 
603695,20139,2026-05-04, Gjilan ,completed
603696,20488,2026-05-17,vushtrri,completed
603697,20433,2026-02-02,prizren,COMPLETED
603698,20294,2026-04-05,Peja,completed
603699,20585,2026-01-05,prizren,completed
603700,20297,2026-04-11,Prishtina, completed 
603701,20492,2026-05-20,VUSHTRRI,Completed
603702,20692,2026-07-27,gjilan,PENDING
603703,20410,2026-06-18,Mitrovicë,Completed
603704,20227,2026-02-02,GJILAN,cancelled
603705,20366,2026-99-40,Prishtina,refunded
603706,20459,2026-04-25,Ferizaj,COMPLETED
603707,20182,2026-05-30,PRISHTINA,Completed
603708,20396,2026-04-16,mitrovice,Cancelled
603709,20283,2026-07-04,Peja,completed
603710,20609,2026-03-29,Prishtina,Pending
603711,20343,2026-06-08, Gjilan ,canceled
603712,20101,2026-06-08,VUSHTRRI,unknown
603713,20096,2026-04-04, Gjilan , completed 
603714,20261,2026-07-25,Gjilan,completed
603715,20260,2026-01-02,GJILAN,completed
603716,20101,2026-06-29,Vushtrri,completed
603717,20422,2026-05-04,prizren, completed 
603718,20557,2026-06-29,Prizren,Completed
603719,20442,2026-07-13,VUSHTRRI,COMPLETED
603720,20634,2026-01-13, Vushtrri ,completed
603721,20613,2026-04-20,peja,COMPLETED
603722,20100,2026-03-30,Prishtina,completed
603723,20057,2026-06-15,FERIZAJ,completed
603724,20032,2026-02-23, Mitrovice ,CANCELLED
603725,20273,2026-01-01,MITROVICE,COMPLETED
603726,20260,2026-07-31, Mitrovice , completed 
603727,20088,2026-08-04,Peja,COMPLETED
603728,20371,2026-05-28, Vushtrri , pending 
603729,20291,2026-02-06,Peja,COMPLETED
603730,20483,2026-07-18,prizren,COMPLETED
603731,20256,2026-07-19,prishtina,COMPLETED
603732,20090,2026-05-31,Vushtrri,Pending
603733,20279,2026-07-13,Peja,completed
603734,20573,2026-06-25,Prizren,COMPLETED
603735,20695,2026-01-10,gjilan,COMPLETED
603736,20120,2026-03-20,Gjilan,COMPLETED
603737,20122,2026-07-15,Prizren,completed
603738,20184,2026-07-02,PRIZREN,Completed
603739,20372,2026-06-30, Peja ,Completed
603740,20077,2026-04-13,mitrovice, completed 
603741,20195,2026-03-09,Prizren,COMPLETED
603742,20253,2026-06-12, Gjakove ,Completed
603743,20501,2026-03-02, Ferizaj ,completed
603744,20159,2026-03-28,Gjakovë,completed
603745,20175,2026-07-08, Prizren ,COMPLETED
603746,20631,2026-07-22,Prizren,completed
603747,20562,2026-06-03,prishtina,completed
603748,20597,2026-05-10,Prizren,Pending
603749,20168,2026-01-23,GJAKOVE,COMPLETED
603750,20688,2026-02-22,FERIZAJ,completed
603751,20474,2026-07-11,GJAKOVE,Completed
603752,20649,2026-02-28,Mitrovicë,refunded
603753,20301,2026-03-16, Mitrovice ,PENDING
603754,20547,2026-07-16,Ferizaj,completed
603755,20600,2026-99-40,PRISHTINA,Refunded
603756,20476,2026-04-08,vushtrri,completed
603757,90037,2026-04-05,peja,COMPLETED
603758,20622,2026-04-16, Mitrovice ,COMPLETED
603759,20177,2026-06-11, Prishtina ,COMPLETED
603760,20652,2026-02-11,gjakove,canceled
603761,20486,2026-03-22,mitrovice, cancelled 
603762,20487,2026-02-05, Gjilan ,PENDING
603763,20331,2026-01-25,Gjilan,CANCELLED
603764,20523,2026-05-30,Mitrovice,completed
603765,20576,2026-05-16, Gjilan ,Completed
603766,20663,2026-08-06,Gjakovë, completed 
603767,20032,2026-01-27, Mitrovice , completed 
603768,20087,2026-04-23,Prizren, completed 
603769,20362,2026-01-30,Mitrovice,unknown
603770,20360,2026-07-25, Peja ,COMPLETED
603771,20429,2026-05-04, Vushtrri ,REFUNDED
603772,20608,2026-06-24,Prishtina,PENDING
603773,20423,2026-06-05,PRIZREN,Completed
603774,20538,2026-01-11,PEJA,REFUNDED
603775,20163,2026-04-27,Ferizaj,completed
603776,20202,2026-05-13,Prishtina,COMPLETED
603777,20247,2026-02-05, Gjakove ,COMPLETED
603778,20618,2026-03-14, Ferizaj , completed 
603779,20508,2026-05-03,Gjilan,completed
603780,20322,2026-03-21,gjilan,COMPLETED
603781,20193,2026-03-14,Peja,Completed
603782,20189,2026-05-03, Mitrovice , refunded 
603783,20151,2026-04-04, Prishtina ,PENDING
603784,20087,2026-04-03, Gjilan ,Completed
603785,20178,2026-05-15, Ferizaj ,Completed
603786,20521,2026-07-08,FERIZAJ, refunded 
603787,20250,2026-01-17,Peja,pending
603788,20459,2026-04-21,Gjakove,completed
603789,20147,2026-04-07,Ferizaj,Completed
603790,20096,2026-04-27,PRISHTINA, completed 
603791,20052,2026-03-23,Gjakove,completed
603792,20536,2026-07-24, Ferizaj ,completed
603793,20336,2026-05-20, Gjilan , completed 
603794,20012,2026-05-02,vushtrri,completed
603795,20016,2026-06-04,Gjakovë, cancelled 
603796,20282,2026-04-29,GJAKOVE,COMPLETED
603797,20553,2026-05-27,Ferizaj,COMPLETED
603798,90006,2026-02-09,Ferizaj,completed
603799,20596,2026-03-24,Gjilan,completed
603800,20376,2026-05-10, Vushtrri ,completed
603801,20156,2026-06-29,peja,CANCELLED
603802,20126,2026-05-02,PRIZREN, completed 
603803,20356,2026-08-01,Mitrovicë,Cancelled
603804,20492,2026-05-09,vushtrri,completed
603805,20695,2026-05-30, Vushtrri , pending 
603806,20115,2026-05-24,GJAKOVE,completed
603807,20631,2026-03-15,Ferizaj,COMPLETED
603808,20667,2026-01-10, Mitrovice , completed 
603809,20549,2026-03-14,prizren,completed
603810,20299,2026-01-24, Peja ,completed
603811,20503,2026-07-12, Prizren ,refunded
603812,20552,2026-01-29,Gjilan,Completed
603813,20104,2026-01-31,Ferizaj,completed
603814,20133,2026-04-26,PRIZREN,completed
603815,20139,2026-06-18,Gjilan,Completed
603816,20202,2026-02-27,VUSHTRRI,completed
603817,20345,2026-07-19,FERIZAJ,Pending
603818,20317,2026-06-11,Gjilan,Completed
603819,20468,2026-08-08,Prizren,Completed
603820,20630,2026-08-02,gjilan, refunded 
603821,20634,2026-07-28, Gjilan ,cancelled
603822,20276,2026-07-13,FERIZAJ, refunded 
603823,20376,2026-07-31,Prizren,canceled
603824,20279,2026-06-28, Ferizaj , completed 
603825,20196,2026-06-25,GJILAN, completed 
603826,20636,2026-04-23,Peja, completed 
603827,20142,2026-07-13,prishtina,pending
603828,20586,2026-01-06, Gjilan ,Completed
603829,20489,2026-04-28, Prishtina ,Completed
603830,20431,2026-03-21,Prishtina,completed
603831,20614,2026-07-14,PRIZREN,COMPLETED
603832,20193,2026-02-20,Prishtina,COMPLETED
603833,20078,2026-03-20,FERIZAJ, completed 
603834,20428,2026-04-01,Gjilan,Completed
603835,20578,2026-03-16, Gjilan ,PENDING
603836,20431,2026-02-20,peja, completed 
603837,20248,2026-04-19,Vushtrri,completed
603838,20551,2026-07-22,Prizren, cancelled 
603839,20219,2026-04-13,Vushtrri, completed 
603840,20198,2026-03-13, Prizren ,Completed
603841,20508,2026-07-09,Prishtina,COMPLETED
603842,20524,2026-03-06,ferizaj,refunded
603843,20547,2026-05-31, Vushtrri ,COMPLETED
603844,20600,2026-05-08,vushtrri,COMPLETED
603845,20016,2026-07-15,GJILAN,completed
603846,20480,2026-07-26, Peja , refunded 
603847,20236,2026-06-11,Peja,completed
603848,20171,2026-04-04, Prishtina ,Completed
603849,20577,2026-03-14,Gjakove,completed
603850,20295,2026-01-19,GJAKOVE, cancelled 
603851,20026,2026-07-14,PRISHTINA, completed 
603852,20146,2026-04-12,Mitrovice,Completed
603853,20131,2026-08-02,Mitrovice,pending
603854,20672,2026-06-08,MITROVICE,COMPLETED
603855,20429,2026-06-29,ferizaj,pending
603856,20472,2026-05-26,PRISHTINA,PENDING
603857,20319,2026-08-02,Peja,completed
603858,20147,2026-05-10,Vushtrri,Completed
603859,20545,2026-01-19,PEJA,COMPLETED
603860,20030,2026-02-10,ferizaj,completed
603861,20329,2026-06-13,Peja,completed
603862,20550,2026-02-13,Gjakove,canceled
603863,20472,2026-03-08,MITROVICE,completed
603864,20425,2026-02-13,Vushtrri, completed 
603865,20551,2026-01-22,Prizren,Completed
603866,20039,2026-06-17,prizren,CANCELLED
603867,20596,2026-01-08,Mitrovicë,completed
603868,20537,2026-02-12, Ferizaj ,Completed
603869,20004,2026-04-23,gjilan, pending 
603870,20374,2026-07-21,Gjakove,Refunded
603871,20698,2026-04-05,Mitrovicë,completed
603872,20488,2026-03-20,PEJA,Completed
603873,20030,2026-02-26, Mitrovice ,completed
603874,20312,2026-04-10,Ferizaj,completed
603875,20142,2026-02-18,Gjakove,Refunded
603876,20263,2026-05-02,gjakove, completed 
603877,20337,2026-07-14,Gjilan,completed
603878,20141,2026-02-15,Prishtina,Completed
603879,20415,2026-01-17, Gjilan , completed 
603880,20042,2026-05-21,Prizren,completed
603881,20150,2026-03-23,Vushtrri, completed 
603882,20225,2026-02-16,prizren, completed 
603883,20144,2026-07-15,Mitrovice, completed 
603884,20420,2026-02-26,Gjilan,Completed
603885,20633,2026-01-24,ferizaj,pending
603886,20453,2026-06-17,vushtrri,Completed
603887,20688,2026-05-07,peja,Completed
603888,20032,2026-05-26,Peja,canceled
603889,20156,2026-04-16,mitrovice,Cancelled
603890,20174,2026-05-22,GJAKOVE, completed 
603891,20193,2026-07-18, Gjakove ,COMPLETED
603892,20500,2026-03-18,Peja,completed
603893,20333,2026-07-01,Ferizaj,Completed
603894,20647,2026-06-23, Vushtrri ,completed
603895,20166,2026-05-03,PRISHTINA, pending 
603896,20243,2026-04-30,PEJA,completed
603897,20114,2026-06-08,Ferizaj,COMPLETED
603898,20052,2026-05-12,Mitrovice, completed 
603899,20447,2026-04-12,VUSHTRRI,completed
603900,20684,2026-07-22, Prizren , completed 
603901,20263,2026-06-29,peja,completed
603902,20676,2026-05-15,prizren,Pending
603903,20289,2026-06-28, Gjilan ,Pending
603904,20514,2026-07-17,PEJA,refunded
603905,20249,2026-05-10,Gjilan, completed 
603906,20621,2026-05-12,Gjakovë,unknown
603907,20144,2026-07-06,prizren,Completed
603908,20570,2026-02-19,Prishtina,COMPLETED
603909,20497,2026-05-03,PRIZREN,Completed
603910,20126,2026-05-20,Ferizaj,pending
603911,20498,2026-02-23,VUSHTRRI,Completed
603912,20492,2026-03-01,VUSHTRRI,refunded
603913,20026,2026-06-24,Mitrovicë,completed
603914,20478,2026-05-10,Vushtrri,completed
603915,20504,2026-08-02,PRISHTINA,PENDING
603916,20677,2026-02-07, Ferizaj ,completed
603917,20689,2026-04-23, Peja , completed 
603918,20203,2026-03-19, Ferizaj ,completed
603919,20390,2026-06-09, Mitrovice ,refunded
603920,20383,2026-01-27,Gjakove,completed
603921,20544,2026-02-19,Vushtrri,completed
603922,20336,2026-06-06,FERIZAJ, completed 
603923,20644,2026-03-24,Prishtina, completed 
603924,20052,2026-08-09,GJILAN,completed
603925,20677,2026-01-06,GJAKOVE,CANCELLED
603926,20506,2026-03-25,PEJA,COMPLETED
603927,20253,2026-06-24,Peja,COMPLETED
603928,20505,2026-03-08, Vushtrri ,Completed
603929,20419,2026-04-04, Peja , completed 
603930,20157,2026-04-09,Mitrovicë, refunded 
603931,20557,2026-04-03, Mitrovice , completed 
603932,20153,2026-04-06,Gjilan,completed
603933,20620,2026-06-20,vushtrri,completed
603934,20440,2026-03-05,gjakove,cancelled
603935,20063,2026-04-20, Peja , completed 
603936,20586,2026-02-24, Prishtina ,pending
603937,20640,2026-04-26,PRIZREN,COMPLETED
603938,20089,2026-04-22,VUSHTRRI,pending
603939,20210,2026-01-23,Vushtrri,completed
603940,20351,2026-04-13,Ferizaj,cancelled
603941,20271,2026-07-23,Mitrovice,Completed
603942,20390,2026-05-10, Gjilan ,Completed
603943,20335,2026-03-11,VUSHTRRI,completed
603944,20166,2026-03-08,Gjakovë,completed
603945,20212,2026-03-23,Gjilan,canceled
603946,20431,2026-07-07, Mitrovice ,completed
603947,20699,2026-08-01,Ferizaj, completed 
603948,20375,2026-04-13,PEJA,REFUNDED
603949,20437,2026-05-31,PRISHTINA, completed 
603950,20210,2026-06-24,PRIZREN,pending
603951,20212,2026-04-04,GJILAN,Pending
603952,20517,2026-05-11,vushtrri,completed
603953,20584,2026-06-15,FERIZAJ,COMPLETED
603954,20066,2026-02-10,Peja,PENDING
603955,20398,2026-07-25, Peja ,CANCELLED
603956,20126,2026-01-22,Ferizaj,completed
603957,20388,2026-05-19,gjakove, completed 
603958,20691,2026-04-13,Vushtrri,PENDING
603959,20019,2026-05-17,Gjakovë,Completed
603960,20337,2026-03-29,Mitrovicë,CANCELLED
603961,20638,2026-01-24,VUSHTRRI,COMPLETED
603962,20636,2026-07-01,prishtina,completed
603963,20108,2026-01-06,GJILAN,canceled
603964,20236,2026-03-20,GJILAN,Completed
603965,20696,2026-06-08,Mitrovicë, completed 
603966,20531,2026-06-07,Peja,COMPLETED
603967,20142,2026-07-04,peja,COMPLETED
603968,20231,2026-01-02,Prizren,canceled
603969,20455,2026-07-06,gjakove,PENDING
603970,20150,2026-02-25,MITROVICE,completed
603971,20090,2026-05-28,Prishtina,completed
603972,20426,2026-01-24,Vushtrri,completed
603973,20467,2026-01-20,ferizaj,completed
603974,20366,2026-02-17,GJAKOVE,Completed
603975,20514,2026-04-11,Prishtina,pending
603976,20510,2026-05-28, Prishtina ,completed
603977,20259,2026-01-12, Vushtrri ,canceled
603978,20063,2026-07-15,Prishtina, completed 
603979,20679,2026-05-18,Gjakove,COMPLETED
603980,20518,2026-01-31,vushtrri,PENDING
603981,20244,2026-07-31,GJILAN,completed
603982,20420,2026-05-09,MITROVICE,completed
603983,20191,2026-06-15, Vushtrri ,completed
603984,20464,2026-01-01, Ferizaj ,Completed
603985,20175,2026-07-12,Gjilan,completed
603986,20333,2026-02-02, Gjakove ,cancelled
603987,20144,2026-02-03, Gjilan ,COMPLETED
603988,90036,2026-02-03,VUSHTRRI,completed
603989,20433,2026-01-28,prishtina,Completed
603990,20135,2026-02-01,Vushtrri,COMPLETED
603991,20349,2026-01-29,PRIZREN,pending
603992,20251,2026-07-17,Gjakovë,Completed
603993,20464,2026-03-23,mitrovice,completed
603994,20348,2026-04-13,Ferizaj,completed
603995,20145,2026-07-08, Ferizaj ,REFUNDED
603996,20429,2026-04-11,vushtrri,PENDING
603997,20543,2026-02-10,Mitrovice,COMPLETED
603998,20255,2026-03-25,FERIZAJ,completed
603999,20213,2026-03-13,Prizren,completed
604000,20059,2026-07-29,PRISHTINA,Completed
604001,20349,2026-07-23,ferizaj,Completed
604002,20255,2026-05-28,Prishtina,completed
604003,20022,2026-06-12,prizren,completed
604004,20222,2026-04-08, Ferizaj , completed 
604005,20654,2026-06-07,peja,completed
604006,20207,2026-08-01, Peja ,completed
604007,90100,2026-01-22,prishtina,completed
604008,20669,2026-06-29, Mitrovice ,refunded
604009,20422,2026-07-15,Prizren,REFUNDED
604010,20494,2026-06-13,Vushtrri, pending 
604011,20013,2026-01-08,prizren,Completed
604012,20580,2026-03-31, Vushtrri ,pending
604013,20012,2026-02-09, Ferizaj ,Completed
604014,90078,2026-03-26,GJAKOVE,refunded
604015,20532,2026-01-24,vushtrri,completed
604016,20421,2026-03-28,Peja, cancelled 
604017,20333,2026-06-03,Gjakove,completed
604018,20642,2026-07-10,Ferizaj,completed
604019,20298,2026-04-05, Gjilan ,Completed
604020,20513,2026-07-19,PEJA,Refunded
604021,20488,2026-04-07, Ferizaj ,Completed
604022,20452,2026-03-12,Prishtina,cancelled
604023,90003,2026-06-02,MITROVICE, completed 
604024,20567,2026-07-15,Mitrovicë,completed
604025,20271,2026-06-29,Peja,completed
604026,20186,2026-05-06, Gjakove ,COMPLETED
604027,20670,2026-02-09,gjakove, completed 
604028,20649,2026-07-05,Gjakove,completed
604029,20308,2026-03-19,Peja,CANCELLED
604030,20543,2026-03-28,prishtina, completed 
604031,20478,2026-05-03,Ferizaj,Completed
604032,20184,2026-01-05, Gjakove , pending 
604033,20404,2026-04-12,Vushtrri,cancelled
604034,20086,2026-02-27,prizren,Cancelled
604035,20639,2026-05-15, Vushtrri ,Completed
604036,20678,2026-06-11,FERIZAJ,COMPLETED
604037,20547,2026-05-06,peja,completed
604038,20350,2026-03-06,gjakove,completed
604039,20395,2026-04-16,MITROVICE,pending
604040,20682,2026-02-04, Gjakove ,completed
604041,20159,2026-07-22,gjakove,Completed
604042,20044,2026-08-03,Gjakovë,CANCELLED
604043,20664,2026-01-26,Mitrovice, completed 
604044,20652,2026-02-08,prishtina,pending
604045,20594,2026-05-09, Prishtina , refunded 
604046,20269,2026-03-10, Gjakove ,Completed
604047,20062,2026-04-03,Prizren,completed
604048,20220,2026-07-14,Gjakove,completed
604049,20251,2026-03-01,MITROVICE,Pending
604050,20227,2026-01-31,MITROVICE,completed
604051,20469,2026-05-05,Prishtina, cancelled 
604052,20128,2026-05-08,ferizaj,completed
604053,20225,2026-02-09,Mitrovicë,canceled
604054,90023,2026-02-14, Vushtrri ,Completed
604055,20100,2026-06-17,PRISHTINA,COMPLETED
604056,20696,2026-02-08,Ferizaj,refunded
604057,20568,2026-01-04,Prizren,Refunded
604058,20247,2026-04-13,Vushtrri,COMPLETED
604059,20192,2026-02-12,Ferizaj,Completed
604060,20226,2026-06-02,Ferizaj, refunded 
604061,20126,2026-06-25,peja,COMPLETED
604062,20269,2026-03-20,Ferizaj, pending 
604063,20651,2026-08-03,GJILAN,Refunded
604064,20353,2026-04-07,prizren,completed
604065,20273,2026-01-07,Peja,completed
604066,20310,2026-02-17,Ferizaj, completed 
604067,20009,2026-08-08,Gjakovë, completed 
604068,20419,2026-05-12,vushtrri,Completed
604069,20547,2026-07-28,GJAKOVE,Completed
604070,20574,2026-03-15,Gjakovë,Completed
604071,20434,2026-05-19,Prizren,Cancelled
604072,20485,2026-02-15,Vushtrri,Pending
604073,20154,2026-05-16, Peja ,cancelled
604074,20284,2026-08-08,gjilan,Completed
604075,20257,2026-02-25, Prizren ,completed
604076,20225,2026-03-05, Prishtina ,refunded
604077,20267,2026-07-31, Gjakove , pending 
604078,20386,2026-04-06,Prizren,completed
604079,20181,2026-07-18, Prishtina ,completed
604080,20442,2026-01-25, Gjakove , refunded 
604081,90069,2026-06-26,PEJA,completed
604082,20036,2026-03-08,peja,completed
604083,20341,2026-06-14,Gjilan,completed
604084,20537,2026-05-11,Vushtrri,PENDING
604085,20655,2026-02-27, Prishtina ,completed
604086,20149,2026-08-02,Mitrovicë,Completed
604087,20522,2026-03-09,mitrovice, pending 
604088,20079,2026-06-24,GJILAN,completed
604089,20186,2026-05-07,Gjilan,Completed
604090,20571,2026-04-10,Mitrovicë, completed 
604091,20168,2026-05-11,PEJA,completed
604092,20120,2026-04-12,PRISHTINA,Cancelled
604093,20011,2026-08-03,Gjakovë,completed
604094,20117,2026-05-19,Vushtrri,pending
604095,20367,2026-05-27,PRISHTINA,pending
604096,20624,2026-01-12,ferizaj,completed
604097,20171,2026-05-11,PRISHTINA, cancelled 
604098,20354,2026-05-26, Mitrovice ,completed
604099,20407,2026-07-14, Gjilan ,COMPLETED
604100,20603,2026-01-03,Prizren,completed
604101,20545,2026-02-16,PRISHTINA, completed 
604102,20586,2026-01-09,GJAKOVE,refunded
604103,20480,2026-06-14,ferizaj,pending
604104,20019,2026-05-25,Peja, pending 
604105,20633,2026-03-07,VUSHTRRI,refunded
604106,20412,2026-03-29,Gjilan,completed
604107,20454,2026-01-30,ferizaj,refunded
604108,20683,2026-05-06,Prizren,Cancelled
604109,20240,2026-06-07,Mitrovicë, completed 
604110,20195,2026-06-21,Peja,completed
604111,20023,2026-01-02,peja, pending 
604112,20332,2026-03-13,Prizren,COMPLETED
604113,20506,2026-06-20,Mitrovicë,Pending
604114,20112,2026-01-28,peja, cancelled 
604115,20582,2026-01-29, Gjakove ,completed
604116,20611,2026-04-01,PRIZREN,completed
604117,20351,2026-04-12,Prizren,REFUNDED
604118,20578,2026-01-03,MITROVICE,cancelled
604119,20640,2026-05-22,gjilan, cancelled 
604120,20046,2026-05-05,peja,COMPLETED
604121,20130,2026-01-23,Mitrovice,Completed
604122,20303,2026-04-18, Prishtina ,CANCELLED
604123,20437,2026-03-15,prizren,COMPLETED
604124,20463,2026-01-30,prizren,COMPLETED
604125,20197,2026-05-16, Mitrovice ,COMPLETED
604126,20334,2026-04-02,Prishtina,cancelled
604127,20126,2026-04-29,prizren,CANCELLED
604128,20555,2026-04-10,PRISHTINA,canceled
604129,20190,2026-05-29, Vushtrri ,Completed
604130,20114,2026-05-05,VUSHTRRI, completed 
604131,20543,2026-01-14, Mitrovice ,completed
604132,20695,2026-06-05,Ferizaj,completed
604133,90032,2026-01-22,PRIZREN,Refunded
604134,20327,2026-07-12, Peja ,completed
604135,20447,2026-01-14,Gjakovë,Completed
604136,20416,2026-04-20,PRISHTINA,Completed
604137,20244,2026-05-03,Gjilan,Completed
604138,20027,2026-03-13,Peja,refunded
604139,20276,2026-04-11,mitrovice,PENDING
604140,20346,2026-01-27, Peja ,completed
604141,20010,2026-01-11,prishtina,completed
604142,20158,2026-06-29,VUSHTRRI,completed
604143,20101,2026-02-05,Gjakovë, completed 
604144,20490,2026-01-07,vushtrri,completed
604145,20476,2026-04-15,Ferizaj,completed
604146,20266,2026-02-27, Prizren ,COMPLETED
604147,20257,2026-02-09,Gjakove,COMPLETED
604148,20055,2026-02-03, Prishtina ,completed
604149,20422,2026-04-23,Peja,completed
604150,20689,2026-01-02, Gjilan ,completed
604151,20329,2026-07-19, Peja , completed 
604152,20309,2026-05-10,Prishtina,cancelled
604153,20410,2026-02-19,Prizren,Completed
604154,20051,2026-08-05, Prizren ,completed
604155,20593,2026-02-05,Gjilan,completed
604156,20104,2026-04-11,Peja, completed 
604157,20511,2026-05-13, Gjakove , completed 
604158,20087,2026-02-02,gjakove, cancelled 
604159,20466,2026-07-02,PRISHTINA,Pending
604160,20348,2026-06-10,Prizren,Pending
604161,20454,2026-08-09,Prizren,Cancelled
604162,20628,2026-05-13,GJAKOVE,Completed
604163,20487,2026-07-03,GJAKOVE,COMPLETED
604164,20676,2026-03-18,Mitrovicë,COMPLETED
604165,20152,2026-06-19,GJILAN,completed
604166,20228,2026-04-30,Gjakovë, completed 
604167,20025,2026-05-13,PRISHTINA,PENDING
604168,90099,2026-07-27,gjilan, cancelled 
604169,20036,2026-07-15,PRISHTINA, completed 
604170,20268,2026-02-17,VUSHTRRI, cancelled 
604171,20096,2026-01-03,Peja,Completed
604172,20386,2026-06-23,vushtrri,Pending
604173,90072,2026-06-30,Prishtina,COMPLETED
604174,20392,2026-03-02,Prishtina,Completed
604175,20369,2026-05-30, Peja ,Completed
604176,20020,2026-04-09,Gjakovë,completed
604177,20300,2026-07-30,prizren,completed
604178,20430,2026-05-14,Gjilan,Completed
604179,20669,2026-04-05,Gjakove,CANCELLED
604180,20253,2026-05-28, Prizren ,Pending
604181,20503,2026-07-09,gjakove,pending
604182,20381,2026-02-04, Peja , completed 
604183,20555,2026-05-31,Prizren, completed 
604184,20409,2026-05-07,Gjilan, completed 
604185,20088,2026-03-04,Vushtrri,canceled
604186,20100,2026-05-10, Prishtina ,completed
604187,20452,2026-03-11,peja,Completed
604188,20087,2026-04-09,PRISHTINA, cancelled 
604189,20420,2026-04-04,PEJA,CANCELLED
604190,20307,2026-03-30,Prishtina,pending
604191,20203,2026-05-21,VUSHTRRI, completed 
604192,20053,2026-04-02,Mitrovicë,refunded
604193,20081,2026-01-20,Prizren,completed
604194,20432,2026-08-01, Peja ,CANCELLED
604195,20127,2026-04-27,MITROVICE,refunded
604196,20405,2026-05-01,peja,Cancelled
604197,20442,2026-07-25,Gjilan,completed
604198,20476,2026-05-21, Gjilan ,COMPLETED
604199,20363,2026-03-29,PEJA,completed
604200,20480,2026-02-27,Prizren,Cancelled
604201,20152,2026-01-11, Gjakove ,pending
604202,90081,2026-05-30,ferizaj,Completed
604203,20292,2026-04-28,GJILAN,completed
604204,20265,2026-03-26, Gjilan , completed 
604205,90072,2026-03-07,ferizaj,Cancelled
604206,20296,2026-05-22,FERIZAJ,CANCELLED
604207,20358,2026-99-40,FERIZAJ,completed
604208,20053,2026-06-14,Prizren,REFUNDED
604209,20467,2026-04-28,Peja, completed 
604210,20309,2026-05-10, Gjakove ,completed
604211,20218,2026-01-10,gjilan,Completed
604212,20295,2026-05-27,Prizren,Completed
604213,20064,2026-01-15,Gjakove,Completed
604214,20042,2026-05-18,peja,Completed
604215,20452,2026-05-04, Prizren ,COMPLETED
604216,20620,2026-01-02,prizren, completed 
604217,20477,2026-02-17, Prishtina ,completed
604218,20102,2026-05-14, Gjilan ,pending
604219,20319,2026-07-09,Gjakovë,completed
604220,20374,2026-04-08,Gjilan,Pending
604221,20182,2026-01-05,MITROVICE,COMPLETED
604222,20681,2026-07-03,Prishtina,COMPLETED
604223,20461,2026-01-25,Prishtina,Completed
604224,20570,2026-04-24,Prizren,completed
604225,20463,2026-04-15, Vushtrri ,refunded
604226,20227,2026-02-21,GJAKOVE,completed
604227,20113,2026-07-24,Gjilan,CANCELLED
604228,20032,2026-04-22, Gjakove ,Pending
604229,20655,2026-01-28,peja, completed 
604230,20057,2026-08-08,Gjakove,pending
604231,20273,2026-02-19,VUSHTRRI,Completed
604232,20134,2026-04-18,MITROVICE,completed
604233,20560,2026-04-04, Gjakove ,pending
604234,20466,2026-02-07,peja,canceled
604235,20309,2026-03-24,peja,COMPLETED
604236,20216,2026-01-09, Prishtina ,canceled
604237,20467,2026-07-27,Prishtina,Completed
604238,20225,2026-05-19,prishtina,COMPLETED
604239,20223,2026-07-02, Ferizaj ,canceled
604240,20184,2026-06-19,Vushtrri, completed 
604241,20101,2026-05-16,GJILAN,completed
604242,20406,2026-04-24,Vushtrri, completed 
604243,20667,2026-02-04,Gjakove,Completed
604244,20420,2026-03-04,MITROVICE,pending
604245,20418,2026-06-29,peja,COMPLETED
604246,20163,2026-05-05,Gjilan,Cancelled
604247,20619,2026-06-16,Ferizaj,Completed
604248,20472,2026-06-30,Ferizaj, completed 
604249,20248,2026-03-15, Mitrovice ,completed
604250,20509,2026-06-17, Vushtrri , pending 
604251,20517,2026-03-13, Mitrovice , completed 
604252,20469,2026-04-18,Mitrovicë,pending
604253,20417,2026-05-20, Prishtina ,completed
604254,20362,2026-03-28,Mitrovice,Pending
604255,20128,2026-01-09,PRIZREN,Completed
604256,20211,2026-06-13,gjilan,COMPLETED
604257,20385,2026-05-23, Gjilan ,completed
604258,20508,2026-05-28,PRISHTINA,cancelled
604259,20153,2026-01-13,VUSHTRRI, completed 
604260,20348,2026-04-07,gjakove,completed
604261,20028,2026-03-03,Vushtrri,completed
604262,20235,2026-04-15,prishtina,canceled
604263,20695,2026-01-04,Peja,PENDING
604264,20376,2026-05-16,prizren,Completed
604265,20309,2026-02-08,Gjakove,completed
604266,20005,2026-04-26,PEJA,CANCELLED
604267,20194,2026-07-04,PEJA, refunded 
604268,20530,2026-02-21, Vushtrri , completed 
604269,20603,2026-05-10,Prizren,completed
604270,20458,2026-02-11,PRIZREN,REFUNDED
604271,20278,2026-03-09, Peja , completed 
604272,20549,2026-01-30,Peja,refunded
604273,20371,2026-05-18,prishtina,pending
604274,20180,2026-02-25,Vushtrri,Completed
604275,20189,2026-03-26,Gjilan,completed
604276,20336,2026-04-11,Prizren,Pending
604277,20367,2026-02-18,PRISHTINA,Pending
604278,20697,2026-04-17,vushtrri, completed 
604279,20357,2026-05-13,Ferizaj, completed 
604280,20107,2026-01-30,Peja,PENDING
604281,20002,2026-08-04,GJILAN, cancelled 
604282,20169,2026-01-17,Ferizaj, completed 
604283,20212,2026-01-13,vushtrri,completed
604284,20023,2026-07-13,Gjakovë,Completed
604285,20586,2026-02-12,GJAKOVE, completed 
604286,20438,2026-06-17,Ferizaj, cancelled 
604287,20313,2026-04-26,Gjilan,Completed
604288,20660,2026-06-24, Prishtina ,completed
604289,20682,2026-07-20,Prishtina, cancelled 
604290,20496,2026-01-30,GJILAN,Completed
604291,20420,2026-07-05,ferizaj,PENDING
604292,20245,2026-04-02,Peja,COMPLETED
604293,20513,2026-04-17, Prizren , cancelled 
604294,20635,2026-01-04,PRIZREN, pending 
604295,20045,2026-01-08,ferizaj, completed 
604296,20239,2026-01-29,FERIZAJ,COMPLETED
604297,20358,2026-04-24, Mitrovice ,Completed
604298,20574,2026-02-02, Gjilan ,REFUNDED
604299,20014,2026-08-09, Vushtrri , completed 
604300,20284,2026-07-27,FERIZAJ,Completed
604301,20600,2026-07-16,Ferizaj,completed
604302,20598,2026-07-05,prishtina, completed 
604303,20519,2026-01-07,Ferizaj,completed
604304,20092,2026-07-11,PEJA,completed
604305,20559,2026-07-07,FERIZAJ,completed
604306,20627,2026-06-21, Vushtrri ,canceled
604307,20468,2026-05-26,Peja,Pending
604308,20114,2026-02-13,GJAKOVE, cancelled 
604309,20359,2026-01-12,PRIZREN,completed
604310,20434,2026-02-01,Vushtrri, completed 
604311,20046,2026-05-16,Ferizaj,completed
604312,20241,2026-02-01,Peja,refunded
604313,20427,2026-06-15,gjilan,Pending
604314,20666,2026-02-04,Vushtrri, completed 
604315,20147,2026-03-13, Prizren , pending 
604316,20633,2026-07-13,MITROVICE, completed 
604317,20146,2026-01-20, Mitrovice ,COMPLETED
604318,20142,2026-06-08,FERIZAJ,Pending
604319,20302,2026-05-29, Ferizaj ,Completed
604320,20124,2026-05-28,Prizren,Cancelled
604321,20283,2026-06-19, Vushtrri , completed 
604322,20122,2026-03-21, Vushtrri , completed 
604323,20052,2026-05-13,prizren,completed
604324,20602,2026-03-22, Prishtina ,refunded
604325,20335,2026-02-27,Prishtina,completed
604326,20065,2026-01-01,PRISHTINA, completed 
604327,20216,2026-03-23, Prishtina ,completed
604328,20396,2026-04-12,Ferizaj,Refunded
604329,20290,2026-04-09,Ferizaj, completed 
604330,20562,2026-05-30,prishtina,Cancelled
604331,20208,2026-08-06, Gjilan ,pending
604332,20457,2026-05-01, Ferizaj ,completed
604333,20688,2026-04-02, Mitrovice ,completed
604334,20170,2026-03-03,Prishtina,completed
604335,20625,2026-01-02, Gjilan ,completed
604336,20147,2026-07-22,Ferizaj,COMPLETED
604337,20171,2026-03-24,PEJA, cancelled 
604338,20085,2026-04-02,Gjilan,completed
604339,20634,2026-05-11, Prizren ,completed
604340,20354,2026-02-08,PRISHTINA,completed
604341,20103,2026-06-06,PRIZREN,REFUNDED
604342,20448,2026-02-28,Peja, completed 
604343,20068,2026-07-29,Prishtina,COMPLETED
604344,20329,2026-06-06,Ferizaj,COMPLETED
604345,20103,2026-04-29,gjakove,COMPLETED
604346,20265,2026-05-30,Gjakove, completed 
604347,20148,2026-04-17,FERIZAJ,PENDING
604348,20201,2026-01-24,Gjilan,completed
604349,20596,2026-01-06,PEJA,COMPLETED
604350,20049,2026-04-16,Gjakovë,refunded
604351,20333,2026-06-09,Ferizaj,COMPLETED
604352,20302,2026-03-29,Prizren,completed
604353,20390,2026-07-13,peja,Completed
604354,20042,2026-05-19, Prishtina , completed 
604355,20689,2026-01-19,Peja,completed
604356,20605,2026-01-23, Ferizaj ,completed
604357,20101,2026-03-05,Ferizaj,completed
604358,20228,2026-03-13,gjilan,Cancelled
604359,20376,2026-08-09,gjakove,CANCELLED
604360,20610,2026-07-07,Prizren,COMPLETED
604361,20467,2026-05-30,Mitrovice,pending
604362,20679,2026-04-30,prizren,Completed
604363,20341,2026-02-13,PRISHTINA,Completed
604364,20113,2026-06-10,Vushtrri,completed
604365,20380,2026-04-14,Prishtina, refunded 
604366,20415,2026-05-28,Vushtrri,COMPLETED
604367,20410,2026-02-03, Prishtina ,Cancelled
604368,20070,2026-06-27,PEJA,pending
604369,20668,2026-07-17,Gjakovë, cancelled 
604370,20041,2026-04-21, Prizren ,completed
604371,20673,2026-03-13,ferizaj,completed
604372,20472,2026-01-12,Ferizaj,Refunded
604373,20245,2026-01-02,GJAKOVE,completed
604374,20424,2026-05-14, Gjilan ,COMPLETED
604375,20030,2026-04-08,PRISHTINA,Pending
604376,20537,2026-01-18,PRISHTINA, completed 
604377,20245,2026-06-29,Gjakove,COMPLETED
604378,20216,2026-01-01,Gjilan,pending
604379,20593,2026-02-07,Prishtina,pending
604380,20269,2026-04-22,Gjilan,completed
604381,20087,2026-04-14,MITROVICE,completed
604382,20466,2026-04-28,Vushtrri,Completed
604383,20396,2026-07-18, Gjakove ,COMPLETED
604384,20067,2026-08-07,PRISHTINA,completed
604385,20010,2026-04-17,Prishtina,completed
604386,20008,2026-07-02,MITROVICE,completed
604387,20618,2026-01-20,PRISHTINA,refunded
604388,20350,2026-05-10,Mitrovicë,PENDING
604389,20255,2026-08-07,Mitrovice, completed 
604390,20492,2026-07-03,Gjakove,Completed
604391,20550,2026-04-19,PEJA,completed
604392,20265,2026-01-02,Ferizaj, completed 
604393,20384,2026-07-19, Prishtina ,Pending
604394,20154,2026-07-21,Peja,completed
604395,20250,2026-04-03,Gjakovë,COMPLETED
604396,20064,2026-04-23,gjilan,COMPLETED
604397,20298,2026-03-13,Prizren,completed
604398,20157,2026-03-14,Peja,PENDING
604399,20264,2026-08-01, Gjakove ,Completed
604400,20544,2026-03-18,peja,PENDING
604401,20249,2026-02-06,Mitrovice,refunded
604402,20563,2026-05-13, Vushtrri ,Cancelled
604403,20290,2026-06-09,Ferizaj,pending
604404,20167,2026-07-23,Vushtrri, completed 
604405,20577,2026-02-13,Gjakove,PENDING
604406,20117,2026-01-24,Vushtrri,Completed
604407,20490,2026-07-26,prishtina,COMPLETED
604408,20376,2026-07-01, Peja ,canceled
604409,20112,2026-04-20, Mitrovice ,Completed
604410,20038,2026-03-30,Ferizaj, refunded 
604411,20039,2026-06-20,Prishtina, completed 
604412,20436,2026-07-27, Prizren ,completed
604413,20607,2026-02-26,PRISHTINA,Completed
604414,20575,2026-02-10,Gjakovë,pending
604415,20440,2026-04-06,prizren,CANCELLED
604416,20349,2026-05-15,GJILAN,completed
604417,20173,2026-04-10,PRISHTINA,completed
604418,20111,2026-06-15,vushtrri,COMPLETED
604419,20228,2026-07-17,Gjakovë, cancelled 
604420,20175,2026-08-09,Prizren,Refunded
604421,20496,2026-07-08,Gjilan,REFUNDED
604422,20517,2026-08-02,MITROVICE,Completed
604423,20499,2026-04-20,Prishtina, completed 
604424,20024,2026-01-17,Peja,refunded
604425,20266,2026-05-26,prishtina,pending
604426,20619,2026-06-18,PRIZREN,completed
604427,20383,2026-06-18,VUSHTRRI,Cancelled
604428,20452,2026-03-19,GJAKOVE, completed 
604429,20631,2026-03-29,prishtina,Completed
604430,20532,2026-03-11,Gjakove, completed 
604431,20214,2026-04-04, Mitrovice ,Pending
604432,20373,2026-05-03,PRISHTINA,COMPLETED
604433,20026,2026-03-23,Gjakovë,Cancelled
604434,20316,2026-04-17,Vushtrri,COMPLETED
604435,20485,2026-05-02,Peja,COMPLETED
604436,20664,2026-05-24,FERIZAJ,Cancelled
604437,20267,2026-02-11,prishtina,completed
604438,20553,2026-01-22,Ferizaj,Completed
604439,20315,2026-02-25, Mitrovice ,Pending
604440,20451,2026-03-10, Ferizaj , completed 
604441,20240,2026-07-18,gjakove,Refunded
604442,20578,2026-04-09,PRIZREN,COMPLETED
604443,20409,2026-08-05,GJILAN, completed 
604444,20419,2026-05-03,ferizaj,completed
604445,20080,2026-04-16,Mitrovicë,cancelled
604446,20302,2026-07-01,Prizren,Refunded
604447,20474,2026-07-28,Prizren,completed
604448,20325,2026-03-10,prishtina,COMPLETED
604449,20170,2026-05-01,PEJA,Completed
604450,20151,2026-06-29,PEJA,Completed
604451,20204,2026-01-07,Ferizaj,completed
604452,20244,2026-07-15,GJILAN,refunded
604453,20332,2026-04-17, Prizren ,completed
604454,20176,2026-04-05,Vushtrri,COMPLETED
604455,20505,2026-01-07,PEJA,COMPLETED
604456,20254,2026-03-27,ferizaj,CANCELLED
604457,20303,2026-01-27,vushtrri,Completed
604458,20490,2026-01-09,Peja,COMPLETED
604459,20073,2026-07-11,peja,COMPLETED
604460,20689,2026-03-09,Prishtina, completed 
604461,20186,2026-01-27, Peja , refunded 
604462,20287,2026-05-20,Prizren,COMPLETED
604463,20424,2026-05-26,Prizren, completed 
604464,20123,2026-08-07, Prizren ,Completed
604465,20053,2026-05-14,PRIZREN, pending 
604466,20425,2026-01-07,FERIZAJ,Refunded
604467,20111,2026-05-02,PRIZREN, completed 
604468,20044,2026-03-09, Prizren , cancelled 
604469,20416,2026-05-29, Gjilan ,COMPLETED
604470,20553,2026-03-03,Mitrovice,completed
604471,20052,2026-06-11,GJAKOVE,completed
604472,20617,2026-03-21,Gjakove,pending
604473,20524,2026-03-05,Mitrovice,cancelled
604474,20097,2026-02-14,Prishtina,completed
604475,20681,2026-04-07,Prizren,completed
604476,20313,2026-08-09,FERIZAJ,cancelled
604477,20124,2026-06-10,Mitrovicë,completed
604478,20101,2026-05-21,Prishtina,completed
604479,20607,2026-05-10,Peja,completed
604480,20461,2026-07-27, Peja ,Refunded
604481,20248,2026-07-27,PRIZREN, completed 
604482,20021,2026-06-28,mitrovice,Completed
604483,20617,2026-01-20,Prizren, completed 
604484,20001,2026-03-17,gjakove,completed
604485,20124,2026-05-05,Mitrovice,Pending
604486,20602,2026-06-11,Ferizaj,Completed
604487,20501,2026-04-17,mitrovice,completed
604488,20544,2026-01-27,gjilan, completed 
604489,20131,2026-05-14, Vushtrri ,completed
604490,20151,2026-04-25,Gjakove, completed 
604491,20485,2026-08-02,Prizren,completed
604492,20111,2026-02-03,Prishtina,COMPLETED
604493,20614,2026-04-11, Vushtrri ,COMPLETED
604494,20109,2026-06-07,peja,REFUNDED
604495,20520,2026-02-26,prishtina,REFUNDED
604496,20665,2026-07-01,Gjakovë,CANCELLED
604497,20630,2026-02-22,Mitrovice,completed
604498,20395,2026-03-15,PRISHTINA, completed 
604499,20581,2026-01-25,ferizaj, completed 
604500,20697,2026-02-08,peja,Pending
604469,20416,2026-05-29, Gjilan ,COMPLETED
604062,20269,2026-03-20,Ferizaj, pending 
601374,20245,2026-03-12,PRIZREN,completed
601370,20387,2026-01-28, Gjakove ,PENDING
603433,20190,2026-04-15,PEJA,COMPLETED
601432,20019,2026-07-28,PEJA,PENDING
602147,20343,2026-02-04,Prizren,COMPLETED
600601,20008,2026-07-14, Vushtrri ,pending
602052,20326,2026-05-07,Prishtina, pending 
604253,20417,2026-05-20, Prishtina ,completed
601004,20217,2026-01-20, Gjilan , completed 
601038,20434,2026-07-14,PRIZREN,REFUNDED
603211,20640,2026-05-10,Gjakovë,refunded
601690,20574,2026-02-07,PRIZREN,CANCELLED
602590,90079,2026-06-29,MITROVICE,completed
601033,20247,2026-04-16,Ferizaj, completed 
603129,20050,2026-06-05,Prizren,Pending
601722,20661,2026-03-29,Peja,COMPLETED
603995,20145,2026-07-08, Ferizaj ,REFUNDED
602360,20207,2026-06-16, Prizren ,completed
600741,20374,2026-07-10,PRISHTINA,COMPLETED
603842,20524,2026-03-06,ferizaj,refunded
601045,20082,2026-04-01,PEJA,Pending
604452,20244,2026-07-15,GJILAN,refunded
603767,20032,2026-01-27, Mitrovice , completed 
601789,20562,2026-01-28, Mitrovice ,CANCELLED
604328,20396,2026-04-12,Ferizaj,Refunded
601499,20312,2026-01-15, Mitrovice , completed 
601639,20648,2026-06-03,GJILAN, cancelled 
600885,20596,2026-03-24,Prishtina,refunded
600746,20048,2026-06-08, Gjakove ,refunded
602552,20319,2026-03-13,MITROVICE,COMPLETED
603517,20325,2026-07-15,peja,COMPLETED
604442,20578,2026-04-09,PRIZREN,COMPLETED
602283,20254,2026-04-18,gjilan,completed
603336,20422,2026-08-04, Mitrovice ,Pending
601148,20367,2026-03-23, Ferizaj ,Completed
600795,20461,2026-05-24,GJAKOVE, completed 
604487,20501,2026-04-17,mitrovice,completed
600070,20652,2026-06-09,Prizren,completed
602168,20689,2026-03-13,Mitrovicë,completed
601495,20119,2026-07-29,Mitrovice,completed
603109,20663,2026-01-25,Prishtina,completed
600506,20534,2026-02-04,peja, completed 
601226,20315,2026-06-16, Prizren ,Completed
603911,20498,2026-02-23,VUSHTRRI,Completed
600887,20582,2026-02-15,PRISHTINA,completed
600236,20218,2026-02-01, Gjakove , completed 
601885,20117,2026-02-16,Gjilan,completed
601455,20338,2026-02-10,gjakove, completed 
600678,20613,2026-03-03,Mitrovicë,COMPLETED
600096,20402,2026-01-31,peja,COMPLETED
600969,20095,2026-06-08, Peja ,Completed
604475,20681,2026-04-07,Prizren,completed
601820,20629,2026-04-06,Prishtina,completed
