payment_id,order_id,amount,payment_method,payment_status,payment_date
800001,600002,1936.23,CARD,paid,2026-04-08
800002,600003,2561.93,CARD,paid,2026-04-24
800003,600007,988.95,bank_transfer,paid,2026-04-12
800004,600008,902.89,paypal,paid,2026-07-16
800005,600009,318.73,bank_transfer,paid,2026-08-12
800006,600010,395.8,CARD,paid,2026-01-28
800007,600011,1870.31, Bank Transfer ,paid,2026-06-12
800008,600012,1657.54,card,paid,2026-03-27
800009,600013,113.12,CARD,paid,2026-04-23
800010,600014,282.65, Bank Transfer ,paid,2026-02-01
800011,600015,2646.67, Bank Transfer ,paid,2026-05-15
800012,600016,1660.35,card,paid,2026-03-29
800013,600017,2258.96,CARD,paid,2026-02-20
800014,600018,653.22,paypal,paid,2026-03-30
800015,600019,2574.72, Bank Transfer ,paid,2026-04-09
800016,600020,1396.31, Bank Transfer ,paid,2026-01-13
800017,600021,1959.14,paypal,paid,2026-02-22
800018,600022,305.88,cash,paid,2026-03-02
800019,600023,581.28,card,paid,2026-06-14
800020,600024,0,CARD,failed,2026-07-07
800021,600025,1156.57,cash,paid,2026-07-07
800022,600026,1283.73,CARD,paid,2026-04-29
800023,600027,213.68,paypal,paid,2026-03-28
800024,600028,1740.06,paypal,paid,2026-07-14
800025,600029,50.87,CARD,paid,2026-02-23
800026,600030,1367.23, Bank Transfer ,paid,2026-02-12
800027,600031,-585.33,paypal,refunded,2026-03-29
800028,600032,1719.44,paypal,paid,2026-06-25
800029,600033,713.8,bank_transfer,paid,2026-06-24
800030,600034,780.03,paypal,paid,2026-01-18
800031,600036,878.4,cash,paid,2026-06-01
800032,600038,520.66,paypal,paid,2026-04-27
800033,600039,2393.49,card,paid,2026-03-08
800034,600040,1712.76,cash,paid,2026-07-27
800035,600041,247.35,paypal,paid,2026-04-20
800036,600042,382.32,bank_transfer,paid,2026-06-20
800037,600044,690.7,paypal,paid,2026-03-03
800038,600045,2464.42,cash,paid,2026-04-23
800039,600046,1983.92,card,paid,2026-08-01
800040,600047,3725.81,card,paid,2026-08-07
800041,600048,896.22,card,paid,2026-07-27
800042,600049,2031.54,cash,paid,2026-08-06
800043,600050,677.74,paypal,paid,2026-03-21
800044,600051,2681.51, Bank Transfer ,paid,2026-05-16
800045,600052,58.77, Bank Transfer ,paid,2026-04-28
800046,600053,211.27,cash,paid,2026-04-28
800047,600054,1967.25,paypal,paid,2026-04-03
800048,600055,993.78, Bank Transfer ,paid,2026-06-29
800049,600056,303.82,CARD,paid,2026-08-09
800050,600057,354.61,card,paid,2026-04-15
800051,600058,322.21,card,paid,2026-07-27
800052,600059,1478.19,card,paid,2026-06-03
800053,600060,691.38,CARD,paid,2026-03-10
800054,600061,525.88,card,paid,2026-02-26
800055,600062,1329.8,card,paid,2026-02-16
800056,600063,314.24,paypal,paid,2026-07-23
800057,600064,-4119.31,card,refunded,2026-08-13
800058,600065,2722.02, Bank Transfer ,paid,2026-05-08
800059,600066,729.0,bank_transfer,paid,2026-02-03
800060,600067,872.41,bank_transfer,paid,2026-03-31
800061,600068,198.32,card,paid,2026-04-11
800062,600069,1994.61,CARD,paid,2026-05-30
800063,600070,1986.18,cash,paid,2026-07-17
800064,600071,470.13,card,paid,2026-02-21
800065,600072,1937.43,CARD,paid,2026-04-12
800066,600074,726.42,card,paid,2026-05-11
800067,600075,2532.43,paypal,paid,2026-04-27
800068,600076,-1946.9,card,refunded,2026-05-13
800069,600077,139.94,card,paid,2026-01-21
800070,600078,2528.08,bank_transfer,paid,2026-05-25
800071,600079,1444.42,CARD,paid,2026-01-22
800072,600080,1839.22,paypal,paid,2026-04-27
800073,600081,2357.44,cash,paid,2026-06-04
800074,600082,813.9,CARD,paid,2026-02-24
800075,600083,1331.75, Bank Transfer ,paid,2026-06-16
800076,600084,3548.34, Bank Transfer ,paid,2026-02-16
800077,600085,1170.42,card,paid,2026-07-29
800078,600086,1029.21,paypal,paid,2026-04-22
800079,600087,819.96,bank_transfer,paid,2026-06-24
800080,600088,2016.02,card,paid,2026-05-20
800081,600089,611.25,card,paid,2026-03-28
800082,600090,1696.11, Bank Transfer ,paid,2026-08-10
800083,600091,380.18, Bank Transfer ,paid,2026-06-27
800084,600092,1279.28,card,paid,2026-04-07
800085,600093,1075.45,bank_transfer,paid,2026-07-05
800086,600094,954.45,paypal,paid,2026-08-14
800087,600095,852.52,bank_transfer,paid,2026-01-15
800088,600096,2313.71,CARD,paid,2026-07-28
800089,600098,2172.38,cash,paid,2026-05-31
800090,600099,0,cash,failed,2026-06-11
800091,600100,159.3,CARD,paid,2026-05-11
800092,600101,1794.18,bank_transfer,paid,2026-02-11
800093,600102,658.66,CARD,paid,2026-02-06
800094,600103,1031.01, Bank Transfer ,paid,2026-02-24
800095,600104,29.53, Bank Transfer ,paid,2026-06-03
800096,600105,92.65,paypal,paid,2026-07-19
800097,600106,663.72,bank_transfer,paid,2026-07-28
800098,600107,1981.86,card,paid,2026-05-26
800099,600108,1102.47,paypal,paid,2026-01-06
800100,600109,787.29,cash,paid,2026-04-09
800101,600110,968.68,bank_transfer,paid,2026-07-15
800102,600111,854.56,bank_transfer,paid,2026-04-18
800103,600112,1743.67,bank_transfer,paid,2026-08-01
800104,600113,2847.52,paypal,paid,2026-03-30
800105,600115,91.32,cash,paid,2026-02-18
800106,600116,333.76,CARD,paid,2026-03-10
800107,600118,1986.96,bank_transfer,paid,2026-04-21
800108,600119,2877.75,cash,paid,2026-05-20
800109,600120,1562.62, Bank Transfer ,paid,2026-02-27
800110,600121,837.17,card,paid,2026-04-29
800111,600122,822.83,CARD,paid,2026-05-28
800112,600123,3773.8, Bank Transfer ,paid,2026-03-03
800113,600124,1128.0,paypal,paid,2026-05-20
800114,600125,2300.53,cash,paid,2026-06-01
800115,600126,19.85,paypal,paid,2026-03-03
800116,600127,1850.39,card,paid,2026-05-13
800117,600128,1613.73,paypal,paid,2026-04-11
800118,600129,634.94,paypal,paid,2026-05-10
800119,600130,2196.76,card,paid,2026-02-20
800120,600131,192.95,bank_transfer,paid,2026-04-09
800121,600133,984.43,CARD,paid,2026-02-23
800122,600134,375.04,card,paid,2026-05-16
800123,600136,-2389.0,CARD,refunded,2026-01-18
800124,600137,2766.42,CARD,paid,2026-07-28
800125,600138,742.15,CARD,paid,2026-07-09
800126,600139,1680.65,bank_transfer,paid,2026-05-22
800127,600140,30.53,bank_transfer,paid,2026-04-19
800128,600141,1138.02,CARD,paid,2026-08-13
800129,600142,2251.69,cash,paid,2026-02-24
800130,600144,1046.33,CARD,paid,2026-01-10
800131,600145,1498.77,card,paid,2026-07-24
800132,600146,1493.42, Bank Transfer ,paid,2026-05-28
800133,600147,899.85,card,paid,2026-05-31
800134,600148,954.54,CARD,paid,2026-03-06
800135,600149,595.52,cash,paid,2026-03-10
800136,600151,616.66,card,paid,2026-03-17
800137,600152,1405.39,card,paid,2026-03-24
800138,600153,588.51,CARD,paid,2026-07-24
800139,600154,3697.95,paypal,paid,2026-05-20
800140,600155,1386.51, Bank Transfer ,paid,2026-06-09
800141,600156,1333.71,cash,paid,2026-02-10
800142,600157,580.86,CARD,paid,2026-05-24
800143,600158,0,card,paid,2026-05-18
800144,600159,949.42,bank_transfer,paid,2026-05-06
800145,600160,1843.0, Bank Transfer ,paid,2026-07-01
800146,600161,867.48,paypal,paid,2026-02-23
800147,600162,2026.99, Bank Transfer ,paid,2026-06-07
800148,600163,1308.61,card,paid,2026-06-19
800149,600164,1133.91, Bank Transfer ,paid,2026-07-31
800150,600165,1214.75,card,paid,2026-05-17
800151,600166,481.65,card,paid,2026-06-24
800152,600167,3088.53,paypal,paid,2026-02-09
800153,600168,3094.04,cash,paid,2026-03-06
800154,600169,303.5,card,paid,2026-02-15
800155,600170,1377.95,paypal,paid,2026-05-01
800156,600171,457.44,paypal,paid,2026-01-11
800157,600172,247.96,paypal,paid,2026-01-03
800158,600173,2059.46,cash,paid,2026-02-16
800159,600174,0,paypal,failed,2026-08-04
800160,600175,145.67,paypal,paid,2026-05-14
800161,600176,2024.73,bank_transfer,paid,2026-04-17
800162,600177,1442.72,cash,paid,2026-01-04
800163,600178,826.08,bank_transfer,paid,2026-05-01
800164,600179,749.4,paypal,paid,2026-01-06
800165,600181,1182.99, Bank Transfer ,paid,2026-07-23
800166,600183,813.71, Bank Transfer ,paid,2026-06-24
800167,600184,1786.76,paypal,paid,2026-02-16
800168,600185,1306.64,cash,paid,2026-03-12
800169,600186,837.62,card,paid,2026-05-24
800170,600187,502.34,cash,paid,2026-02-02
800171,600188,1213.35,bank_transfer,paid,2026-02-28
800172,600189,2939.72, Bank Transfer ,paid,2026-03-09
800173,600190,0, Bank Transfer ,failed,2026-04-10
800174,600191,1153.72,CARD,paid,2026-04-15
800175,600192,3482.12,CARD,paid,2026-05-12
800176,600193,2381.59,card,paid,2026-02-09
800177,600194,623.14,CARD,paid,2026-04-19
800178,600196,802.34, Bank Transfer ,paid,2026-03-01
800179,600198,0,CARD,failed,2026-04-03
800180,600199,2435.64,cash,paid,2026-06-04
800181,600200,671.1,bank_transfer,paid,2026-06-08
800182,600201,328.71,paypal,paid,2026-07-10
800183,600202,695.68,bank_transfer,paid,2026-04-17
800184,600203,1601.94, Bank Transfer ,paid,2026-02-12
800185,600204,1075.57,paypal,paid,2026-06-16
800186,600205,80.28,card,paid,2026-03-24
800187,600206,689.08,cash,paid,2026-03-08
800188,600207,1372.8,cash,paid,2026-07-07
800189,600209,99.32,cash,paid,2026-03-18
800190,600210,1799.26,cash,paid,2026-04-23
800191,600211,518.46,cash,paid,2026-06-06
800192,600212,2475.94,cash,paid,2026-03-25
800193,600213,444.12,cash,paid,2026-02-11
800194,600214,164.22,CARD,paid,2026-08-12
800195,600215,2367.27,bank_transfer,paid,2026-03-03
800196,600216,673.82,CARD,paid,2026-03-03
800197,600220,134.64,CARD,paid,2026-06-21
800198,600221,432.15, Bank Transfer ,paid,2026-01-23
800199,600222,2079.19,cash,paid,2026-08-14
800200,600223,3658.61,bank_transfer,paid,2026-07-02
800201,600224,0,cash,failed,2026-07-30
800202,600225,295.66, Bank Transfer ,paid,2026-03-05
800203,600226,251.34,bank_transfer,paid,2026-08-11
800204,600227,1062.58,card,paid,2026-08-06
800205,600228,1055.43,bank_transfer,paid,2026-03-04
800206,600229,2695.42,CARD,paid,2026-04-21
800207,600230,2249.88,bank_transfer,paid,2026-02-24
800208,600231,1233.82,CARD,paid,2026-04-03
800209,600232,1171.78,cash,paid,2026-06-28
800210,600233,276.16, Bank Transfer ,paid,2026-06-09
800211,600234,448.65,paypal,paid,2026-02-28
800212,600235,1756.34,card,paid,2026-03-04
800213,600236,797.31,CARD,paid,2026-04-16
800214,600237,1085.8,paypal,paid,2026-07-11
800215,600238,1768.86, Bank Transfer ,paid,2026-08-08
800216,600239,1376.67,paypal,paid,2026-06-20
800217,600241,2819.77,paypal,paid,2026-02-24
800218,600242,1571.1,CARD,paid,2026-03-29
800219,600243,2479.41,CARD,paid,2026-04-15
800220,600244,0,card,paid,2026-03-28
800221,600245,910.76,cash,paid,2026-06-12
800222,600246,-1443.67,cash,refunded,2026-03-20
800223,600247,954.8,card,paid,2026-06-03
800224,600248,0,paypal,failed,2026-04-06
800225,600250,517.52,bank_transfer,paid,2026-04-12
800226,600252,20.69,paypal,paid,2026-04-15
800227,600253,3812.91,paypal,paid,2026-06-06
800228,600254,2606.65,card,paid,2026-03-17
800229,600255,905.7,bank_transfer,paid,2026-02-09
800230,600256,95.63,card,paid,2026-07-02
800231,600257,873.3,paypal,paid,2026-07-23
800232,600258,1234.09,bank_transfer,paid,2026-02-07
800233,600259,1497.15,bank_transfer,paid,2026-03-15
800234,600260,200.66,cash,paid,2026-08-14
800235,600261,1686.9,bank_transfer,paid,2026-06-08
800236,600262,1608.45,paypal,paid,2026-07-28
800237,600263,712.19,card,paid,2026-08-03
800238,600264,3022.83,cash,paid,2026-02-01
800239,600265,324.87,paypal,paid,2026-02-19
800240,600266,3430.51, Bank Transfer ,paid,2026-04-12
800241,600267,1701.89,CARD,paid,2026-05-04
800242,600268,1162.57,bank_transfer,paid,2026-04-28
800243,600269,940.68,paypal,paid,2026-03-28
800244,600270,431.8,paypal,paid,2026-03-03
800245,600271,1701.26,cash,paid,2026-08-09
800246,600272,275.07,CARD,paid,2026-08-10
800247,600273,2969.46,bank_transfer,paid,2026-07-28
800248,600274,2617.75, Bank Transfer ,paid,2026-02-15
800249,600275,1011.69,bank_transfer,paid,2026-03-10
800250,600276,394.16,cash,paid,2026-04-15
800251,600277,1853.91,card,paid,2026-03-22
800252,600278,84.67,bank_transfer,paid,2026-08-14
800253,600279,2549.7,card,paid,2026-01-07
800254,600280,691.06,card,paid,2026-07-19
800255,600281,1132.1,paypal,paid,2026-08-07
800256,600282,-651.35,card,refunded,2026-04-07
800257,600283,0,CARD,failed,2026-05-04
800258,600284,1078.44,cash,paid,2026-06-20
800259,600285,3409.89, Bank Transfer ,paid,2026-05-09
800260,600286,332.8,CARD,paid,2026-08-14
800261,600287,2011.46,bank_transfer,paid,2026-04-02
800262,600288,1717.3,CARD,paid,2026-03-25
800263,600289,1110.77,bank_transfer,paid,2026-04-21
800264,600290,540.96,cash,paid,2026-07-13
800265,600291,1310.45,bank_transfer,paid,2026-02-23
800266,600292,226.46,cash,paid,2026-07-05
800267,600294,1760.76,cash,paid,2026-07-20
800268,600295,-2176.05,card,refunded,2026-07-31
800269,600297,819.68,bank_transfer,paid,2026-01-17
800270,600298,644.58,paypal,paid,2026-02-03
800271,600299,1115.92,paypal,paid,2026-03-25
800272,600301,1361.2,cash,paid,2026-03-06
800273,600302,1086.48,CARD,paid,2026-02-06
800274,600303,920.44,cash,paid,2026-05-07
800275,600305,1855.83,card,paid,2026-05-11
800276,600306,90.09,bank_transfer,paid,2026-03-29
800277,600307,202.63,CARD,paid,2026-01-01
800278,600308,243.88,CARD,paid,2026-07-11
800279,600309,836.32,card,paid,2026-04-03
800280,600310,1220.19,CARD,paid,2026-02-22
800281,600311,1030.8,CARD,paid,2026-07-31
800282,600312,0,cash,failed,2026-02-13
800283,600313,29.63, Bank Transfer ,paid,2026-06-12
800284,600314,761.4,CARD,paid,2026-02-14
800285,600315,1317.45,paypal,paid,2026-01-04
800286,600316,1204.62,paypal,paid,2026-03-30
800287,600317,1678.68, Bank Transfer ,paid,2026-05-22
800288,600319,1666.28, Bank Transfer ,paid,2026-04-02
800289,600320,0,paypal,paid,2026-05-21
800290,600321,0,card,failed,2026-06-30
800291,600322,1731.16,bank_transfer,paid,2026-05-05
800292,600323,1379.68,cash,paid,2026-05-13
800293,600324,280.54, Bank Transfer ,paid,2026-05-27
800294,600325,1282.95,CARD,paid,2026-01-02
800295,600326,105.81,card,paid,2026-03-26
800296,600328,3314.15,CARD,paid,2026-04-15
800297,600329,1435.86,paypal,paid,2026-03-16
800298,600330,1729.22,card,paid,2026-03-05
800299,600331,719.7,bank_transfer,paid,2026-03-19
800300,600332,258.58,bank_transfer,paid,2026-05-23
800301,600333,467.93, Bank Transfer ,paid,2026-06-18
800302,600334,1893.87,paypal,paid,2026-06-05
800303,600335,325.14,cash,paid,2026-06-02
800304,600336,2233.0,bank_transfer,paid,2026-07-29
800305,600338,900.4, Bank Transfer ,paid,2026-07-25
800306,600339,1550.85,CARD,paid,2026-07-12
800307,600340,2652.23,paypal,paid,2026-02-17
800308,600343,881.24,cash,paid,2026-08-04
800309,600344,1500.22,bank_transfer,paid,2026-06-18
800310,600345,593.88,cash,paid,2026-05-22
800311,600346,2809.1,card,paid,2026-07-31
800312,600347,1284.08,bank_transfer,paid,2026-07-01
800313,600348,0,CARD,failed,2026-02-14
800314,600349,1669.85, Bank Transfer ,paid,2026-06-27
800315,600350,2537.83,bank_transfer,paid,2026-05-09
800316,600351,484.83,bank_transfer,paid,2026-01-20
800317,600352,2407.46,bank_transfer,paid,2026-04-16
800318,600353,1388.35,bank_transfer,paid,2026-04-10
800319,600354,682.04,bank_transfer,paid,2026-05-02
800320,600355,1729.37, Bank Transfer ,paid,2026-01-05
800321,600356,1344.52,CARD,paid,2026-01-15
800322,600357,2656.36,card,paid,2026-01-17
800323,600358,231.28,paypal,paid,2026-02-18
800324,600360,852.67,card,paid,2026-01-10
800325,600361,2672.15, Bank Transfer ,paid,2026-01-23
800326,600362,1018.1, Bank Transfer ,paid,2026-07-21
800327,600363,1995.07,bank_transfer,paid,2026-05-18
800328,600364,509.52,card,paid,2026-03-29
800329,600365,4066.48,paypal,paid,2026-06-09
800330,600366,-2149.57, Bank Transfer ,refunded,2026-01-11
800331,600367,-2028.34,paypal,refunded,2026-02-08
800332,600368,1736.23,cash,paid,2026-05-04
800333,600369,2870.72,CARD,paid,2026-04-24
800334,600370,648.84,bank_transfer,paid,2026-01-15
800335,600371,2735.98,CARD,paid,2026-05-05
800336,600372,2256.01,card,paid,2026-02-08
800337,600374,81.84,cash,paid,2026-03-09
800338,600375,3207.82,bank_transfer,paid,2026-07-19
800339,600376,2253.68,cash,paid,2026-02-12
800340,600377,1052.04,card,paid,2026-04-19
800341,600378,130.2, Bank Transfer ,paid,2026-05-23
800342,600380,2430.11,cash,paid,2026-06-26
800343,600381,1894.94,CARD,paid,2026-06-12
800344,600382,1153.44,cash,paid,2026-07-15
800345,600383,674.62,card,paid,2026-01-03
800346,600385,150.84,cash,paid,2026-05-22
800347,600386,164.16,bank_transfer,paid,2026-07-19
800348,600388,464.12,bank_transfer,paid,2026-03-24
800349,600389,2409.8,CARD,paid,2026-06-20
800350,600390,719.52,card,paid,2026-07-28
800351,600392,3597.72,CARD,paid,2026-02-08
800352,600393,583.08, Bank Transfer ,paid,2026-03-17
800353,600394,1034.81,paypal,paid,2026-06-23
800354,600396,1202.84,bank_transfer,paid,2026-06-12
800355,600397,2826.34,bank_transfer,paid,2026-01-25
800356,600399,966.57,bank_transfer,paid,2026-04-04
800357,600401,1265.7,CARD,paid,2026-03-26
800358,600402,749.39, Bank Transfer ,paid,2026-08-11
800359,600403,0, Bank Transfer ,failed,2026-05-04
800360,600404,864.62,CARD,paid,2026-07-25
800361,600406,686.64,cash,paid,2026-06-12
800362,600407,1685.52,cash,paid,2026-05-11
800363,600409,138.6, Bank Transfer ,paid,2026-01-12
800364,600410,1826.34,CARD,paid,2026-07-13
800365,600411,1616.52,bank_transfer,paid,2026-07-24
800366,600412,1867.52, Bank Transfer ,paid,2026-06-20
800367,600413,252.19, Bank Transfer ,paid,2026-03-15
800368,600414,0,cash,failed,2026-03-25
800369,600415,929.0,paypal,paid,2026-04-28
800370,600416,1857.39, Bank Transfer ,paid,2026-02-18
800371,600417,731.28,bank_transfer,paid,2026-06-13
800372,600418,2306.77, Bank Transfer ,paid,2026-07-20
800373,600419,2467.0,card,paid,2026-02-28
800374,600420,1301.05,bank_transfer,paid,2026-04-28
800375,600421,343.5,cash,paid,2026-03-31
800376,600422,1229.85,paypal,paid,2026-08-13
800377,600423,755.56,card,paid,2026-04-07
800378,600424,1451.72,card,paid,2026-01-20
800379,600425,1247.7,paypal,paid,2026-06-12
800380,600426,1968.96,CARD,paid,2026-05-05
800381,600427,2350.94,card,paid,2026-04-18
800382,600429,3086.22,bank_transfer,paid,2026-01-28
800383,600432,1288.79,card,paid,2026-06-29
800384,600433,1204.49, Bank Transfer ,paid,2026-02-11
800385,600434,2061.04,cash,paid,2026-02-17
800386,600435,38.3,paypal,paid,2026-05-04
800387,600436,888.35, Bank Transfer ,paid,2026-01-06
800388,600437,-593.98,bank_transfer,refunded,2026-06-26
800389,600438,3714.34, Bank Transfer ,paid,2026-04-21
800390,600439,375.0, Bank Transfer ,paid,2026-05-11
800391,600440,953.08,card,paid,2026-07-24
800392,600441,1216.06,card,paid,2026-07-02
800393,600442,508.56,card,paid,2026-03-10
800394,600443,1551.87,card,paid,2026-04-20
800395,600444,476.78, Bank Transfer ,paid,2026-07-18
800396,600445,-1879.26,card,refunded,2026-06-25
800397,600446,789.45,card,paid,2026-01-04
800398,600447,823.77,paypal,paid,2026-05-09
800399,600450,475.94,cash,paid,2026-02-17
800400,600451,373.04,bank_transfer,paid,2026-02-09
800401,600452,2076.46,bank_transfer,paid,2026-01-03
800402,600453,1681.22,card,paid,2026-01-26
800403,600454,211.17,paypal,paid,2026-04-24
800404,600455,0, Bank Transfer ,failed,2026-04-08
800405,600456,1816.99,bank_transfer,paid,2026-01-05
800406,600457,1205.59, Bank Transfer ,paid,2026-07-06
800407,600458,2784.17,bank_transfer,paid,2026-02-07
800408,600459,2290.86,card,paid,2026-05-09
800409,600460,880.07,CARD,paid,2026-07-06
800410,600461,1455.14,card,paid,2026-01-22
800411,600462,755.31,bank_transfer,paid,2026-08-02
800412,600463,2220.01,CARD,paid,2026-05-31
800413,600464,1156.84,bank_transfer,paid,2026-05-18
800414,600465,2486.57,paypal,paid,2026-05-13
800415,600466,410.08, Bank Transfer ,paid,2026-02-10
800416,600467,1005.42,CARD,paid,2026-06-26
800417,600468,2262.66,paypal,paid,2026-07-02
800418,600469,1246.01,card,paid,2026-07-28
800419,600470,1315.69, Bank Transfer ,paid,2026-05-04
800420,600471,1790.27,card,paid,2026-05-30
800421,600472,672.92,paypal,paid,2026-05-13
800422,600473,-1390.6,CARD,refunded,2026-03-05
800423,600475,2625.2,card,paid,2026-04-07
800424,600476,3129.05,paypal,paid,2026-03-13
800425,600477,2596.4,bank_transfer,paid,2026-06-02
800426,600478,2352.13,cash,paid,2026-04-20
800427,600479,-1017.0,paypal,refunded,2026-01-28
800428,600480,2636.33,bank_transfer,paid,2026-06-17
800429,600481,0,CARD,failed,2026-03-27
800430,600482,1946.08,CARD,paid,2026-04-21
800431,600483,737.81,paypal,paid,2026-02-06
800432,600484,566.9,bank_transfer,paid,2026-07-19
800433,600485,793.11, Bank Transfer ,paid,2026-04-19
800434,600486,1452.76,CARD,paid,2026-01-26
800435,600487,1387.62,card,paid,2026-08-13
800436,600488,515.23,bank_transfer,paid,2026-06-01
800437,600489,1944.54, Bank Transfer ,paid,2026-07-20
800438,600490,2035.28, Bank Transfer ,paid,2026-05-18
800439,600491,1964.98,bank_transfer,paid,2026-07-18
800440,600493,2080.98,paypal,paid,2026-04-18
800441,600494,615.04,bank_transfer,paid,2026-08-13
800442,600495,0,bank_transfer,failed,2026-03-20
800443,600496,0, Bank Transfer ,failed,2026-04-18
800444,600497,2558.27,cash,paid,2026-02-01
800445,600498,2699.37,bank_transfer,paid,2026-06-18
800446,600500,2422.54,cash,paid,2026-05-26
800447,600501,219.26,paypal,paid,2026-03-27
800448,600502,997.92,card,paid,2026-07-27
800449,600503,1963.56, Bank Transfer ,paid,2026-04-04
800450,600504,2424.87,CARD,paid,2026-05-15
800451,600505,55.41,card,paid,2026-05-05
800452,600506,927.67,paypal,paid,2026-06-24
800453,600507,2478.0, Bank Transfer ,paid,2026-02-24
800454,600508,748.69,card,paid,2026-03-21
800455,600509,544.69,bank_transfer,paid,2026-08-04
800456,600510,1433.87,cash,paid,2026-07-01
800457,600511,31.1,bank_transfer,paid,2026-02-20
800458,600512,711.15,CARD,paid,2026-03-31
800459,600513,471.96,bank_transfer,paid,2026-05-24
800460,600514,1071.61,paypal,paid,2026-07-12
800461,600515,974.9,card,paid,2026-01-30
800462,600516,1476.54,CARD,paid,2026-02-04
800463,600517,1377.33,bank_transfer,paid,2026-05-31
800464,600518,576.18,cash,paid,2026-05-06
800465,600520,746.91, Bank Transfer ,paid,2026-05-09
800466,600521,11.76, Bank Transfer ,paid,2026-08-10
800467,600522,1796.13,paypal,paid,2026-05-31
800468,600523,665.37,bank_transfer,paid,2026-01-28
800469,600524,1561.46,bank_transfer,paid,2026-07-02
800470,600525,1282.6, Bank Transfer ,paid,2026-04-05
800471,600526,22.81,CARD,paid,2026-02-12
800472,600527,1499.34, Bank Transfer ,paid,2026-01-06
800473,600528,2648.28,CARD,paid,2026-01-21
800474,600529,152.0,paypal,paid,2026-04-26
800475,600530,621.65,cash,paid,2026-07-11
800476,600532,129.28,CARD,paid,2026-01-13
800477,600533,418.06,CARD,paid,2026-01-06
800478,600534,266.62,cash,paid,2026-07-23
800479,600535,2331.61,bank_transfer,paid,2026-05-29
800480,600536,686.7,cash,paid,2026-07-29
800481,600537,1041.06,paypal,paid,2026-06-16
800482,600538,0,CARD,failed,2026-04-30
800483,600539,813.74,card,paid,2026-03-21
800484,600540,829.16,cash,paid,2026-04-24
800485,600541,-995.36, Bank Transfer ,refunded,2026-03-24
800486,600542,1334.49,CARD,paid,2026-04-11
800487,600543,1601.6, Bank Transfer ,paid,2026-05-14
800488,600544,968.64,cash,paid,2026-03-01
800489,600545,74.52,paypal,paid,2026-05-12
800490,600546,400.89,card,paid,2026-02-18
800491,600547,708.22, Bank Transfer ,paid,2026-05-07
800492,600548,752.22,CARD,paid,2026-08-03
800493,600549,2746.11,CARD,paid,2026-02-28
800494,600550,1513.44,cash,paid,2026-03-02
800495,600551,1182.96, Bank Transfer ,paid,2026-07-19
800496,600552,308.25, Bank Transfer ,paid,2026-03-28
800497,600554,667.7, Bank Transfer ,paid,2026-07-28
800498,600555,122.01,cash,paid,2026-03-20
800499,600556,95.74,cash,paid,2026-08-06
800500,600557,1341.57,bank_transfer,paid,2026-01-08
800501,600558,147.46,CARD,paid,2026-05-01
800502,600559,-596.66,paypal,refunded,2026-02-21
800503,600560,1684.77,cash,paid,2026-05-27
800504,600561,1310.47,cash,paid,2026-05-06
800505,600562,45.64,bank_transfer,paid,2026-07-19
800506,600563,2743.05,cash,paid,2026-06-27
800507,600564,2664.85,card,paid,2026-02-09
800508,600565,1394.25,CARD,paid,2026-05-28
800509,600566,1082.39,paypal,paid,2026-04-27
800510,600567,1664.23,paypal,paid,2026-05-01
800511,600568,504.81, Bank Transfer ,paid,2026-07-05
800512,600569,116.74,card,paid,2026-06-28
800513,600570,510.68,CARD,paid,2026-01-05
800514,600571,315.29,bank_transfer,paid,2026-07-08
800515,600572,2475.48,card,paid,2026-03-04
800516,600573,267.44,paypal,paid,2026-04-05
800517,600574,571.1,card,paid,2026-02-23
800518,600575,1068.44,CARD,paid,2026-05-11
800519,600576,1652.1, Bank Transfer ,paid,2026-03-17
800520,600577,1016.73, Bank Transfer ,paid,2026-07-09
800521,600579,609.2,cash,paid,2026-02-01
800522,600581,827.84,cash,paid,2026-05-07
800523,600582,161.56,cash,paid,2026-06-22
800524,600583,529.81,paypal,paid,2026-01-26
800525,600584,511.62,cash,paid,2026-08-14
800526,600585,505.92,paypal,paid,2026-01-06
800527,600586,939.13,bank_transfer,paid,2026-01-28
800528,600587,1300.12,CARD,paid,2026-03-07
800529,600589,2264.61,cash,paid,2026-06-29
800530,600590,1424.96,CARD,paid,2026-05-29
800531,600591,2281.87, Bank Transfer ,paid,2026-07-12
800532,600592,1329.96,paypal,paid,2026-05-19
800533,600593,936.18,card,paid,2026-05-08
800534,600594,3830.61,bank_transfer,paid,2026-03-14
800535,600595,603.92,card,paid,2026-08-05
800536,600596,532.44,bank_transfer,paid,2026-07-02
800537,600597,2197.54,cash,paid,2026-01-04
800538,600598,1684.72,CARD,paid,2026-07-20
800539,600599,69.39,card,paid,2026-06-19
800540,600600,0,cash,failed,2026-05-26
800541,600601,1320.24,CARD,paid,2026-02-18
800542,600602,1167.57,card,paid,2026-02-03
800543,600603,1273.22,card,paid,2026-03-20
800544,600604,2089.99,cash,paid,2026-03-16
800545,600605,1877.54,card,paid,2026-05-23
800546,600606,934.65,bank_transfer,paid,2026-07-09
800547,600607,108.96,card,paid,2026-02-14
800548,600608,1648.7,cash,paid,2026-07-09
800549,600609,1199.35,card,paid,2026-02-14
800550,600610,681.58,cash,paid,2026-03-17
800551,600611,1615.49,paypal,paid,2026-05-18
800552,600612,695.14,cash,paid,2026-03-07
800553,600613,1570.68,CARD,paid,2026-03-16
800554,600614,1291.0, Bank Transfer ,paid,2026-03-28
800555,600615,310.5,cash,paid,2026-05-31
800556,600616,835.92,card,paid,2026-08-10
800557,600617,2451.58,paypal,paid,2026-02-09
800558,600618,1631.4,card,paid,2026-05-14
800559,600619,468.08,bank_transfer,paid,2026-06-16
800560,600620,1928.36,card,paid,2026-02-03
800561,600622,2080.99,bank_transfer,paid,2026-06-22
800562,600623,2113.32, Bank Transfer ,paid,2026-05-14
800563,600624,186.39,cash,paid,2026-03-28
800564,600626,2385.37, Bank Transfer ,paid,2026-07-22
800565,600627,1032.78,paypal,paid,2026-07-24
800566,600628,1350.82,paypal,paid,2026-02-05
800567,600629,2006.51,cash,paid,2026-06-14
800568,600630,1476.1, Bank Transfer ,paid,2026-05-02
800569,600631,2713.46,CARD,paid,2026-01-04
800570,600632,1455.22, Bank Transfer ,paid,2026-04-06
800571,600633,4389.71,card,paid,2026-03-26
800572,600634,111.68,bank_transfer,paid,2026-03-04
800573,600635,443.76,cash,paid,2026-07-02
800574,600636,1508.58,card,paid,2026-05-08
800575,600637,966.52,bank_transfer,paid,2026-07-21
800576,600638,367.28,bank_transfer,paid,2026-06-18
800577,600639,1202.59,card,paid,2026-05-14
800578,600640,307.84,cash,paid,2026-05-31
800579,600641,723.15,card,paid,2026-06-27
800580,600642,4704.16,card,paid,2026-04-12
800581,600643,1124.94,CARD,paid,2026-08-06
800582,600645,141.68, Bank Transfer ,paid,2026-06-18
800583,600647,1604.48,CARD,paid,2026-07-23
800584,600648,597.34,paypal,paid,2026-05-15
800585,600650,516.1,cash,paid,2026-03-20
800586,600651,647.16,CARD,paid,2026-08-10
800587,600653,-1157.76,paypal,refunded,2026-04-13
800588,600655,2502.63, Bank Transfer ,paid,2026-06-25
800589,600656,1605.98,CARD,paid,2026-03-11
800590,600657,1204.03,CARD,paid,2026-08-03
800591,600658,2823.44,bank_transfer,paid,2026-02-25
800592,600659,2545.8,CARD,paid,2026-07-24
800593,600661,1113.66,CARD,paid,2026-05-27
800594,600663,620.27,cash,paid,2026-06-07
800595,600665,835.98,card,paid,2026-01-17
800596,600666,148.95,CARD,paid,2026-02-19
800597,600667,2937.53,paypal,paid,2026-01-19
800598,600668,2248.44, Bank Transfer ,paid,2026-07-27
800599,600670,1133.54,CARD,paid,2026-04-11
800600,600671,1427.17,paypal,paid,2026-06-27
800601,600672,802.84,bank_transfer,paid,2026-01-22
800602,600673,3502.03, Bank Transfer ,paid,2026-01-19
800603,600674,879.45,cash,paid,2026-02-19
800604,600675,-1404.34, Bank Transfer ,refunded,2026-06-08
800605,600676,986.95,cash,paid,2026-03-04
800606,600677,1627.44,card,paid,2026-03-27
800607,600678,404.2, Bank Transfer ,paid,2026-07-24
800608,600679,897.87,cash,paid,2026-08-02
800609,600680,1770.24,card,paid,2026-03-21
800610,600681,0,card,failed,2026-06-05
800611,600682,1749.4,paypal,paid,2026-01-05
800612,600684,447.58,card,paid,2026-04-07
800613,600685,1435.1,card,paid,2026-06-26
800614,600686,1090.2,card,paid,2026-07-09
800615,600687,358.24,card,paid,2026-05-17
800616,600688,1915.8,cash,paid,2026-07-02
800617,600689,1999.53,paypal,paid,2026-07-23
800618,600690,1419.55,card,paid,2026-03-04
800619,600691,195.09,paypal,paid,2026-04-05
800620,600693,2051.78,cash,paid,2026-02-21
800621,600694,1482.04, Bank Transfer ,paid,2026-03-02
800622,600695,1376.05,card,paid,2026-04-14
800623,600696,1238.21,paypal,paid,2026-04-11
800624,600697,1699.36, Bank Transfer ,paid,2026-06-15
800625,600698,1568.41,card,paid,2026-04-14
800626,600699,1056.42,card,paid,2026-06-26
800627,600700,238.35,cash,paid,2026-05-12
800628,600701,958.53,bank_transfer,paid,2026-01-07
800629,600702,696.33,card,paid,2026-02-18
800630,600703,2177.05,paypal,paid,2026-07-08
800631,600704,1981.04,card,paid,2026-05-25
800632,600705,1209.14,bank_transfer,paid,2026-06-14
800633,600706,1507.81,bank_transfer,paid,2026-03-04
800634,600707,2676.31,bank_transfer,paid,2026-05-02
800635,600708,770.89,CARD,paid,2026-05-30
800636,600709,394.94,bank_transfer,paid,2026-03-29
800637,600710,980.51,CARD,paid,2026-01-05
800638,600711,1505.83,bank_transfer,paid,2026-02-20
800639,600712,1817.88,cash,paid,2026-02-17
800640,600713,1188.68,card,paid,2026-06-18
800641,600714,969.45, Bank Transfer ,paid,2026-07-18
800642,600715,1321.46,CARD,paid,2026-01-15
800643,600716,846.57,bank_transfer,paid,2026-01-10
800644,600717,2812.1,bank_transfer,paid,2026-02-07
800645,600718,1570.1,paypal,paid,2026-01-20
800646,600719,1876.88,cash,paid,2026-01-29
800647,600720,458.4,CARD,paid,2026-01-12
800648,600722,760.33,cash,paid,2026-01-17
800649,600723,2539.48, Bank Transfer ,paid,2026-07-06
800650,600724,1265.96,bank_transfer,paid,2026-08-04
800651,600725,2760.28,CARD,paid,2026-08-02
800652,600726,178.29, Bank Transfer ,paid,2026-03-20
800653,600727,2364.97,bank_transfer,paid,2026-07-05
800654,600728,1017.23, Bank Transfer ,paid,2026-06-29
800655,600730,845.95,bank_transfer,paid,2026-08-13
800656,600732,2157.12,cash,paid,2026-06-05
800657,600733,0,paypal,failed,2026-06-29
800658,600734,648.34,bank_transfer,paid,2026-07-22
800659,600735,1498.59,CARD,paid,2026-06-25
800660,600736,2470.26,bank_transfer,paid,2026-07-12
800661,600738,1455.18,bank_transfer,paid,2026-07-25
800662,600741,302.4,card,paid,2026-03-13
800663,600742,1265.44,paypal,paid,2026-07-10
800664,600744,261.19,paypal,paid,2026-03-11
800665,600745,2082.94,cash,paid,2026-06-23
800666,600746,-2268.29,card,refunded,2026-04-05
800667,600748,2443.95,bank_transfer,paid,2026-07-02
800668,600749,1883.12,card,paid,2026-06-19
800669,600750,1026.03,cash,paid,2026-02-24
800670,600751,2175.63, Bank Transfer ,paid,2026-08-09
800671,600752,477.76, Bank Transfer ,paid,2026-05-22
800672,600753,669.79,cash,paid,2026-08-07
800673,600754,1493.34,cash,paid,2026-07-19
800674,600755,1831.7,bank_transfer,paid,2026-05-26
800675,600756,1648.36,paypal,paid,2026-04-04
800676,600757,598.65,cash,paid,2026-03-28
800677,600759,1590.35,bank_transfer,paid,2026-01-01
800678,600760,568.7,paypal,paid,2026-03-13
800679,600761,767.52,paypal,paid,2026-05-21
800680,600762,291.16,CARD,paid,2026-08-07
800681,600763,1137.49,CARD,paid,2026-08-08
800682,600764,0, Bank Transfer ,paid,2026-08-02
800683,600765,842.25,bank_transfer,paid,2026-07-15
800684,600766,2064.98,bank_transfer,paid,2026-01-26
800685,600767,1356.52,paypal,paid,2026-07-10
800686,600768,-365.82,paypal,refunded,2026-01-16
800687,600769,697.2, Bank Transfer ,paid,2026-01-31
800688,600770,923.05, Bank Transfer ,paid,2026-01-18
800689,600771,2716.68,card,paid,2026-05-17
800690,600772,1125.36,card,paid,2026-06-20
800691,600773,1105.34, Bank Transfer ,paid,2026-03-03
800692,600774,1230.43,paypal,paid,2026-01-22
800693,600775,-1540.66,card,refunded,2026-04-30
800694,600776,1318.41, Bank Transfer ,paid,2026-01-10
800695,600777,2799.57,paypal,paid,2026-01-18
800696,600778,3757.25,cash,paid,2026-06-12
800697,600779,1424.04,cash,paid,2026-05-06
800698,600780,2380.61,cash,paid,2026-08-06
800699,600781,549.96, Bank Transfer ,paid,2026-08-07
800700,600782,1758.16,bank_transfer,paid,2026-04-06
800701,600783,519.39,bank_transfer,paid,2026-03-06
800702,600784,2249.94,bank_transfer,paid,2026-02-03
800703,600785,684.13,paypal,paid,2026-07-05
800704,600786,-2493.81, Bank Transfer ,refunded,2026-04-09
800705,600787,785.6,bank_transfer,paid,2026-03-25
800706,600788,291.92,card,paid,2026-04-12
800707,600789,22.2,paypal,paid,2026-02-18
800708,600791,2088.7,cash,paid,2026-04-29
800709,600792,953.15,paypal,paid,2026-01-31
800710,600793,2188.92,cash,paid,2026-01-25
800711,600794,490.44,paypal,paid,2026-01-04
800712,600795,1391.36,bank_transfer,paid,2026-02-14
800713,600796,312.57,card,paid,2026-01-17
800714,600797,808.93, Bank Transfer ,paid,2026-06-05
800715,600798,2176.55,card,paid,2026-01-14
800716,600799,51.72, Bank Transfer ,paid,2026-03-01
800717,600800,70.56,bank_transfer,paid,2026-08-05
800718,600802,2130.21, Bank Transfer ,paid,2026-03-08
800719,600803,2076.8,card,paid,2026-07-03
800720,600804,298.05, Bank Transfer ,paid,2026-06-22
800721,600805,1065.86,bank_transfer,paid,2026-06-26
800722,600806,876.46,CARD,paid,2026-02-18
800723,600807,1448.23,cash,paid,2026-08-12
800724,600808,1381.59,cash,paid,2026-08-01
800725,600809,801.48,cash,paid,2026-03-05
800726,600810,744.9,paypal,paid,2026-02-17
800727,600811,1394.58,CARD,paid,2026-01-26
800728,600812,336.75,cash,paid,2026-01-20
800729,600813,1670.25,cash,paid,2026-08-01
800730,600814,2960.18,cash,paid,2026-05-17
800731,600815,522.7,card,paid,2026-08-04
800732,600816,1293.45,card,paid,2026-05-11
800733,600818,0,paypal,failed,2026-06-03
800734,600819,1230.15,bank_transfer,paid,2026-07-27
800735,600820,2254.95,cash,paid,2026-03-17
800736,600821,1140.88,bank_transfer,paid,2026-06-10
800737,600822,-2418.78,paypal,refunded,2026-03-07
800738,600823,479.82,CARD,paid,2026-06-02
800739,600824,1374.72,bank_transfer,paid,2026-06-30
800740,600825,1524.94, Bank Transfer ,paid,2026-07-12
800741,600826,2213.77,CARD,paid,2026-07-29
800742,600827,1341.31,paypal,paid,2026-05-19
800743,600828,185.22,bank_transfer,paid,2026-02-14
800744,600829,695.07,paypal,paid,2026-08-02
800745,600830,561.76,CARD,paid,2026-02-26
800746,600831,368.82,cash,paid,2026-03-23
800747,600832,0,paypal,failed,2026-05-03
800748,600833,1764.32,card,paid,2026-01-15
800749,600834,1298.65, Bank Transfer ,paid,2026-04-29
800750,600836,1624.3, Bank Transfer ,paid,2026-02-02
800751,600838,2616.52,paypal,paid,2026-06-24
800752,600839,718.05,card,paid,2026-03-05
800753,600840,966.92,cash,paid,2026-08-07
800754,600841,1173.19,cash,paid,2026-06-13
800755,600842,1362.01,card,paid,2026-03-20
800756,600843,1772.07, Bank Transfer ,paid,2026-06-19
800757,600844,967.98,cash,paid,2026-02-19
800758,600845,226.26,bank_transfer,paid,2026-07-25
800759,600846,2017.78,card,paid,2026-03-16
800760,600847,608.8,cash,paid,2026-03-07
800761,600848,0,card,failed,2026-06-23
800762,600849,1560.98,cash,paid,2026-06-15
800763,600851,1257.38,CARD,paid,2026-05-30
800764,600852,958.23, Bank Transfer ,paid,2026-02-18
800765,600853,2431.06, Bank Transfer ,paid,2026-07-11
800766,600854,757.45,CARD,paid,2026-06-14
800767,600855,864.35,cash,paid,2026-05-25
800768,600856,768.49,paypal,paid,2026-05-01
800769,600857,752.55,card,paid,2026-03-06
800770,600858,856.2, Bank Transfer ,paid,2026-07-02
800771,600859,168.17,paypal,paid,2026-08-03
800772,600860,237.09, Bank Transfer ,paid,2026-06-16
800773,600861,0,bank_transfer,paid,2026-07-31
800774,600862,1803.65, Bank Transfer ,paid,2026-05-01
800775,600863,895.89,CARD,paid,2026-05-15
800776,600864,832.85,card,paid,2026-03-17
800777,600865,722.58,cash,paid,2026-08-09
800778,600866,23.52,CARD,paid,2026-01-28
800779,600867,682.54, Bank Transfer ,paid,2026-03-05
800780,600868,307.34,card,paid,2026-03-28
800781,600870,1846.09,paypal,paid,2026-03-22
800782,600871,1746.68, Bank Transfer ,paid,2026-02-10
800783,600872,2143.48,card,paid,2026-06-11
800784,600873,1324.92,card,paid,2026-02-16
800785,600874,231.08,bank_transfer,paid,2026-02-16
800786,600875,444.58,paypal,paid,2026-02-20
800787,600876,1076.3,paypal,paid,2026-04-28
800788,600877,782.38,cash,paid,2026-02-07
800789,600878,0,CARD,failed,2026-08-03
800790,600879,331.78,bank_transfer,paid,2026-04-15
800791,600880,2385.34,CARD,paid,2026-04-05
800792,600881,763.13,cash,paid,2026-01-26
800793,600882,2236.09,bank_transfer,paid,2026-02-22
800794,600883,560.76,card,paid,2026-04-12
800795,600884,2253.16,CARD,paid,2026-04-21
800796,600885,623.68,CARD,paid,2026-06-09
800797,600886,1706.73,cash,paid,2026-06-21
800798,600887,1261.61,bank_transfer,paid,2026-04-11
800799,600889,446.56,CARD,paid,2026-07-03
800800,600890,2950.18,CARD,paid,2026-07-29
800801,600891,927.06,bank_transfer,paid,2026-07-24
800802,600892,1004.85,CARD,paid,2026-01-22
800803,600893,1442.22,cash,paid,2026-02-27
800804,600895,1043.46, Bank Transfer ,paid,2026-02-20
800805,600896,503.42,bank_transfer,paid,2026-01-21
800806,600898,1842.35,cash,paid,2026-04-09
800807,600899,2409.3,cash,paid,2026-07-16
800808,600900,2611.53,paypal,paid,2026-04-26
800809,600901,3248.16,paypal,paid,2026-06-23
800810,600902,885.3,CARD,paid,2026-03-27
800811,600903,339.67,bank_transfer,paid,2026-01-01
800812,600904,0,CARD,failed,2026-03-28
800813,600905,548.58,card,paid,2026-05-15
800814,600907,684.98,card,paid,2026-01-17
800815,600908,1454.4, Bank Transfer ,paid,2026-04-17
800816,600909,1616.68,cash,paid,2026-03-05
800817,600910,-1582.74,card,refunded,2026-07-02
800818,600911,1269.13,cash,paid,2026-03-05
800819,600912,1353.16,CARD,paid,2026-01-07
800820,600913,1906.7,bank_transfer,paid,2026-01-29
800821,600914,2716.45,card,paid,2026-02-13
800822,600916,-184.56,bank_transfer,refunded,2026-04-03
800823,600918,93.11, Bank Transfer ,paid,2026-02-20
800824,600919,1651.71, Bank Transfer ,paid,2026-04-16
800825,600920,2124.5, Bank Transfer ,paid,2026-06-04
800826,600921,1177.0,paypal,paid,2026-08-01
800827,600922,155.56,paypal,paid,2026-02-19
800828,600923,186.49,CARD,paid,2026-05-20
800829,600924,1424.75,CARD,paid,2026-01-22
800830,600926,1420.48,bank_transfer,paid,2026-03-10
800831,600927,2407.35,cash,paid,2026-02-08
800832,600928,1704.6,paypal,paid,2026-04-10
800833,600929,1539.56,cash,paid,2026-01-18
800834,600930,2052.41,card,paid,2026-06-26
800835,600931,1460.97, Bank Transfer ,paid,2026-05-16
800836,600932,1577.54,paypal,paid,2026-02-15
800837,600933,1942.57,paypal,paid,2026-01-28
800838,600934,401.82,paypal,paid,2026-01-30
800839,600936,348.62,card,paid,2026-05-09
800840,600937,1949.16,card,paid,2026-06-30
800841,600938,0,CARD,failed,2026-07-24
800842,600939,4553.97,CARD,paid,2026-03-08
800843,600940,496.6,card,paid,2026-05-04
800844,600942,2119.54,paypal,paid,2026-01-08
800845,600943,1693.29,paypal,paid,2026-02-26
800846,600944,744.83,bank_transfer,paid,2026-06-14
800847,600945,524.99,paypal,paid,2026-05-28
800848,600946,2250.46, Bank Transfer ,paid,2026-07-05
800849,600947,609.99,card,paid,2026-05-18
800850,600948,613.6,paypal,paid,2026-03-13
800851,600949,2313.26,paypal,paid,2026-05-08
800852,600950,2340.83,cash,paid,2026-03-03
800853,600951,181.38, Bank Transfer ,paid,2026-01-04
800854,600952,1691.7,paypal,paid,2026-01-26
800855,600953,726.06,CARD,paid,2026-02-18
800856,600954,2395.27,cash,paid,2026-03-13
800857,600955,313.4,CARD,paid,2026-03-03
800858,600956,1462.15,paypal,paid,2026-06-30
800859,600957,82.16,card,paid,2026-01-29
800860,600958,432.6, Bank Transfer ,paid,2026-08-05
800861,600959,2576.13,CARD,paid,2026-07-10
800862,600960,575.58,cash,paid,2026-02-02
800863,600961,1286.98,cash,paid,2026-04-06
800864,600962,145.18,card,paid,2026-06-10
800865,600963,854.09, Bank Transfer ,paid,2026-08-14
800866,600964,3387.28, Bank Transfer ,paid,2026-05-15
800867,600965,233.54, Bank Transfer ,paid,2026-02-06
800868,600967,1162.08,bank_transfer,paid,2026-06-15
800869,600968,667.38, Bank Transfer ,paid,2026-06-03
800870,600969,782.68, Bank Transfer ,paid,2026-06-15
800871,600970,2075.47,cash,paid,2026-03-12
800872,600971,463.35,paypal,paid,2026-03-05
800873,600972,1861.0, Bank Transfer ,paid,2026-03-10
800874,600973,1458.33,CARD,paid,2026-06-21
800875,600974,2160.22,CARD,paid,2026-04-30
800876,600976,1488.4,CARD,paid,2026-01-04
800877,600977,580.78, Bank Transfer ,paid,2026-04-01
800878,600978,1204.84, Bank Transfer ,paid,2026-08-07
800879,600979,1936.33,cash,paid,2026-08-01
800880,600980,1749.89,CARD,paid,2026-07-13
800881,600982,3904.7,paypal,paid,2026-08-13
800882,600983,1805.6,cash,paid,2026-03-02
800883,600984,2235.85,card,paid,2026-05-21
800884,600985,1740.94,CARD,paid,2026-07-05
800885,600986,881.86,paypal,paid,2026-08-13
800886,600987,516.66,cash,paid,2026-02-26
800887,600988,782.44,CARD,paid,2026-03-23
800888,600989,175.82,paypal,paid,2026-04-14
800889,600990,946.8,bank_transfer,paid,2026-05-19
800890,600991,299.95,card,paid,2026-01-12
800891,600992,1188.1, Bank Transfer ,paid,2026-02-24
800892,600993,2503.64,bank_transfer,paid,2026-07-04
800893,600994,931.2,paypal,paid,2026-08-12
800894,600995,13.65,cash,paid,2026-03-10
800895,600996,236.51,CARD,paid,2026-04-16
800896,600997,2005.12,cash,paid,2026-08-08
800897,600998,1382.55, Bank Transfer ,paid,2026-03-15
800898,600999,660.72,card,paid,2026-01-05
800899,601000,575.16,card,paid,2026-02-27
800900,601002,1226.06,paypal,paid,2026-04-23
800901,601004,1616.78,CARD,paid,2026-08-02
800902,601005,1922.48,bank_transfer,paid,2026-03-18
800903,601006,293.85,bank_transfer,paid,2026-06-27
800904,601007,1071.19,card,paid,2026-01-02
800905,601008,1676.11,paypal,paid,2026-01-04
800906,601009,216.14,card,paid,2026-06-16
800907,601010,496.78,card,paid,2026-02-01
800908,601011,874.9,bank_transfer,paid,2026-06-26
800909,601012,447.14,CARD,paid,2026-07-25
800910,601013,878.6,CARD,paid,2026-06-08
800911,601014,1203.95, Bank Transfer ,paid,2026-07-02
800912,601015,527.88, Bank Transfer ,paid,2026-04-04
800913,601016,483.02,cash,paid,2026-02-27
800914,601017,296.25,bank_transfer,paid,2026-03-25
800915,601018,1456.99,cash,paid,2026-03-14
800916,601019,1383.97,bank_transfer,paid,2026-06-08
800917,601020,500.27,cash,paid,2026-06-20
800918,601021,883.5,bank_transfer,paid,2026-07-28
800919,601022,2147.26,paypal,paid,2026-06-28
800920,601023,1273.89,paypal,paid,2026-01-24
800921,601024,-153.64,card,refunded,2026-01-10
800922,601025,249.96,card,paid,2026-06-12
800923,601029,2190.13,paypal,paid,2026-07-01
800924,601030,958.2,paypal,paid,2026-04-13
800925,601031,1639.03,card,paid,2026-02-13
800926,601032,550.62,cash,paid,2026-03-14
800927,601033,0,paypal,failed,2026-04-11
800928,601034,1008.26,bank_transfer,paid,2026-02-06
800929,601035,2568.88,paypal,paid,2026-05-23
800930,601036,454.01, Bank Transfer ,paid,2026-04-22
800931,601037,1155.79,bank_transfer,paid,2026-02-22
800932,601038,721.4,paypal,paid,2026-02-08
800933,601039,2196.85,cash,paid,2026-02-21
800934,601040,1317.12,paypal,paid,2026-08-14
800935,601041,596.16,bank_transfer,paid,2026-07-15
800936,601042,2710.63,card,paid,2026-02-05
800937,601043,873.36, Bank Transfer ,paid,2026-08-04
800938,601044,41.76, Bank Transfer ,paid,2026-01-17
800939,601047,536.1,cash,paid,2026-06-23
800940,601048,1630.1,card,paid,2026-06-22
800941,601049,-344.28,paypal,refunded,2026-05-29
800942,601050,1112.69,CARD,paid,2026-02-20
800943,601052,-1638.05,cash,refunded,2026-01-16
800944,601053,1885.77,card,paid,2026-03-31
800945,601054,17.46, Bank Transfer ,paid,2026-03-14
800946,601055,442.25,cash,paid,2026-04-03
800947,601056,2220.73,card,paid,2026-08-10
800948,601057,3085.8,CARD,paid,2026-04-17
800949,601059,247.0,paypal,paid,2026-06-22
800950,601060,434.76,cash,paid,2026-01-18
800951,601061,1917.72,card,paid,2026-05-06
800952,601062,1809.64,CARD,paid,2026-06-03
800953,601063,2121.25, Bank Transfer ,paid,2026-01-23
800954,601064,863.96,CARD,paid,2026-01-22
800955,601065,856.53,CARD,paid,2026-06-20
800956,601066,260.6,card,paid,2026-08-01
800957,601068,36.32,card,paid,2026-02-10
800958,601069,1795.58,CARD,paid,2026-05-29
800959,601070,1188.28,paypal,paid,2026-01-17
800960,601072,2801.06,cash,paid,2026-05-15
800961,601073,2197.16,CARD,paid,2026-06-23
800962,601074,550.69,bank_transfer,paid,2026-01-23
800963,601075,497.47,paypal,paid,2026-05-23
800964,601076,382.06,bank_transfer,paid,2026-02-15
800965,601077,1555.74,paypal,paid,2026-01-26
800966,601078,1608.95, Bank Transfer ,paid,2026-05-27
800967,601080,732.64,card,paid,2026-08-03
800968,601081,312.95,CARD,paid,2026-05-23
800969,601082,633.84,cash,paid,2026-01-04
800970,601083,1167.8, Bank Transfer ,paid,2026-05-05
800971,601084,378.7,cash,paid,2026-08-02
800972,601085,2101.59, Bank Transfer ,paid,2026-05-16
800973,601087,1556.24,cash,paid,2026-02-14
800974,601088,219.24,bank_transfer,paid,2026-08-02
800975,601089,2697.94,CARD,paid,2026-01-19
800976,601091,653.45,bank_transfer,paid,2026-08-02
800977,601092,636.49,paypal,paid,2026-02-05
800978,601093,1124.85,paypal,paid,2026-05-06
800979,601094,200.69,card,paid,2026-04-08
800980,601095,606.06, Bank Transfer ,paid,2026-05-21
800981,601096,559.52,card,paid,2026-01-13
800982,601097,821.56,CARD,paid,2026-04-23
800983,601099,920.54,cash,paid,2026-03-26
800984,601100,572.8,CARD,paid,2026-03-11
800985,601101,2721.68, Bank Transfer ,paid,2026-05-03
800986,601103,369.92,bank_transfer,paid,2026-06-12
800987,601105,2361.61,bank_transfer,paid,2026-04-12
800988,601106,1134.8, Bank Transfer ,paid,2026-04-04
800989,601108,1835.44,CARD,paid,2026-03-24
800990,601109,670.25,paypal,paid,2026-02-17
800991,601110,3206.54,bank_transfer,paid,2026-04-09
800992,601111,564.76,CARD,paid,2026-05-29
800993,601112,3096.03,paypal,paid,2026-06-16
800994,601113,0, Bank Transfer ,failed,2026-03-04
800995,601114,948.02,paypal,paid,2026-03-29
800996,601116,1387.04,CARD,paid,2026-01-20
800997,601117,840.72,bank_transfer,paid,2026-04-11
800998,601118,2866.68,CARD,paid,2026-04-11
800999,601119,86.09,cash,paid,2026-04-23
801000,601120,817.22, Bank Transfer ,paid,2026-05-07
801001,601123,0,cash,failed,2026-06-12
801002,601124,873.62,cash,paid,2026-01-26
801003,601125,1847.46,paypal,paid,2026-08-08
801004,601126,413.49, Bank Transfer ,paid,2026-02-16
801005,601127,551.19,card,paid,2026-08-14
801006,601128,2498.14,cash,paid,2026-03-29
801007,601129,868.34,CARD,paid,2026-07-14
801008,601130,1348.9,card,paid,2026-01-07
801009,601131,1786.76,paypal,paid,2026-04-22
801010,601132,1804.75,CARD,paid,2026-06-19
801011,601133,1248.56,card,paid,2026-05-03
801012,601135,1507.06, Bank Transfer ,paid,2026-01-23
801013,601136,363.4, Bank Transfer ,paid,2026-08-06
801014,601137,1236.6,bank_transfer,paid,2026-06-04
801015,601138,2205.86,card,paid,2026-05-15
801016,601139,-1843.36,CARD,refunded,2026-07-21
801017,601140,1821.51, Bank Transfer ,paid,2026-03-14
801018,601141,979.2,card,paid,2026-05-22
801019,601142,15.36,bank_transfer,paid,2026-05-07
801020,601143,616.02,paypal,paid,2026-01-05
801021,601144,328.83, Bank Transfer ,paid,2026-01-16
801022,601145,1802.55,bank_transfer,paid,2026-04-13
801023,601146,1219.23,CARD,paid,2026-03-30
801024,601147,240.14,cash,paid,2026-08-05
801025,601148,719.98,CARD,paid,2026-01-15
801026,601149,1822.14,cash,paid,2026-05-14
801027,601150,2320.15,CARD,paid,2026-01-18
801028,601151,807.35,CARD,paid,2026-04-07
801029,601152,2028.58,CARD,paid,2026-02-12
801030,601153,846.41,paypal,paid,2026-06-13
801031,601154,1061.46,cash,paid,2026-07-21
801032,601155,227.36,bank_transfer,paid,2026-03-13
801033,601156,946.17, Bank Transfer ,paid,2026-08-04
801034,601157,3306.6, Bank Transfer ,paid,2026-08-09
801035,601158,1554.9,paypal,paid,2026-06-28
801036,601159,3161.26, Bank Transfer ,paid,2026-06-12
801037,601160,246.0,CARD,paid,2026-05-02
801038,601161,1610.26,card,paid,2026-08-08
801039,601162,2212.58, Bank Transfer ,paid,2026-03-10
801040,601163,1573.57, Bank Transfer ,paid,2026-05-27
801041,601164,4217.33,bank_transfer,paid,2026-04-30
801042,601165,825.8,cash,paid,2026-05-30
801043,601166,2298.5, Bank Transfer ,paid,2026-04-04
801044,601167,1411.16, Bank Transfer ,paid,2026-05-26
801045,601168,3023.19,cash,paid,2026-01-22
801046,601169,0,card,failed,2026-01-25
801047,601170,1383.17,paypal,paid,2026-03-18
801048,601171,88.3,cash,paid,2026-04-04
801049,601172,300.26, Bank Transfer ,paid,2026-02-28
801050,601173,2180.65,card,paid,2026-05-09
801051,601175,2175.33, Bank Transfer ,paid,2026-06-06
801052,601176,1627.1, Bank Transfer ,paid,2026-06-09
801053,601177,1346.42,bank_transfer,paid,2026-05-09
801054,601179,670.42,bank_transfer,paid,2026-05-24
801055,601180,387.0,card,paid,2026-07-09
801056,601181,2633.15,cash,paid,2026-03-01
801057,601182,496.37,CARD,paid,2026-05-22
801058,601183,1201.45,bank_transfer,paid,2026-07-01
801059,601184,3420.28, Bank Transfer ,paid,2026-05-22
801060,601186,1784.86,paypal,paid,2026-03-14
801061,601187,316.9,CARD,paid,2026-06-11
801062,601188,674.49, Bank Transfer ,paid,2026-07-04
801063,601189,835.87,paypal,paid,2026-03-03
801064,601190,1839.36, Bank Transfer ,paid,2026-05-13
801065,601191,-1556.16, Bank Transfer ,refunded,2026-05-15
801066,601192,208.82,card,paid,2026-06-14
801067,601193,2613.59,CARD,paid,2026-07-29
801068,601194,2609.85,CARD,paid,2026-01-11
801069,601195,3203.59,cash,paid,2026-04-04
801070,601196,1713.34,cash,paid,2026-07-17
801071,601197,530.43,card,paid,2026-01-18
801072,601198,1095.74,cash,paid,2026-06-29
801073,601199,475.5,cash,paid,2026-06-29
801074,601200,652.62, Bank Transfer ,paid,2026-05-30
801075,601201,2305.4,card,paid,2026-07-28
801076,601202,1171.17, Bank Transfer ,paid,2026-07-24
801077,601203,1613.11, Bank Transfer ,paid,2026-03-12
801078,601204,1030.68,bank_transfer,paid,2026-04-26
801079,601205,2340.36,bank_transfer,paid,2026-01-01
801080,601206,861.94,CARD,paid,2026-02-18
801081,601207,439.38, Bank Transfer ,paid,2026-05-10
801082,601208,1112.8,paypal,paid,2026-05-16
801083,601210,992.56,card,paid,2026-04-16
801084,601211,318.61,bank_transfer,paid,2026-02-09
801085,601212,854.24,bank_transfer,paid,2026-01-17
801086,601213,570.56,paypal,paid,2026-07-12
801087,601214,643.77, Bank Transfer ,paid,2026-03-14
801088,601215,1245.24,cash,paid,2026-04-03
801089,601216,94.52,cash,paid,2026-01-03
801090,601217,305.28, Bank Transfer ,paid,2026-03-02
801091,601218,1118.3,paypal,paid,2026-04-26
801092,601219,1873.36,cash,paid,2026-01-03
801093,601220,1070.88,cash,paid,2026-06-19
801094,601221,433.46, Bank Transfer ,paid,2026-07-15
801095,601222,1037.25,bank_transfer,paid,2026-03-05
801096,601223,1538.98,card,paid,2026-02-18
801097,601224,578.84,CARD,paid,2026-03-15
801098,601225,585.6,cash,paid,2026-04-24
801099,601226,-2194.05,cash,refunded,2026-04-17
801100,601227,1732.07,CARD,paid,2026-04-17
801101,601229,1721.85,CARD,paid,2026-05-02
801102,601231,1255.11,bank_transfer,paid,2026-07-15
801103,601232,439.12,bank_transfer,paid,2026-02-26
801104,601233,629.6,cash,paid,2026-02-28
801105,601235,294.64,card,paid,2026-02-15
801106,601236,695.28,paypal,paid,2026-07-27
801107,601237,3257.52,cash,paid,2026-04-26
801108,601238,1907.74,card,paid,2026-06-14
801109,601239,2513.85,card,paid,2026-03-06
801110,601240,1220.0,CARD,paid,2026-03-31
801111,601241,2075.34,paypal,paid,2026-01-16
801112,601242,844.01,cash,paid,2026-03-25
801113,601243,2800.6,CARD,paid,2026-02-25
801114,601244,-1676.91,card,refunded,2026-08-03
801115,601245,1783.76,card,paid,2026-07-01
801116,601246,923.5,bank_transfer,paid,2026-02-10
801117,601247,145.46,CARD,paid,2026-05-29
801118,601248,929.71,CARD,paid,2026-04-20
801119,601249,3816.17, Bank Transfer ,paid,2026-01-18
801120,601250,-2374.71,paypal,refunded,2026-01-30
801121,601252,212.21,bank_transfer,paid,2026-02-21
801122,601253,584.35,card,paid,2026-01-04
801123,601254,179.28, Bank Transfer ,paid,2026-06-22
801124,601255,140.19,card,paid,2026-06-26
801125,601256,1073.84,card,paid,2026-01-17
801126,601257,1568.31,paypal,paid,2026-07-04
801127,601258,1619.48, Bank Transfer ,paid,2026-03-24
801128,601259,2281.05,card,paid,2026-01-15
801129,601260,1736.18,card,paid,2026-06-11
801130,601261,784.64,bank_transfer,paid,2026-02-23
801131,601262,398.3,CARD,paid,2026-01-13
801132,601263,0,paypal,failed,2026-06-13
801133,601264,1475.83,paypal,paid,2026-04-26
801134,601265,865.95,bank_transfer,paid,2026-03-12
801135,601266,752.7,bank_transfer,paid,2026-02-01
801136,601267,2167.65,cash,paid,2026-02-06
801137,601268,1393.06, Bank Transfer ,paid,2026-05-13
801138,601269,1991.06,bank_transfer,paid,2026-07-18
801139,601271,1062.76,cash,paid,2026-03-21
801140,601272,564.39,bank_transfer,paid,2026-01-24
801141,601274,1672.93,paypal,paid,2026-06-26
801142,601275,2831.4, Bank Transfer ,paid,2026-05-12
801143,601276,362.49,card,paid,2026-01-21
801144,601278,1459.82,paypal,paid,2026-06-09
801145,601279,2294.21,CARD,paid,2026-04-10
801146,601280,327.48, Bank Transfer ,paid,2026-03-07
801147,601281,1453.7,cash,paid,2026-08-09
801148,601282,1917.63,CARD,paid,2026-06-23
801149,601283,1464.98,cash,paid,2026-04-16
801150,601284,4082.79,cash,paid,2026-02-11
801151,601285,168.09,bank_transfer,paid,2026-03-30
801152,601287,1600.41,bank_transfer,paid,2026-01-12
801153,601289,1710.82,card,paid,2026-02-19
801154,601290,1687.55, Bank Transfer ,paid,2026-07-17
801155,601291,1192.52,cash,paid,2026-04-28
801156,601292,365.72,paypal,paid,2026-06-19
801157,601293,385.16,paypal,paid,2026-02-10
801158,601294,324.33, Bank Transfer ,paid,2026-06-26
801159,601295,1444.86,card,paid,2026-03-11
801160,601296,1982.56,cash,paid,2026-01-01
801161,601297,1285.97,bank_transfer,paid,2026-03-13
801162,601298,1710.75, Bank Transfer ,paid,2026-06-16
801163,601299,1887.1,CARD,paid,2026-07-03
801164,601300,897.92,cash,paid,2026-07-05
801165,601301,1278.34,CARD,paid,2026-08-10
801166,601302,2476.35,CARD,paid,2026-01-22
801167,601303,1278.08,cash,paid,2026-07-02
801168,601304,889.95,CARD,paid,2026-06-25
801169,601305,422.25,cash,paid,2026-06-25
801170,601306,32.48,CARD,paid,2026-07-12
801171,601308,2177.44,card,paid,2026-07-03
801172,601309,2258.76,CARD,paid,2026-05-18
801173,601310,770.85,cash,paid,2026-03-23
801174,601313,287.59,paypal,paid,2026-06-14
801175,601314,850.11,card,paid,2026-06-21
801176,601315,0, Bank Transfer ,failed,2026-01-31
801177,601316,1135.35,cash,paid,2026-03-21
801178,601317,1797.71,paypal,paid,2026-01-19
801179,601318,858.76,paypal,paid,2026-03-27
801180,601319,522.66,card,paid,2026-07-09
801181,601320,822.44, Bank Transfer ,paid,2026-08-06
801182,601321,2233.7, Bank Transfer ,paid,2026-04-29
801183,601323,1244.14,CARD,paid,2026-05-14
801184,601324,1110.65,cash,paid,2026-01-03
801185,601325,527.8,paypal,paid,2026-06-03
801186,601326,326.25,card,paid,2026-05-19
801187,601327,4228.8,card,paid,2026-03-28
801188,601328,908.28,bank_transfer,paid,2026-06-01
801189,601329,1181.63, Bank Transfer ,paid,2026-08-02
801190,601330,4009.97,bank_transfer,paid,2026-06-04
801191,601331,1705.24,bank_transfer,paid,2026-05-17
801192,601333,2823.0,bank_transfer,paid,2026-05-06
801193,601334,698.82,CARD,paid,2026-04-18
801194,601335,380.35,CARD,paid,2026-08-04
801195,601336,2425.69,card,paid,2026-04-21
801196,601337,3246.05,card,paid,2026-02-13
801197,601338,871.88,card,paid,2026-02-07
801198,601339,346.25,cash,paid,2026-02-17
801199,601340,488.3, Bank Transfer ,paid,2026-07-19
801200,601341,2529.64,card,paid,2026-07-31
801201,601342,3950.86,CARD,paid,2026-02-10
801202,601343,1486.45,bank_transfer,paid,2026-06-05
801203,601344,643.26,cash,paid,2026-02-06
801204,601345,1065.8,bank_transfer,paid,2026-07-12
801205,601346,-1750.24, Bank Transfer ,refunded,2026-07-13
801206,601348,67.56,card,paid,2026-02-16
801207,601349,1612.54, Bank Transfer ,paid,2026-06-12
801208,601350,1735.55,cash,paid,2026-03-17
801209,601351,814.72,CARD,paid,2026-03-14
801210,601352,755.7,cash,paid,2026-04-28
801211,601353,323.85,card,paid,2026-02-28
801212,601354,152.55,paypal,paid,2026-07-26
801213,601355,72.81,paypal,paid,2026-07-08
801214,601356,2027.28,CARD,paid,2026-01-28
801215,601357,784.83,bank_transfer,paid,2026-05-30
801216,601359,592.82,CARD,paid,2026-03-14
801217,601360,532.4,cash,paid,2026-08-08
801218,601361,2391.89,paypal,paid,2026-07-06
801219,601362,2961.79, Bank Transfer ,paid,2026-06-20
801220,601363,1509.76,CARD,paid,2026-03-10
801221,601364,214.83,bank_transfer,paid,2026-04-09
801222,601365,1293.61,CARD,paid,2026-07-27
801223,601366,810.62,bank_transfer,paid,2026-06-07
801224,601368,0, Bank Transfer ,failed,2026-07-05
801225,601370,1298.73,card,paid,2026-05-13
801226,601371,991.86,CARD,paid,2026-04-26
801227,601372,1633.33,CARD,paid,2026-07-22
801228,601373,0,cash,failed,2026-07-26
801229,601374,2260.41,card,paid,2026-03-07
801230,601375,1770.05,paypal,paid,2026-07-27
801231,601376,528.63,paypal,paid,2026-07-05
801232,601377,735.16,cash,paid,2026-02-01
801233,601379,1669.52,cash,paid,2026-02-07
801234,601380,620.56,card,paid,2026-01-10
801235,601381,978.96,CARD,paid,2026-01-29
801236,601382,896.23, Bank Transfer ,paid,2026-01-21
801237,601383,-349.31,paypal,refunded,2026-03-11
801238,601384,1790.85,paypal,paid,2026-05-11
801239,601385,1763.06,CARD,paid,2026-07-01
801240,601387,606.39, Bank Transfer ,paid,2026-03-02
801241,601388,649.66, Bank Transfer ,paid,2026-02-03
801242,601389,1456.12,CARD,paid,2026-02-26
801243,601390,1328.37,bank_transfer,paid,2026-02-10
801244,601391,520.53,cash,paid,2026-04-10
801245,601392,372.72,card,paid,2026-04-02
801246,601393,1748.06,CARD,paid,2026-07-12
801247,601394,158.24,cash,paid,2026-07-17
801248,601395,2223.22, Bank Transfer ,paid,2026-04-25
801249,601396,455.59,CARD,paid,2026-07-16
801250,601397,3379.25,paypal,paid,2026-05-28
801251,601398,0,card,failed,2026-01-23
801252,601402,89.04,card,paid,2026-03-01
801253,601404,774.43,bank_transfer,paid,2026-07-15
801254,601405,1643.59,card,paid,2026-04-26
801255,601407,1480.82,bank_transfer,paid,2026-08-12
801256,601408,703.89,cash,paid,2026-02-09
801257,601409,1374.24, Bank Transfer ,paid,2026-03-07
801258,601410,1435.57,CARD,paid,2026-05-26
801259,601411,1285.56, Bank Transfer ,paid,2026-04-28
801260,601412,710.22,CARD,paid,2026-05-07
801261,601413,1929.05,cash,paid,2026-02-25
801262,601414,1439.8,paypal,paid,2026-01-23
801263,601415,1372.71,CARD,paid,2026-06-20
801264,601416,818.76, Bank Transfer ,paid,2026-05-23
801265,601419,1580.2,paypal,paid,2026-06-30
801266,601420,2574.72,card,paid,2026-04-12
801267,601421,1266.75,CARD,paid,2026-06-18
801268,601422,484.43,cash,paid,2026-02-06
801269,601423,292.0,cash,paid,2026-05-26
801270,601424,1260.68,bank_transfer,paid,2026-02-10
801271,601425,1851.57,card,paid,2026-03-14
801272,601426,799.48,cash,paid,2026-07-08
801273,601427,145.89,CARD,paid,2026-07-01
801274,601428,824.96,paypal,paid,2026-06-17
801275,601431,258.72,CARD,paid,2026-07-25
801276,601432,913.62,CARD,paid,2026-07-23
801277,601434,0,card,failed,2026-06-14
801278,601435,991.28,CARD,paid,2026-07-11
801279,601436,802.32,card,paid,2026-07-27
801280,601437,1759.53,paypal,paid,2026-01-28
801281,601438,1570.89,paypal,paid,2026-07-20
801282,601440,1841.44,card,paid,2026-07-21
801283,601441,1501.0, Bank Transfer ,paid,2026-07-02
801284,601442,1789.68, Bank Transfer ,paid,2026-01-02
801285,601443,1718.05,bank_transfer,paid,2026-07-04
801286,601444,1265.27, Bank Transfer ,paid,2026-04-15
801287,601445,1007.06, Bank Transfer ,paid,2026-06-21
801288,601446,145.61, Bank Transfer ,paid,2026-07-04
801289,601447,2129.38,card,paid,2026-04-16
801290,601448,352.76,cash,paid,2026-04-05
801291,601449,1281.65,paypal,paid,2026-01-24
801292,601451,2199.53, Bank Transfer ,paid,2026-04-11
801293,601452,1088.89,cash,paid,2026-04-14
801294,601453,271.11,bank_transfer,paid,2026-02-13
801295,601454,2399.21,CARD,paid,2026-07-27
801296,601455,-3194.46,cash,refunded,2026-03-19
801297,601457,1485.16,bank_transfer,paid,2026-06-02
801298,601458,3133.08, Bank Transfer ,paid,2026-03-05
801299,601459,773.09,card,paid,2026-04-16
801300,601460,1521.65,bank_transfer,paid,2026-06-23
801301,601461,415.08,card,paid,2026-07-23
801302,601462,497.42,CARD,paid,2026-03-20
801303,601463,-1064.76,paypal,refunded,2026-04-30
801304,601464,186.98,bank_transfer,paid,2026-05-22
801305,601465,741.63,cash,paid,2026-01-02
801306,601466,2406.24,card,paid,2026-07-03
801307,601467,677.85,CARD,paid,2026-04-01
801308,601468,1289.6,cash,paid,2026-04-29
801309,601469,2216.81,bank_transfer,paid,2026-05-14
801310,601470,367.24, Bank Transfer ,paid,2026-01-08
801311,601471,663.22,bank_transfer,paid,2026-01-10
801312,601472,117.56, Bank Transfer ,paid,2026-06-30
801313,601473,295.0,paypal,paid,2026-03-25
801314,601474,2057.0,CARD,paid,2026-01-14
801315,601475,2089.67,CARD,paid,2026-04-20
801316,601476,233.96, Bank Transfer ,paid,2026-02-27
801317,601477,712.1,CARD,paid,2026-01-17
801318,601478,1822.97,CARD,paid,2026-01-10
801319,601479,904.56,CARD,paid,2026-06-30
801320,601480,314.04,bank_transfer,paid,2026-06-22
801321,601481,1304.54,bank_transfer,paid,2026-05-07
801322,601482,753.49, Bank Transfer ,paid,2026-07-13
801323,601483,267.38,CARD,paid,2026-06-28
801324,601484,569.68,paypal,paid,2026-03-22
801325,601485,427.2, Bank Transfer ,paid,2026-04-15
801326,601486,165.69,cash,paid,2026-02-07
801327,601488,0,card,failed,2026-03-01
801328,601489,720.62, Bank Transfer ,paid,2026-05-30
801329,601490,1924.26,paypal,paid,2026-07-15
801330,601491,3020.71,card,paid,2026-04-02
801331,601494,1470.37,CARD,paid,2026-08-09
801332,601495,1407.86,CARD,paid,2026-01-04
801333,601496,2710.31,card,paid,2026-05-11
801334,601497,1784.7, Bank Transfer ,paid,2026-01-22
801335,601498,615.42,card,paid,2026-06-26
801336,601499,1669.93,CARD,paid,2026-04-27
801337,601500,3314.66,cash,paid,2026-04-17
801338,601501,1311.9,paypal,paid,2026-04-20
801339,601502,1045.89,bank_transfer,paid,2026-08-11
801340,601503,1843.21,bank_transfer,paid,2026-08-11
801341,601504,477.65,cash,paid,2026-05-08
801342,601505,-1850.79,cash,refunded,2026-07-20
801343,601506,2406.52,cash,paid,2026-01-14
801344,601507,915.84,CARD,paid,2026-06-22
801345,601508,876.42,bank_transfer,paid,2026-02-19
801346,601509,379.6, Bank Transfer ,paid,2026-04-18
801347,601510,2095.2,paypal,paid,2026-02-12
801348,601511,738.9,bank_transfer,paid,2026-05-30
801349,601512,997.65,bank_transfer,paid,2026-06-17
801350,601513,598.22,bank_transfer,paid,2026-02-10
801351,601514,414.78,CARD,paid,2026-01-12
801352,601515,143.3,CARD,paid,2026-08-04
801353,601516,799.2,card,paid,2026-07-20
801354,601518,1831.72,card,paid,2026-04-18
801355,601519,700.84,bank_transfer,paid,2026-02-27
801356,601520,408.9,paypal,paid,2026-03-08
801357,601522,495.42,cash,paid,2026-08-04
801358,601523,2172.8, Bank Transfer ,paid,2026-04-17
801359,601524,2773.31,bank_transfer,paid,2026-04-08
801360,601526,1495.56,card,paid,2026-03-05
801361,601527,1155.58,cash,paid,2026-03-24
801362,601528,1227.84,bank_transfer,paid,2026-05-25
801363,601529,1164.49,CARD,paid,2026-05-18
801364,601530,624.33,bank_transfer,paid,2026-01-23
801365,601531,1111.81,card,paid,2026-06-05
801366,601532,1225.49,paypal,paid,2026-04-18
801367,601533,1185.65,CARD,paid,2026-05-21
801368,601534,2807.63,card,paid,2026-05-08
801369,601535,2194.93,card,paid,2026-03-22
801370,601536,1269.17,bank_transfer,paid,2026-04-01
801371,601537,306.86, Bank Transfer ,paid,2026-01-04
801372,601538,807.33, Bank Transfer ,paid,2026-05-23
801373,601539,1607.17,card,paid,2026-08-06
801374,601540,1046.51,CARD,paid,2026-06-24
801375,601541,2935.84, Bank Transfer ,paid,2026-07-20
801376,601542,968.8,cash,paid,2026-03-28
801377,601543,1077.21,CARD,paid,2026-01-07
801378,601545,1191.34,cash,paid,2026-06-18
801379,601546,2098.72,CARD,paid,2026-08-12
801380,601548,829.65,CARD,paid,2026-07-14
801381,601549,0,cash,failed,2026-06-14
801382,601550,3082.48,bank_transfer,paid,2026-04-10
801383,601551,2201.41,paypal,paid,2026-06-12
801384,601552,1749.47,bank_transfer,paid,2026-05-21
801385,601553,467.03,cash,paid,2026-05-21
801386,601554,463.96,card,paid,2026-02-11
801387,601555,2141.76,card,paid,2026-06-07
801388,601556,1492.36,bank_transfer,paid,2026-06-28
801389,601557,2066.72,cash,paid,2026-06-03
801390,601558,2084.78,cash,paid,2026-04-10
801391,601559,2425.89,bank_transfer,paid,2026-06-17
801392,601560,588.69,bank_transfer,paid,2026-01-05
801393,601561,1385.0, Bank Transfer ,paid,2026-01-13
801394,601562,2896.94,paypal,paid,2026-02-18
801395,601563,1315.92,cash,paid,2026-07-28
801396,601564,0,card,failed,2026-05-30
801397,601565,1749.86,card,paid,2026-03-03
801398,601566,381.4,card,paid,2026-01-20
801399,601567,1687.85,card,paid,2026-04-15
801400,601568,421.68,card,paid,2026-08-11
801401,601570,1480.44,bank_transfer,paid,2026-06-08
801402,601571,883.27,cash,paid,2026-07-28
801403,601572,1249.55,card,paid,2026-04-04
801404,601573,2736.34,bank_transfer,paid,2026-01-31
801405,601574,719.41, Bank Transfer ,paid,2026-04-13
801406,601575,3003.93,card,paid,2026-04-03
801407,601576,2121.29,cash,paid,2026-03-21
801408,601577,554.77,card,paid,2026-03-23
801409,601578,1932.08,CARD,paid,2026-02-08
801410,601579,637.71,cash,paid,2026-06-06
801411,601581,1398.9, Bank Transfer ,paid,2026-06-25
801412,601582,655.44,cash,paid,2026-07-08
801413,601583,614.06,bank_transfer,paid,2026-05-11
801414,601584,0,CARD,failed,2026-01-23
801415,601585,763.54, Bank Transfer ,paid,2026-05-28
801416,601586,1902.85,bank_transfer,paid,2026-02-05
801417,601587,2045.03,CARD,paid,2026-06-03
801418,601588,1757.11, Bank Transfer ,paid,2026-06-06
801419,601589,1561.6,cash,paid,2026-03-04
801420,601590,1309.87,CARD,paid,2026-01-27
801421,601592,426.08,cash,paid,2026-03-10
801422,601594,-2231.51,CARD,refunded,2026-05-25
801423,601595,1332.5,CARD,paid,2026-06-09
801424,601596,2006.62, Bank Transfer ,paid,2026-05-31
801425,601597,584.2,cash,paid,2026-03-15
801426,601598,677.08,cash,paid,2026-04-28
801427,601599,391.77,card,paid,2026-06-28
801428,601600,167.86, Bank Transfer ,paid,2026-07-18
801429,601601,236.34, Bank Transfer ,paid,2026-01-05
801430,601602,1070.08, Bank Transfer ,paid,2026-05-12
801431,601603,1228.8,CARD,paid,2026-04-17
801432,601604,4005.35,paypal,paid,2026-01-08
801433,601605,990.63, Bank Transfer ,paid,2026-05-23
801434,601606,314.89,card,paid,2026-06-22
801435,601607,748.62,cash,paid,2026-05-19
801436,601608,278.0,paypal,paid,2026-04-30
801437,601609,990.86, Bank Transfer ,paid,2026-07-18
801438,601610,1521.9,bank_transfer,paid,2026-06-28
801439,601611,1028.78,paypal,paid,2026-05-07
801440,601612,208.13,bank_transfer,paid,2026-06-04
801441,601613,2402.08, Bank Transfer ,paid,2026-02-17
801442,601614,693.84,CARD,paid,2026-02-12
801443,601615,2448.67, Bank Transfer ,paid,2026-04-18
801444,601616,1529.7, Bank Transfer ,paid,2026-08-11
801445,601617,410.94,CARD,paid,2026-07-29
801446,601618,2795.67, Bank Transfer ,paid,2026-07-17
801447,601619,1296.27,paypal,paid,2026-04-06
801448,601620,636.81,CARD,paid,2026-04-26
801449,601621,2051.44,card,paid,2026-05-05
801450,601622,974.75,card,paid,2026-01-17
801451,601623,527.98,paypal,paid,2026-06-11
801452,601624,-1790.87,card,refunded,2026-07-07
801453,601625,312.51,CARD,paid,2026-03-12
801454,601626,628.82,bank_transfer,paid,2026-02-05
801455,601627,1884.6,CARD,paid,2026-01-20
801456,601628,1537.0,paypal,paid,2026-04-07
801457,601629,1852.88,card,paid,2026-01-15
801458,601630,0, Bank Transfer ,failed,2026-06-01
801459,601631,1365.2,CARD,paid,2026-04-11
801460,601632,2467.54, Bank Transfer ,paid,2026-01-09
801461,601633,1153.89,cash,paid,2026-08-06
801462,601634,871.19,paypal,paid,2026-04-28
801463,601635,1329.7,cash,paid,2026-05-20
801464,601636,495.95,cash,paid,2026-01-05
801465,601637,-3470.0, Bank Transfer ,refunded,2026-01-06
801466,601638,3266.71,cash,paid,2026-07-17
801467,601639,3814.14,CARD,paid,2026-03-18
801468,601640,2159.83,card,paid,2026-05-07
801469,601642,2208.74,bank_transfer,paid,2026-03-27
801470,601643,0,paypal,failed,2026-04-05
801471,601644,0,cash,failed,2026-01-23
801472,601645,1919.07,cash,paid,2026-01-19
801473,601646,824.65,cash,paid,2026-01-22
801474,601649,793.65,card,paid,2026-08-05
801475,601650,205.72,CARD,paid,2026-04-25
801476,601651,1687.68,bank_transfer,paid,2026-06-09
801477,601652,420.2,cash,paid,2026-03-20
801478,601653,-1439.79,bank_transfer,refunded,2026-04-24
801479,601654,1035.9,paypal,paid,2026-05-05
801480,601655,3683.93,CARD,paid,2026-07-02
801481,601656,1964.13,CARD,paid,2026-03-06
801482,601657,3982.19,cash,paid,2026-08-03
801483,601658,3593.9,CARD,paid,2026-04-03
801484,601659,696.64,paypal,paid,2026-01-08
801485,601660,-666.74,cash,refunded,2026-07-04
801486,601661,1713.32,card,paid,2026-07-15
801487,601662,1151.04, Bank Transfer ,paid,2026-04-01
801488,601663,223.28, Bank Transfer ,paid,2026-06-10
801489,601665,229.43, Bank Transfer ,paid,2026-05-31
801490,601666,232.6,bank_transfer,paid,2026-05-25
801491,601667,755.32,paypal,paid,2026-07-14
801492,601668,774.55, Bank Transfer ,paid,2026-05-17
801493,601669,952.35,cash,paid,2026-06-02
801494,601670,689.6,cash,paid,2026-08-06
801495,601671,4247.19,bank_transfer,paid,2026-07-28
801496,601672,1049.68,cash,paid,2026-06-12
801497,601673,389.58,bank_transfer,paid,2026-03-03
801498,601674,1977.27,card,paid,2026-01-06
801499,601675,855.55,cash,paid,2026-01-08
801500,601676,2042.63,cash,paid,2026-01-20
801501,601677,118.84,card,paid,2026-04-20
801502,601678,196.14,card,paid,2026-04-24
801503,601679,1929.26,paypal,paid,2026-05-21
801504,601680,2312.79,card,paid,2026-04-25
801505,601681,1720.99,bank_transfer,paid,2026-07-11
801506,601682,-570.84, Bank Transfer ,refunded,2026-08-06
801507,601683,33.51,cash,paid,2026-03-10
801508,601684,57.3,bank_transfer,paid,2026-04-02
801509,601685,1852.34, Bank Transfer ,paid,2026-07-25
801510,601686,1631.05,CARD,paid,2026-03-09
801511,601687,1931.39,bank_transfer,paid,2026-04-01
801512,601688,850.04,cash,paid,2026-07-13
801513,601689,1535.14,cash,paid,2026-06-13
801514,601690,1907.39,CARD,paid,2026-05-10
801515,601691,773.52,CARD,paid,2026-02-21
801516,601692,1958.15,paypal,paid,2026-04-10
801517,601693,4021.35,card,paid,2026-06-06
801518,601694,818.6,cash,paid,2026-04-10
801519,601695,1734.52,bank_transfer,paid,2026-05-09
801520,601696,1191.56,card,paid,2026-01-31
801521,601697,1678.63,card,paid,2026-04-20
801522,601698,1475.3, Bank Transfer ,paid,2026-02-21
801523,601699,570.87,bank_transfer,paid,2026-07-20
801524,601700,33.49,card,paid,2026-03-11
801525,601701,1748.71,bank_transfer,paid,2026-06-11
801526,601702,1042.26,card,paid,2026-07-15
801527,601703,0,bank_transfer,paid,2026-05-11
801528,601704,1022.9,paypal,paid,2026-06-01
801529,601705,1823.16, Bank Transfer ,paid,2026-05-29
801530,601706,2417.01, Bank Transfer ,paid,2026-07-29
801531,601707,543.16,paypal,paid,2026-03-14
801532,601710,508.3,paypal,paid,2026-06-06
801533,601711,2889.07,card,paid,2026-01-23
801534,601712,836.28,CARD,paid,2026-05-17
801535,601713,635.85,CARD,paid,2026-07-19
801536,601714,1305.36,CARD,paid,2026-02-07
801537,601715,946.95,paypal,paid,2026-05-27
801538,601716,1277.8,bank_transfer,paid,2026-07-30
801539,601717,1868.71,cash,paid,2026-02-14
801540,601718,1293.85,bank_transfer,paid,2026-03-01
801541,601719,911.36,cash,paid,2026-06-22
801542,601720,1845.63, Bank Transfer ,paid,2026-01-16
801543,601721,1154.06,paypal,paid,2026-04-01
801544,601722,254.87,cash,paid,2026-02-25
801545,601723,1743.39, Bank Transfer ,paid,2026-08-07
801546,601724,890.43,card,paid,2026-08-10
801547,601725,231.16,bank_transfer,paid,2026-03-24
801548,601726,2505.39,card,paid,2026-01-25
801549,601727,1380.72,cash,paid,2026-06-26
801550,601728,2900.95,paypal,paid,2026-02-20
801551,601729,2979.45,bank_transfer,paid,2026-01-20
801552,601730,1034.01,bank_transfer,paid,2026-06-03
801553,601732,3088.63,paypal,paid,2026-02-21
801554,601733,644.6,bank_transfer,paid,2026-05-28
801555,601734,1402.38,card,paid,2026-07-07
801556,601735,675.57, Bank Transfer ,paid,2026-07-08
801557,601736,1436.24,bank_transfer,paid,2026-01-09
801558,601737,-488.62,paypal,refunded,2026-03-24
801559,601738,1998.86, Bank Transfer ,paid,2026-04-12
801560,601739,422.04,bank_transfer,paid,2026-06-10
801561,601741,2190.63,card,paid,2026-04-07
801562,601742,0,cash,failed,2026-06-26
801563,601743,2671.56,bank_transfer,paid,2026-02-15
801564,601744,2121.3,bank_transfer,paid,2026-06-03
801565,601745,1877.59,bank_transfer,paid,2026-01-19
801566,601746,1383.85,paypal,paid,2026-07-22
801567,601747,830.27,CARD,paid,2026-04-14
801568,601749,1298.23,card,paid,2026-05-08
801569,601750,2714.66,cash,paid,2026-08-14
801570,601751,1803.93,card,paid,2026-02-06
801571,601752,312.42,bank_transfer,paid,2026-01-31
801572,601753,1677.86,cash,paid,2026-08-05
801573,601754,1281.34,CARD,paid,2026-05-04
801574,601755,933.21, Bank Transfer ,paid,2026-01-11
801575,601756,-186.05, Bank Transfer ,refunded,2026-05-09
801576,601757,1213.9,cash,paid,2026-01-21
801577,601758,1540.89,card,paid,2026-06-16
801578,601760,1013.0,card,paid,2026-06-18
801579,601761,479.0,cash,paid,2026-01-11
801580,601762,1146.17,card,paid,2026-04-23
801581,601763,1089.76,CARD,paid,2026-03-16
801582,601764,2670.82,bank_transfer,paid,2026-02-17
801583,601765,481.63,paypal,paid,2026-04-22
801584,601766,1998.03, Bank Transfer ,paid,2026-01-14
801585,601767,1077.88,bank_transfer,paid,2026-07-21
801586,601769,510.35,paypal,paid,2026-05-21
801587,601770,1691.01,paypal,paid,2026-08-08
801588,601771,39.49,bank_transfer,paid,2026-04-03
801589,601772,1300.92,card,paid,2026-06-09
801590,601773,2235.31,card,paid,2026-01-06
801591,601774,435.05,paypal,paid,2026-07-05
801592,601775,1911.52, Bank Transfer ,paid,2026-07-29
801593,601776,345.25,bank_transfer,paid,2026-05-22
801594,601777,252.47,CARD,paid,2026-08-06
801595,601778,1203.84,CARD,paid,2026-05-16
801596,601779,1972.03,bank_transfer,paid,2026-07-21
801597,601780,99.56,card,paid,2026-04-14
801598,601781,3641.53,cash,paid,2026-03-08
801599,601782,329.88,cash,paid,2026-02-27
801600,601783,1332.92, Bank Transfer ,paid,2026-05-11
801601,601785,-1038.07,cash,refunded,2026-02-11
801602,601787,1981.63,bank_transfer,paid,2026-03-14
801603,601790,3096.76,card,paid,2026-06-14
801604,601791,503.76, Bank Transfer ,paid,2026-06-04
801605,601792,2245.78,CARD,paid,2026-02-12
801606,601793,770.37, Bank Transfer ,paid,2026-05-24
801607,601794,485.94,bank_transfer,paid,2026-01-19
801608,601795,-204.33, Bank Transfer ,refunded,2026-03-07
801609,601797,2826.96,CARD,paid,2026-05-20
801610,601798,1517.45,bank_transfer,paid,2026-07-12
801611,601799,1400.9,cash,paid,2026-01-09
801612,601800,2710.97,paypal,paid,2026-04-20
801613,601801,328.89,bank_transfer,paid,2026-03-15
801614,601804,2249.96,paypal,paid,2026-06-07
801615,601805,0,CARD,failed,2026-04-16
801616,601808,2574.79,paypal,paid,2026-04-21
801617,601809,3090.48,card,paid,2026-06-12
801618,601810,-564.32,bank_transfer,refunded,2026-08-10
801619,601811,1755.55, Bank Transfer ,paid,2026-03-22
801620,601812,805.12,bank_transfer,paid,2026-02-01
801621,601813,649.97,card,paid,2026-02-16
801622,601814,805.26, Bank Transfer ,paid,2026-07-27
801623,601815,45.73, Bank Transfer ,paid,2026-07-11
801624,601816,764.48,paypal,paid,2026-05-14
801625,601817,1889.31,card,paid,2026-04-15
801626,601818,891.35, Bank Transfer ,paid,2026-05-23
801627,601819,1703.04, Bank Transfer ,paid,2026-06-22
801628,601820,66.51,CARD,paid,2026-03-04
801629,601821,747.68,bank_transfer,paid,2026-02-25
801630,601822,-41.62,CARD,refunded,2026-06-03
801631,601823,1817.6,paypal,paid,2026-02-14
801632,601824,179.49,CARD,paid,2026-08-10
801633,601825,1256.72,bank_transfer,paid,2026-06-10
801634,601826,800.08,cash,paid,2026-06-02
801635,601827,2092.28,cash,paid,2026-03-13
801636,601829,0, Bank Transfer ,failed,2026-04-06
801637,601830,816.96,cash,paid,2026-04-27
801638,601831,1667.3,bank_transfer,paid,2026-05-24
801639,601832,805.68,card,paid,2026-06-07
801640,601833,426.33,CARD,paid,2026-03-25
801641,601834,144.08,paypal,paid,2026-03-23
801642,601835,168.17,cash,paid,2026-03-20
801643,601836,56.68,CARD,paid,2026-08-10
801644,601837,637.71,bank_transfer,paid,2026-04-24
801645,601838,244.4,bank_transfer,paid,2026-05-01
801646,601839,311.61,CARD,paid,2026-03-21
801647,601840,898.13,bank_transfer,paid,2026-05-13
801648,601841,1157.27,card,paid,2026-03-10
801649,601842,302.38,CARD,paid,2026-06-15
801650,601843,897.92,card,paid,2026-08-13
801651,601844,557.46,cash,paid,2026-07-06
801652,601845,1796.54,cash,paid,2026-03-25
801653,601846,77.75,card,paid,2026-07-05
801654,601847,3069.38,CARD,paid,2026-01-08
801655,601848,355.34,cash,paid,2026-01-09
801656,601849,292.65, Bank Transfer ,paid,2026-02-13
801657,601850,1477.08,card,paid,2026-01-10
801658,601852,295.56, Bank Transfer ,paid,2026-05-18
801659,601853,612.65, Bank Transfer ,paid,2026-04-08
801660,601854,81.66,paypal,paid,2026-08-10
801661,601855,1737.46,cash,paid,2026-02-08
801662,601856,3342.86,cash,paid,2026-06-06
801663,601857,405.68,cash,paid,2026-07-23
801664,601858,1570.2,CARD,paid,2026-03-12
801665,601859,1785.85,card,paid,2026-07-14
801666,601860,119.45,CARD,paid,2026-06-03
801667,601862,987.6, Bank Transfer ,paid,2026-03-05
801668,601863,1719.18,bank_transfer,paid,2026-03-22
801669,601864,557.44,cash,paid,2026-02-18
801670,601865,1748.93,cash,paid,2026-04-27
801671,601867,595.34,paypal,paid,2026-02-26
801672,601868,1022.5,card,paid,2026-06-19
801673,601869,2021.61, Bank Transfer ,paid,2026-01-26
801674,601870,1876.57,CARD,paid,2026-01-21
801675,601871,-2161.75,CARD,refunded,2026-02-03
801676,601872,-731.42, Bank Transfer ,refunded,2026-04-23
801677,601873,48.7, Bank Transfer ,paid,2026-02-16
801678,601874,2609.91,paypal,paid,2026-04-06
801679,601875,2131.38, Bank Transfer ,paid,2026-02-19
801680,601876,2892.83,CARD,paid,2026-06-19
801681,601877,832.72,bank_transfer,paid,2026-01-02
801682,601878,1629.95,CARD,paid,2026-06-14
801683,601879,1263.62,card,paid,2026-04-17
801684,601880,2237.55,card,paid,2026-03-10
801685,601881,716.16,CARD,paid,2026-07-15
801686,601882,79.45,cash,paid,2026-01-21
801687,601883,712.61,card,paid,2026-06-21
801688,601884,199.3,CARD,paid,2026-04-24
801689,601885,2457.72,paypal,paid,2026-03-11
801690,601886,605.46,bank_transfer,paid,2026-07-09
801691,601887,950.3,paypal,paid,2026-06-17
801692,601888,1949.16,card,paid,2026-03-21
801693,601889,683.64, Bank Transfer ,paid,2026-03-19
801694,601890,1563.37,CARD,paid,2026-03-30
801695,601891,224.7, Bank Transfer ,paid,2026-05-19
801696,601892,70.87,paypal,paid,2026-07-21
801697,601894,781.5,CARD,paid,2026-01-31
801698,601895,2639.14,bank_transfer,paid,2026-04-23
801699,601896,0,bank_transfer,failed,2026-08-11
801700,601897,2049.18,bank_transfer,paid,2026-02-11
801701,601898,1546.19, Bank Transfer ,paid,2026-02-15
801702,601899,0,paypal,failed,2026-05-20
801703,601900,2775.59,cash,paid,2026-03-16
801704,601901,748.05,cash,paid,2026-01-04
801705,601902,2925.61,bank_transfer,paid,2026-07-04
801706,601903,447.81,paypal,paid,2026-07-08
801707,601904,0, Bank Transfer ,failed,2026-03-28
801708,601905,3818.66,bank_transfer,paid,2026-03-23
801709,601906,506.25,card,paid,2026-05-07
801710,601907,3256.54,bank_transfer,paid,2026-07-27
801711,601908,1790.13,bank_transfer,paid,2026-06-09
801712,601909,2216.67,cash,paid,2026-06-06
801713,601910,127.11,CARD,paid,2026-05-28
801714,601911,2644.8,CARD,paid,2026-06-20
801715,601912,3296.5,card,paid,2026-03-31
801716,601913,1192.84,card,paid,2026-01-29
801717,601914,533.61,CARD,paid,2026-03-05
801718,601915,1626.51, Bank Transfer ,paid,2026-01-14
801719,601916,131.27,paypal,paid,2026-02-07
801720,601917,639.52,bank_transfer,paid,2026-07-16
801721,601918,189.02, Bank Transfer ,paid,2026-03-21
801722,601919,470.76,cash,paid,2026-06-28
801723,601920,49.12,card,paid,2026-01-18
801724,601921,1802.09, Bank Transfer ,paid,2026-01-08
801725,601922,703.06,cash,paid,2026-01-13
801726,601923,1675.76,bank_transfer,paid,2026-03-19
801727,601924,1102.61,cash,paid,2026-04-17
801728,601925,297.11,CARD,paid,2026-07-18
801729,601926,501.78,cash,paid,2026-03-29
801730,601927,2569.82,bank_transfer,paid,2026-06-06
801731,601928,68.42,cash,paid,2026-04-17
801732,601929,-457.93, Bank Transfer ,refunded,2026-02-17
801733,601930,2049.45,CARD,paid,2026-08-03
801734,601932,15.22,paypal,paid,2026-03-15
801735,601933,536.66, Bank Transfer ,paid,2026-05-06
801736,601934,479.3,paypal,paid,2026-01-22
801737,601935,2485.38,bank_transfer,paid,2026-05-16
801738,601936,2820.5,cash,paid,2026-02-14
801739,601937,1287.7,paypal,paid,2026-05-01
801740,601939,1325.75, Bank Transfer ,paid,2026-03-25
801741,601940,-1052.2,CARD,refunded,2026-02-25
801742,601941,-1233.37,CARD,refunded,2026-01-13
801743,601942,1907.4,cash,paid,2026-05-24
801744,601943,1876.13,CARD,paid,2026-02-09
801745,601945,1227.15, Bank Transfer ,paid,2026-05-26
801746,601946,2741.35,card,paid,2026-04-20
801747,601947,2996.41,bank_transfer,paid,2026-02-21
801748,601948,1078.09,cash,paid,2026-04-27
801749,601949,1902.83,bank_transfer,paid,2026-06-25
801750,601951,1467.87, Bank Transfer ,paid,2026-07-04
801751,601952,2377.18,paypal,paid,2026-02-24
801752,601953,386.2,cash,paid,2026-03-31
801753,601954,3005.14,cash,paid,2026-04-03
801754,601955,3210.56,paypal,paid,2026-02-05
801755,601956,1353.23,bank_transfer,paid,2026-05-08
801756,601957,592.95,cash,paid,2026-08-11
801757,601959,131.84,CARD,paid,2026-03-06
801758,601960,2433.35,bank_transfer,paid,2026-02-12
801759,601961,0,CARD,failed,2026-06-26
801760,601962,577.96,bank_transfer,paid,2026-07-23
801761,601963,1867.96,CARD,paid,2026-03-30
801762,601964,611.15,paypal,paid,2026-06-12
801763,601965,942.65,card,paid,2026-01-02
801764,601966,2685.84,paypal,paid,2026-05-29
801765,601967,2097.16,cash,paid,2026-06-28
801766,601968,774.16,card,paid,2026-07-03
801767,601969,-1531.06,cash,refunded,2026-06-25
801768,601970,125.75,cash,paid,2026-04-24
801769,601971,554.71,CARD,paid,2026-05-03
801770,601972,723.96,card,paid,2026-06-27
801771,601974,1407.6,card,paid,2026-05-02
801772,601975,1085.79,CARD,paid,2026-03-09
801773,601976,1441.05, Bank Transfer ,paid,2026-07-23
801774,601977,707.12, Bank Transfer ,paid,2026-01-02
801775,601979,1242.95, Bank Transfer ,paid,2026-01-02
801776,601980,1096.47,CARD,paid,2026-04-16
801777,601982,32.6, Bank Transfer ,paid,2026-04-10
801778,601984,832.44,card,paid,2026-05-19
801779,601985,-8.69,card,refunded,2026-07-21
801780,601986,1942.93,cash,paid,2026-05-26
801781,601988,1636.39,cash,paid,2026-07-25
801782,601989,768.88,cash,paid,2026-08-03
801783,601990,1428.7,bank_transfer,paid,2026-06-16
801784,601991,887.06, Bank Transfer ,paid,2026-07-27
801785,601994,584.13,bank_transfer,paid,2026-07-17
801786,601995,329.96,CARD,paid,2026-02-02
801787,601996,1450.38,paypal,paid,2026-01-19
801788,601998,1575.77,card,paid,2026-01-24
801789,601999,-2182.66,CARD,refunded,2026-08-09
801790,602000,494.8,cash,paid,2026-04-25
801791,602002,0,CARD,failed,2026-06-12
801792,602003,301.16,cash,paid,2026-06-14
801793,602004,260.71,cash,paid,2026-07-20
801794,602005,1301.6,cash,paid,2026-01-02
801795,602006,1275.87,cash,paid,2026-07-07
801796,602007,34.75,cash,paid,2026-06-08
801797,602009,826.61,card,paid,2026-05-12
801798,602010,1031.98,CARD,paid,2026-06-01
801799,602011,3081.54,bank_transfer,paid,2026-05-19
801800,602012,1496.1, Bank Transfer ,paid,2026-06-12
801801,602013,1075.12,bank_transfer,paid,2026-05-20
801802,602015,432.23,card,paid,2026-07-02
801803,602016,264.93,CARD,paid,2026-05-12
801804,602017,1698.5,cash,paid,2026-06-04
801805,602018,676.04,CARD,paid,2026-07-04
801806,602019,1064.87,CARD,paid,2026-07-09
801807,602020,292.97,CARD,paid,2026-02-14
801808,602021,1252.89,card,paid,2026-02-15
801809,602022,2450.83,cash,paid,2026-07-07
801810,602023,1834.05,CARD,paid,2026-02-18
801811,602024,143.72,CARD,paid,2026-04-14
801812,602025,324.96,bank_transfer,paid,2026-04-05
801813,602026,141.42,CARD,paid,2026-05-24
801814,602027,313.07, Bank Transfer ,paid,2026-03-01
801815,602028,1103.77,paypal,paid,2026-03-15
801816,602029,1192.69,card,paid,2026-02-26
801817,602031,1450.15,CARD,paid,2026-02-01
801818,602032,1445.38,bank_transfer,paid,2026-06-14
801819,602033,44.79,cash,paid,2026-04-08
801820,602034,1472.32,paypal,paid,2026-03-23
801821,602035,764.04,cash,paid,2026-04-30
801822,602036,1401.22,card,paid,2026-03-09
801823,602037,886.52,paypal,paid,2026-02-24
801824,602038,2172.4,CARD,paid,2026-06-04
801825,602039,795.51,CARD,paid,2026-07-03
801826,602040,247.73,cash,paid,2026-02-07
801827,602041,1735.62,paypal,paid,2026-06-05
801828,602042,1327.44,bank_transfer,paid,2026-01-25
801829,602043,1357.02,CARD,paid,2026-03-13
801830,602045,1296.88,paypal,paid,2026-04-06
801831,602046,846.08,CARD,paid,2026-06-22
801832,602047,1559.8,card,paid,2026-04-23
801833,602048,1242.55,cash,paid,2026-06-04
801834,602049,869.95,cash,paid,2026-07-29
801835,602050,3456.01,paypal,paid,2026-03-23
801836,602051,145.56, Bank Transfer ,paid,2026-08-03
801837,602052,1001.49,paypal,paid,2026-02-27
801838,602053,3015.8,cash,paid,2026-04-20
801839,602054,2304.87, Bank Transfer ,paid,2026-05-23
801840,602055,4335.43, Bank Transfer ,paid,2026-04-18
801841,602056,2006.32,card,paid,2026-08-05
801842,602057,166.12, Bank Transfer ,paid,2026-02-08
801843,602059,2695.69,bank_transfer,paid,2026-08-05
801844,602060,72.93,paypal,paid,2026-05-09
801845,602062,2693.65,card,paid,2026-06-09
801846,602063,927.65, Bank Transfer ,paid,2026-02-04
801847,602064,2297.68, Bank Transfer ,paid,2026-05-20
801848,602065,87.76,CARD,paid,2026-01-13
801849,602066,1839.55,card,paid,2026-04-19
801850,602067,1073.25,card,paid,2026-07-10
801851,602068,-1568.13,paypal,refunded,2026-03-16
801852,602069,469.16,cash,paid,2026-04-07
801853,602070,1597.4, Bank Transfer ,paid,2026-06-10
801854,602071,502.08,cash,paid,2026-08-08
801855,602073,1311.63,paypal,paid,2026-05-23
801856,602074,-2236.75,paypal,refunded,2026-01-12
801857,602075,1109.69,paypal,paid,2026-07-17
801858,602076,1440.12,paypal,paid,2026-06-14
801859,602077,462.28, Bank Transfer ,paid,2026-08-10
801860,602078,27.57,paypal,paid,2026-03-28
801861,602079,-767.86,cash,refunded,2026-04-16
801862,602081,1933.7,CARD,paid,2026-07-09
801863,602082,1495.51, Bank Transfer ,paid,2026-01-16
801864,602083,393.7,CARD,paid,2026-08-12
801865,602084,109.73,card,paid,2026-03-17
801866,602085,308.4,cash,paid,2026-02-08
801867,602086,46.02,cash,paid,2026-05-23
801868,602087,176.47,cash,paid,2026-02-07
801869,602088,0,paypal,failed,2026-04-28
801870,602089,1262.76, Bank Transfer ,paid,2026-07-26
801871,602090,233.9, Bank Transfer ,paid,2026-06-07
801872,602091,1192.52, Bank Transfer ,paid,2026-05-03
801873,602093,0,bank_transfer,failed,2026-03-17
801874,602094,278.28,CARD,paid,2026-08-07
801875,602095,232.89,bank_transfer,paid,2026-02-06
801876,602096,-676.4,paypal,refunded,2026-04-15
801877,602097,490.56,bank_transfer,paid,2026-04-18
801878,602099,2387.89, Bank Transfer ,paid,2026-04-29
801879,602100,1335.15,cash,paid,2026-02-14
801880,602101,2450.31,paypal,paid,2026-04-26
801881,602102,2275.72,bank_transfer,paid,2026-07-23
801882,602103,1280.78,cash,paid,2026-06-28
801883,602104,793.89, Bank Transfer ,paid,2026-07-16
801884,602105,139.95,CARD,paid,2026-05-06
801885,602106,1266.38, Bank Transfer ,paid,2026-07-29
801886,602108,669.35,paypal,paid,2026-05-12
801887,602109,518.75, Bank Transfer ,paid,2026-01-20
801888,602110,2853.22,cash,paid,2026-02-15
801889,602111,0,cash,failed,2026-03-25
801890,602112,-1239.52,CARD,refunded,2026-02-27
801891,602116,2610.53,cash,paid,2026-03-18
801892,602117,2041.83,cash,paid,2026-07-30
801893,602118,1878.91,card,paid,2026-03-14
801894,602119,-1353.43,CARD,refunded,2026-03-01
801895,602121,1385.7,bank_transfer,paid,2026-03-13
801896,602122,1003.57,paypal,paid,2026-07-08
801897,602123,974.61,paypal,paid,2026-07-16
801898,602124,578.34, Bank Transfer ,paid,2026-02-06
801899,602125,1042.48,card,paid,2026-08-08
801900,602126,874.16,card,paid,2026-02-04
801901,602127,1223.78,cash,paid,2026-05-30
801902,602128,1662.4,CARD,paid,2026-02-07
801903,602129,291.62,CARD,paid,2026-07-26
801904,602130,1082.76,cash,paid,2026-06-17
801905,602131,544.59,paypal,paid,2026-01-16
801906,602132,108.45,paypal,paid,2026-02-19
801907,602133,1772.69, Bank Transfer ,paid,2026-03-22
801908,602134,201.86,paypal,paid,2026-03-29
801909,602135,263.76, Bank Transfer ,paid,2026-07-08
801910,602136,98.46,cash,paid,2026-05-03
801911,602137,1795.01,cash,paid,2026-06-15
801912,602138,2999.92,paypal,paid,2026-05-24
801913,602139,2213.92,paypal,paid,2026-08-06
801914,602140,1128.47,bank_transfer,paid,2026-02-22
801915,602141,210.55,card,paid,2026-02-22
801916,602142,1345.19,bank_transfer,paid,2026-06-11
801917,602143,3290.72,bank_transfer,paid,2026-07-23
801918,602144,0, Bank Transfer ,failed,2026-07-07
801919,602147,2150.85,paypal,paid,2026-07-16
801920,602148,41.5,paypal,paid,2026-03-02
801921,602149,233.96,cash,paid,2026-01-11
801922,602150,0,paypal,failed,2026-02-18
801923,602151,2043.82,cash,paid,2026-06-17
801924,602152,1452.56, Bank Transfer ,paid,2026-03-23
801925,602153,1926.84,cash,paid,2026-07-04
801926,602154,745.96,paypal,paid,2026-08-07
801927,602155,534.33,bank_transfer,paid,2026-01-07
801928,602156,2581.09,CARD,paid,2026-06-29
801929,602157,100.98, Bank Transfer ,paid,2026-07-24
801930,602158,1122.51,bank_transfer,paid,2026-06-25
801931,602159,17.64,bank_transfer,paid,2026-02-28
801932,602160,942.13,card,paid,2026-06-09
801933,602162,1808.94,cash,paid,2026-02-19
801934,602163,3037.73,CARD,paid,2026-08-07
801935,602164,2105.08,paypal,paid,2026-04-16
801936,602165,2767.82, Bank Transfer ,paid,2026-04-03
801937,602166,194.04,paypal,paid,2026-05-08
801938,602167,565.19,CARD,paid,2026-05-08
801939,602168,1258.04,bank_transfer,paid,2026-06-03
801940,602169,1315.22,bank_transfer,paid,2026-01-23
801941,602170,3929.35,cash,paid,2026-01-30
801942,602171,1295.2,bank_transfer,paid,2026-02-09
801943,602172,-1540.06,card,refunded,2026-05-06
801944,602173,0,bank_transfer,failed,2026-04-29
801945,602174,318.17,cash,paid,2026-05-24
801946,602176,359.43,bank_transfer,paid,2026-01-11
801947,602177,3221.55,bank_transfer,paid,2026-05-02
801948,602178,536.7,CARD,paid,2026-02-18
801949,602179,556.24,cash,paid,2026-04-23
801950,602181,3603.33,paypal,paid,2026-06-01
801951,602182,2926.59,bank_transfer,paid,2026-03-03
801952,602184,1782.27,cash,paid,2026-07-23
801953,602185,1469.25,bank_transfer,paid,2026-02-25
801954,602186,1562.12,paypal,paid,2026-02-03
801955,602187,226.56,paypal,paid,2026-03-24
801956,602188,1664.84,card,paid,2026-06-21
801957,602189,2720.13,CARD,paid,2026-06-15
801958,602190,505.82,card,paid,2026-04-15
801959,602191,661.98, Bank Transfer ,paid,2026-06-30
801960,602192,3266.35,bank_transfer,paid,2026-02-28
801961,602193,1156.1,paypal,paid,2026-04-14
801962,602194,733.77,CARD,paid,2026-02-19
801963,602195,621.14,paypal,paid,2026-02-23
801964,602196,825.74, Bank Transfer ,paid,2026-04-10
801965,602197,0,bank_transfer,failed,2026-03-27
801966,602198,0,paypal,failed,2026-03-27
801967,602199,1611.56,card,paid,2026-07-25
801968,602201,1050.24,bank_transfer,paid,2026-07-04
801969,602203,2477.79,paypal,paid,2026-01-11
801970,602204,1505.5,cash,paid,2026-07-16
801971,602205,608.52,card,paid,2026-02-22
801972,602206,3345.94,bank_transfer,paid,2026-06-15
801973,602207,94.26,cash,paid,2026-06-04
801974,602209,121.86, Bank Transfer ,paid,2026-03-25
801975,602210,1454.62,CARD,paid,2026-01-16
801976,602212,274.2, Bank Transfer ,paid,2026-05-19
801977,602213,901.28,CARD,paid,2026-02-20
801978,602215,1524.15,paypal,paid,2026-04-14
801979,602216,121.35,paypal,paid,2026-07-04
801980,602218,1384.68,bank_transfer,paid,2026-04-11
801981,602219,246.56, Bank Transfer ,paid,2026-01-07
801982,602220,1058.36,cash,paid,2026-05-20
801983,602221,-1871.3,cash,refunded,2026-04-18
801984,602222,99.33,cash,paid,2026-04-21
801985,602223,1534.07,cash,paid,2026-01-15
801986,602224,203.33,card,paid,2026-03-06
801987,602225,1274.78,bank_transfer,paid,2026-04-04
801988,602226,2432.65,card,paid,2026-04-27
801989,602227,1173.1,paypal,paid,2026-05-24
801990,602228,1461.78,CARD,paid,2026-03-13
801991,602229,1094.74,cash,paid,2026-05-31
801992,602230,1088.68,CARD,paid,2026-02-28
801993,602231,753.4,CARD,paid,2026-05-12
801994,602232,1572.15,card,paid,2026-04-06
801995,602233,1194.44,CARD,paid,2026-05-18
801996,602234,1350.97,bank_transfer,paid,2026-04-23
801997,602235,343.2, Bank Transfer ,paid,2026-07-18
801998,602236,1575.77, Bank Transfer ,paid,2026-04-23
801999,602237,583.5, Bank Transfer ,paid,2026-02-09
802000,602238,1664.1,card,paid,2026-03-22
802001,602239,1418.18,bank_transfer,paid,2026-05-22
802002,602240,1895.76,CARD,paid,2026-01-11
802003,602241,-1683.4,cash,refunded,2026-03-10
802004,602242,967.32,card,paid,2026-04-25
802005,602244,1105.37,card,paid,2026-02-11
802006,602245,1816.85,card,paid,2026-07-02
802007,602246,2632.84,paypal,paid,2026-08-10
802008,602247,3232.31,cash,paid,2026-07-09
802009,602248,1698.26,cash,paid,2026-08-04
802010,602249,968.59,CARD,paid,2026-05-07
802011,602250,379.82,CARD,paid,2026-02-28
802012,602251,1197.26,cash,paid,2026-06-17
802013,602252,697.3, Bank Transfer ,paid,2026-06-13
802014,602253,592.9, Bank Transfer ,paid,2026-03-18
802015,602256,791.65, Bank Transfer ,paid,2026-08-14
802016,602257,984.74,CARD,paid,2026-06-18
802017,602258,1338.47,CARD,paid,2026-02-04
802018,602259,459.45,bank_transfer,paid,2026-06-14
802019,602260,1792.61,cash,paid,2026-03-06
802020,602261,1472.59,bank_transfer,paid,2026-06-21
802021,602262,281.75,bank_transfer,paid,2026-03-23
802022,602263,1768.36,CARD,paid,2026-06-16
802023,602264,359.26,CARD,paid,2026-03-09
802024,602265,1167.51,CARD,paid,2026-07-14
802025,602266,459.78,bank_transfer,paid,2026-08-12
802026,602267,1638.95,CARD,paid,2026-07-06
802027,602268,0,cash,failed,2026-07-24
802028,602269,0,card,failed,2026-03-17
802029,602270,1261.87, Bank Transfer ,paid,2026-01-30
802030,602271,534.99,CARD,paid,2026-01-30
802031,602272,0,cash,failed,2026-01-26
802032,602273,1234.36,paypal,paid,2026-03-05
802033,602274,1191.46,cash,paid,2026-03-20
802034,602275,2748.53,paypal,paid,2026-05-07
802035,602276,2206.15,card,paid,2026-08-11
802036,602277,1837.95,cash,paid,2026-06-18
802037,602279,814.06,card,paid,2026-04-27
802038,602280,370.5,CARD,paid,2026-01-13
802039,602281,220.21,cash,paid,2026-07-22
802040,602282,2390.83,paypal,paid,2026-01-05
802041,602283,387.52,bank_transfer,paid,2026-05-11
802042,602284,2904.93,paypal,paid,2026-06-07
802043,602285,2886.93,CARD,paid,2026-02-08
802044,602286,1916.72,paypal,paid,2026-02-03
802045,602288,3506.72, Bank Transfer ,paid,2026-05-04
802046,602289,2259.7,card,paid,2026-01-15
802047,602290,0,bank_transfer,failed,2026-06-29
802048,602291,421.6, Bank Transfer ,paid,2026-06-01
802049,602293,661.26,card,paid,2026-04-29
802050,602294,167.7,paypal,paid,2026-06-26
802051,602295,-1274.95,bank_transfer,refunded,2026-06-26
802052,602296,1579.68, Bank Transfer ,paid,2026-05-29
802053,602297,1246.95, Bank Transfer ,paid,2026-08-02
802054,602298,23.93,bank_transfer,paid,2026-07-13
802055,602299,0,CARD,failed,2026-01-05
802056,602300,2585.96,CARD,paid,2026-05-07
802057,602301,566.52,card,paid,2026-05-03
802058,602302,426.12,CARD,paid,2026-05-05
802059,602303,1616.72,paypal,paid,2026-06-27
802060,602304,1690.02,paypal,paid,2026-04-14
802061,602305,-657.77,cash,refunded,2026-03-12
802062,602306,1285.88,CARD,paid,2026-03-31
802063,602307,439.75,CARD,paid,2026-06-13
802064,602308,1175.1,cash,paid,2026-03-21
802065,602309,-1483.98,CARD,refunded,2026-05-02
802066,602310,0,bank_transfer,failed,2026-07-21
802067,602311,1461.42,paypal,paid,2026-07-26
802068,602312,3216.6,CARD,paid,2026-04-23
802069,602313,470.06,card,paid,2026-03-16
802070,602315,1379.01,CARD,paid,2026-04-24
802071,602316,241.2,paypal,paid,2026-03-24
802072,602317,1796.17, Bank Transfer ,paid,2026-01-04
802073,602318,696.54,paypal,paid,2026-01-15
802074,602319,429.08,CARD,paid,2026-06-19
802075,602320,1189.61,cash,paid,2026-06-21
802076,602321,2101.25, Bank Transfer ,paid,2026-02-14
802077,602322,1120.04, Bank Transfer ,paid,2026-01-27
802078,602323,975.32,CARD,paid,2026-08-07
802079,602324,1414.55,cash,paid,2026-01-20
802080,602325,0,CARD,failed,2026-02-07
802081,602326,1570.78, Bank Transfer ,paid,2026-06-02
802082,602327,2284.27,card,paid,2026-02-12
802083,602328,512.36,paypal,paid,2026-02-05
802084,602329,2393.62,card,paid,2026-08-07
802085,602330,1254.78,cash,paid,2026-05-14
802086,602331,960.84,paypal,paid,2026-02-05
802087,602332,0,paypal,failed,2026-01-07
802088,602333,423.79,bank_transfer,paid,2026-07-10
802089,602335,477.26,CARD,paid,2026-07-23
802090,602336,808.62,paypal,paid,2026-02-06
802091,602337,257.4,CARD,paid,2026-08-06
802092,602339,291.55,paypal,paid,2026-05-26
802093,602340,258.35,card,paid,2026-04-07
802094,602341,1489.53,bank_transfer,paid,2026-07-18
802095,602342,0,cash,paid,2026-01-13
802096,602343,63.56,bank_transfer,paid,2026-02-10
802097,602344,974.08,bank_transfer,paid,2026-02-28
802098,602345,468.95,CARD,paid,2026-02-05
802099,602346,1225.52,cash,paid,2026-01-14
802100,602348,1217.47,card,paid,2026-04-27
802101,602349,990.16,paypal,paid,2026-05-15
802102,602350,-1870.78,CARD,refunded,2026-03-13
802103,602351,272.5,paypal,paid,2026-06-20
802104,602352,719.25,bank_transfer,paid,2026-01-28
802105,602353,269.28, Bank Transfer ,paid,2026-03-01
802106,602354,1256.02,bank_transfer,paid,2026-05-28
802107,602355,1277.41,CARD,paid,2026-04-02
802108,602356,133.34, Bank Transfer ,paid,2026-01-07
802109,602357,1437.39,cash,paid,2026-03-15
802110,602358,1229.81,card,paid,2026-06-12
802111,602359,2176.73, Bank Transfer ,paid,2026-08-04
802112,602360,231.08,bank_transfer,paid,2026-02-21
802113,602363,1775.29,card,paid,2026-03-04
802114,602364,1372.35,bank_transfer,paid,2026-07-05
802115,602366,1695.8,card,paid,2026-07-10
802116,602367,1192.2,cash,paid,2026-04-13
802117,602369,2796.38, Bank Transfer ,paid,2026-01-29
802118,602370,-274.43,card,refunded,2026-07-14
802119,602371,496.64,card,paid,2026-05-03
802120,602372,2354.65,cash,paid,2026-01-24
802121,602374,1621.9,bank_transfer,paid,2026-05-04
802122,602375,657.45,bank_transfer,paid,2026-05-02
802123,602376,1681.99,CARD,paid,2026-03-21
802124,602377,694.98,cash,paid,2026-05-09
802125,602378,1203.46,cash,paid,2026-03-10
802126,602379,321.79,bank_transfer,paid,2026-01-06
802127,602380,427.85,bank_transfer,paid,2026-07-23
802128,602381,1635.15,cash,paid,2026-07-08
802129,602382,1680.4,bank_transfer,paid,2026-07-22
802130,602383,546.84,paypal,paid,2026-03-06
802131,602384,732.81,paypal,paid,2026-07-23
802132,602385,980.59,CARD,paid,2026-01-16
802133,602387,627.59,bank_transfer,paid,2026-06-02
802134,602389,61.26,cash,paid,2026-01-08
802135,602390,379.25,card,paid,2026-08-14
802136,602392,2069.86, Bank Transfer ,paid,2026-07-14
802137,602394,93.28,card,paid,2026-05-21
802138,602395,1910.83,cash,paid,2026-01-27
802139,602396,1835.76, Bank Transfer ,paid,2026-08-06
802140,602397,0,paypal,failed,2026-04-27
802141,602398,1886.75,cash,paid,2026-04-19
802142,602399,275.11, Bank Transfer ,paid,2026-07-24
802143,602400,0,CARD,failed,2026-01-11
802144,602401,3306.11, Bank Transfer ,paid,2026-04-30
802145,602402,1307.15, Bank Transfer ,paid,2026-04-23
802146,602403,689.3,cash,paid,2026-04-04
802147,602404,2468.22, Bank Transfer ,paid,2026-03-05
802148,602405,3015.41,CARD,paid,2026-03-21
802149,602406,797.43,card,paid,2026-01-18
802150,602407,845.48,paypal,paid,2026-02-18
802151,602408,1801.71, Bank Transfer ,paid,2026-07-17
802152,602409,0, Bank Transfer ,failed,2026-02-09
802153,602410,727.84,cash,paid,2026-01-07
802154,602411,2990.86, Bank Transfer ,paid,2026-04-06
802155,602412,675.72,paypal,paid,2026-06-21
802156,602414,936.48,card,paid,2026-03-19
802157,602415,1246.95,CARD,paid,2026-05-25
802158,602416,-128.5,CARD,refunded,2026-02-20
802159,602417,973.88,card,paid,2026-07-30
802160,602418,1720.58,card,paid,2026-07-14
802161,602420,406.44, Bank Transfer ,paid,2026-07-20
802162,602422,1700.64, Bank Transfer ,paid,2026-03-02
802163,602423,612.8, Bank Transfer ,paid,2026-04-09
802164,602424,1340.89,paypal,paid,2026-05-16
802165,602425,873.51,cash,paid,2026-06-17
802166,602426,2615.0,CARD,paid,2026-06-29
802167,602427,419.12,bank_transfer,paid,2026-02-16
802168,602428,33.34,CARD,paid,2026-03-14
802169,602429,144.46,bank_transfer,paid,2026-06-18
802170,602430,2427.16,card,paid,2026-06-21
802171,602431,1902.08,CARD,paid,2026-06-03
802172,602433,336.5,card,paid,2026-04-27
802173,602435,0,bank_transfer,failed,2026-08-05
802174,602436,921.91,CARD,paid,2026-03-13
802175,602438,1089.75,bank_transfer,paid,2026-04-11
802176,602441,494.7,card,paid,2026-01-11
802177,602443,1900.07,CARD,paid,2026-02-04
802178,602444,100.31,bank_transfer,paid,2026-05-26
802179,602445,1654.63, Bank Transfer ,paid,2026-07-04
802180,602446,1948.75,bank_transfer,paid,2026-03-07
802181,602447,398.5,CARD,paid,2026-05-06
802182,602448,2049.47,CARD,paid,2026-03-02
802183,602449,3540.98,bank_transfer,paid,2026-03-23
802184,602451,1030.31, Bank Transfer ,paid,2026-08-05
802185,602454,-1568.87,bank_transfer,refunded,2026-05-06
802186,602455,584.27,paypal,paid,2026-04-28
802187,602456,1245.8,cash,paid,2026-06-17
802188,602457,328.69,cash,paid,2026-02-16
802189,602458,2322.54,cash,paid,2026-08-06
802190,602459,239.52,cash,paid,2026-02-23
802191,602461,1578.13,cash,paid,2026-02-14
802192,602462,2032.13, Bank Transfer ,paid,2026-04-30
802193,602464,780.0,card,paid,2026-03-26
802194,602466,743.12,cash,paid,2026-07-05
802195,602467,22.58,CARD,paid,2026-04-19
802196,602468,416.91,CARD,paid,2026-04-23
802197,602469,1229.91,bank_transfer,paid,2026-07-01
802198,602471,562.8,bank_transfer,paid,2026-06-11
802199,602472,2473.98,CARD,paid,2026-02-09
802200,602473,1019.14, Bank Transfer ,paid,2026-07-11
802201,602474,-1095.7,cash,refunded,2026-04-01
802202,602475,2514.4, Bank Transfer ,paid,2026-01-28
802203,602476,956.06,card,paid,2026-03-09
802204,602477,1146.25,paypal,paid,2026-03-24
802205,602478,1659.63,cash,paid,2026-03-09
802206,602479,0,paypal,failed,2026-07-18
802207,602480,877.99,bank_transfer,paid,2026-03-08
802208,602481,1486.05,card,paid,2026-01-08
802209,602482,1345.23,bank_transfer,paid,2026-08-03
802210,602484,1008.16, Bank Transfer ,paid,2026-05-17
802211,602485,917.31,cash,paid,2026-02-25
802212,602486,1770.15,paypal,paid,2026-01-08
802213,602487,3132.63,card,paid,2026-01-31
802214,602488,185.2, Bank Transfer ,paid,2026-06-14
802215,602489,152.14, Bank Transfer ,paid,2026-03-04
802216,602490,3091.04,cash,paid,2026-07-11
802217,602491,922.4,card,paid,2026-07-10
802218,602492,626.5,CARD,paid,2026-04-09
802219,602493,2181.73, Bank Transfer ,paid,2026-07-01
802220,602494,254.33,cash,paid,2026-05-14
802221,602495,44.01,card,paid,2026-02-25
802222,602496,1821.2,card,paid,2026-03-03
802223,602497,870.2,bank_transfer,paid,2026-04-13
802224,602498,686.88,bank_transfer,paid,2026-01-01
802225,602500,1038.65,cash,paid,2026-07-29
802226,602501,1053.45, Bank Transfer ,paid,2026-04-06
802227,602502,64.9,paypal,paid,2026-07-30
802228,602503,1942.89,bank_transfer,paid,2026-06-06
802229,602504,146.01,card,paid,2026-02-14
802230,602505,2169.07,paypal,paid,2026-03-10
802231,602506,531.2,card,paid,2026-02-15
802232,602507,1726.75,CARD,paid,2026-06-17
802233,602508,339.18,paypal,paid,2026-06-22
802234,602510,0,CARD,failed,2026-07-12
802235,602511,2590.79, Bank Transfer ,paid,2026-08-11
802236,602512,1689.6,card,paid,2026-06-26
802237,602513,131.24,CARD,paid,2026-03-10
802238,602514,186.93,card,paid,2026-04-10
802239,602515,189.9,cash,paid,2026-07-12
802240,602516,1368.03,cash,paid,2026-04-11
802241,602517,3583.76, Bank Transfer ,paid,2026-02-25
802242,602518,2138.52, Bank Transfer ,paid,2026-05-06
802243,602519,67.14,paypal,paid,2026-04-17
802244,602520,1183.04,paypal,paid,2026-07-30
802245,602522,65.18,cash,paid,2026-06-12
802246,602524,234.35, Bank Transfer ,paid,2026-06-14
802247,602525,3769.45,bank_transfer,paid,2026-04-16
802248,602527,539.99,CARD,paid,2026-07-17
802249,602528,1673.17,bank_transfer,paid,2026-06-20
802250,602529,1737.01,paypal,paid,2026-05-21
802251,602530,1014.33,CARD,paid,2026-07-14
802252,602532,-2008.61,CARD,refunded,2026-03-08
802253,602533,669.6, Bank Transfer ,paid,2026-07-09
802254,602534,2789.87, Bank Transfer ,paid,2026-03-30
802255,602535,1919.49,CARD,paid,2026-05-22
802256,602536,0,CARD,failed,2026-04-04
802257,602537,2600.12,CARD,paid,2026-03-01
802258,602538,2177.88,bank_transfer,paid,2026-05-04
802259,602539,-1943.75,CARD,refunded,2026-08-09
802260,602540,2824.05,CARD,paid,2026-05-31
802261,602541,1271.79,bank_transfer,paid,2026-03-28
802262,602542,2409.35,cash,paid,2026-07-14
802263,602544,1689.64,bank_transfer,paid,2026-05-24
802264,602545,1942.61,paypal,paid,2026-07-24
802265,602546,327.0,bank_transfer,paid,2026-03-27
802266,602547,3220.04,paypal,paid,2026-05-05
802267,602548,2507.98,cash,paid,2026-02-02
802268,602549,1780.03,bank_transfer,paid,2026-05-20
802269,602550,877.83,CARD,paid,2026-01-26
802270,602551,287.4,cash,paid,2026-01-11
802271,602552,797.04,CARD,paid,2026-08-04
802272,602553,290.82,cash,paid,2026-02-19
802273,602555,3042.35,bank_transfer,paid,2026-05-26
802274,602556,714.0,bank_transfer,paid,2026-02-27
802275,602557,2005.13,cash,paid,2026-03-25
802276,602558,1468.61,paypal,paid,2026-06-27
802277,602559,317.51,cash,paid,2026-03-19
802278,602560,692.14,bank_transfer,paid,2026-03-01
802279,602561,340.81,CARD,paid,2026-08-14
802280,602562,1709.97,CARD,paid,2026-03-20
802281,602563,2751.53,paypal,paid,2026-01-16
802282,602564,2303.64,bank_transfer,paid,2026-03-28
802283,602565,756.0, Bank Transfer ,paid,2026-08-06
802284,602566,585.73, Bank Transfer ,paid,2026-02-14
802285,602567,250.26,card,paid,2026-04-12
802286,602568,390.45,card,paid,2026-03-18
802287,602569,-2253.26,cash,refunded,2026-05-25
802288,602570,1060.49,cash,paid,2026-03-02
802289,602574,3501.7,card,paid,2026-05-29
802290,602575,157.52,card,paid,2026-05-23
802291,602576,711.95, Bank Transfer ,paid,2026-02-17
802292,602577,1052.78,bank_transfer,paid,2026-07-27
802293,602578,1393.89,paypal,paid,2026-02-22
802294,602579,487.89, Bank Transfer ,paid,2026-07-24
802295,602580,192.24,bank_transfer,paid,2026-01-02
802296,602581,-292.96,card,refunded,2026-07-27
802297,602582,1831.09,bank_transfer,paid,2026-03-31
802298,602583,2944.71,paypal,paid,2026-03-30
802299,602584,971.8, Bank Transfer ,paid,2026-03-24
802300,602585,4592.55,CARD,paid,2026-03-17
802301,602586,1134.69,paypal,paid,2026-02-08
802302,602587,2312.1,cash,paid,2026-01-05
802303,602588,24.44,bank_transfer,paid,2026-06-28
802304,602590,325.7,cash,paid,2026-03-07
802305,602591,367.56,card,paid,2026-05-16
802306,602592,935.35,bank_transfer,paid,2026-07-21
802307,602593,1284.55,CARD,paid,2026-05-06
802308,602594,737.1,CARD,paid,2026-06-10
802309,602595,1911.42, Bank Transfer ,paid,2026-07-12
802310,602596,933.42,bank_transfer,paid,2026-03-10
802311,602597,2692.41,card,paid,2026-06-09
802312,602599,982.88, Bank Transfer ,paid,2026-06-07
802313,602600,689.82,bank_transfer,paid,2026-07-23
802314,602601,2394.49,bank_transfer,paid,2026-06-23
802315,602602,678.74, Bank Transfer ,paid,2026-06-20
802316,602603,1468.97,bank_transfer,paid,2026-04-14
802317,602604,707.6,CARD,paid,2026-04-25
802318,602606,1315.4,card,paid,2026-04-24
802319,602608,2427.75,bank_transfer,paid,2026-03-25
802320,602609,2221.79, Bank Transfer ,paid,2026-04-21
802321,602610,1321.94,cash,paid,2026-02-07
802322,602611,207.03, Bank Transfer ,paid,2026-06-23
802323,602612,1034.15,paypal,paid,2026-05-26
802324,602613,1624.25,paypal,paid,2026-06-05
802325,602614,1580.23,cash,paid,2026-04-13
802326,602615,2248.66,card,paid,2026-06-12
802327,602616,708.16,card,paid,2026-01-18
802328,602617,-252.5, Bank Transfer ,refunded,2026-07-22
802329,602618,46.98,bank_transfer,paid,2026-01-04
802330,602619,552.63,card,paid,2026-01-30
802331,602620,1942.19,card,paid,2026-03-30
802332,602621,1450.8,CARD,paid,2026-03-06
802333,602622,243.3,cash,paid,2026-02-09
802334,602623,1419.83,cash,paid,2026-01-17
802335,602624,949.77,CARD,paid,2026-04-14
802336,602625,188.39,cash,paid,2026-05-29
802337,602626,537.6,CARD,paid,2026-07-03
802338,602627,428.14, Bank Transfer ,paid,2026-04-26
802339,602628,961.1,paypal,paid,2026-04-11
802340,602629,2332.19,card,paid,2026-04-18
802341,602630,811.32,paypal,paid,2026-07-10
802342,602631,377.14,paypal,paid,2026-03-03
802343,602632,1623.05,CARD,paid,2026-07-28
802344,602633,679.54, Bank Transfer ,paid,2026-01-09
802345,602634,592.65,card,paid,2026-08-03
802346,602635,1581.73,cash,paid,2026-03-26
802347,602636,2818.03,cash,paid,2026-01-24
802348,602637,-2012.71,CARD,refunded,2026-01-04
802349,602638,2136.09,card,paid,2026-06-18
802350,602639,2202.93,cash,paid,2026-07-04
802351,602640,1208.88,card,paid,2026-06-25
802352,602641,1474.49,CARD,paid,2026-01-04
802353,602642,1195.6, Bank Transfer ,paid,2026-04-10
802354,602643,2226.95,paypal,paid,2026-02-26
802355,602644,483.52, Bank Transfer ,paid,2026-01-06
802356,602645,3247.25,card,paid,2026-07-26
802357,602646,0,CARD,failed,2026-03-02
802358,602647,145.45,paypal,paid,2026-08-01
802359,602649,1612.99,cash,paid,2026-06-02
802360,602650,505.12,bank_transfer,paid,2026-06-08
802361,602651,760.94,cash,paid,2026-06-24
802362,602653,2100.62, Bank Transfer ,paid,2026-06-18
802363,602654,2250.42, Bank Transfer ,paid,2026-01-06
802364,602655,354.78,cash,paid,2026-02-19
802365,602656,337.65,paypal,paid,2026-07-14
802366,602657,785.55,CARD,paid,2026-08-12
802367,602658,2085.44, Bank Transfer ,paid,2026-07-22
802368,602659,321.91,CARD,paid,2026-05-13
802369,602660,328.75,paypal,paid,2026-02-17
802370,602661,1060.94,bank_transfer,paid,2026-07-18
802371,602662,1344.36,paypal,paid,2026-08-07
802372,602663,1757.52,CARD,paid,2026-05-30
802373,602664,1483.89,card,paid,2026-08-02
802374,602665,338.83,card,paid,2026-04-20
802375,602666,1459.93,cash,paid,2026-04-13
802376,602667,0,card,failed,2026-05-20
802377,602668,795.53,cash,paid,2026-01-25
802378,602669,1791.26, Bank Transfer ,paid,2026-05-22
802379,602670,2935.21,card,paid,2026-07-12
802380,602672,164.32,cash,paid,2026-06-15
802381,602673,862.41, Bank Transfer ,paid,2026-05-27
802382,602674,1565.26,CARD,paid,2026-03-22
802383,602675,590.36, Bank Transfer ,paid,2026-01-08
802384,602676,767.28,CARD,paid,2026-01-10
802385,602677,1099.01, Bank Transfer ,paid,2026-01-06
802386,602678,3426.47,cash,paid,2026-03-13
802387,602679,812.52,bank_transfer,paid,2026-03-19
802388,602680,0,cash,failed,2026-01-03
802389,602681,2082.8,bank_transfer,paid,2026-04-24
802390,602682,2430.5,paypal,paid,2026-05-05
802391,602684,4159.57,CARD,paid,2026-05-04
802392,602685,1735.74,bank_transfer,paid,2026-05-26
802393,602686,1658.36,cash,paid,2026-07-30
802394,602687,836.25,card,paid,2026-01-02
802395,602688,77.56,paypal,paid,2026-03-03
802396,602689,1063.35,paypal,paid,2026-06-27
802397,602692,1321.12,CARD,paid,2026-02-20
802398,602693,324.5, Bank Transfer ,paid,2026-07-10
802399,602694,861.32,card,paid,2026-08-06
802400,602695,1557.28,CARD,paid,2026-08-10
802401,602696,1702.09, Bank Transfer ,paid,2026-03-22
802402,602697,1151.64,CARD,paid,2026-01-01
802403,602698,632.53,cash,paid,2026-05-09
802404,602699,1515.07,CARD,paid,2026-06-03
802405,602700,483.0,cash,paid,2026-01-23
802406,602701,323.34,paypal,paid,2026-01-08
802407,602702,201.64,card,paid,2026-06-12
802408,602703,2409.17,CARD,paid,2026-02-02
802409,602704,254.44,CARD,paid,2026-04-22
802410,602705,2094.66,paypal,paid,2026-03-27
802411,602707,633.72,CARD,paid,2026-06-25
802412,602708,2137.56, Bank Transfer ,paid,2026-01-13
802413,602710,402.7,paypal,paid,2026-06-09
802414,602712,922.58,CARD,paid,2026-01-11
802415,602713,368.8,cash,paid,2026-05-15
802416,602714,1005.42,paypal,paid,2026-03-20
802417,602715,73.92,paypal,paid,2026-01-02
802418,602716,957.96,card,paid,2026-07-15
802419,602717,2419.38,cash,paid,2026-04-28
802420,602718,391.71, Bank Transfer ,paid,2026-04-17
802421,602719,829.35,CARD,paid,2026-06-04
802422,602720,1000.71,cash,paid,2026-01-13
802423,602721,518.49,cash,paid,2026-06-24
802424,602722,1580.01, Bank Transfer ,paid,2026-05-11
802425,602723,991.74,bank_transfer,paid,2026-03-13
802426,602724,1583.69,CARD,paid,2026-01-28
802427,602725,906.19,bank_transfer,paid,2026-07-26
802428,602726,3163.87,paypal,paid,2026-03-07
802429,602727,325.78,cash,paid,2026-06-05
802430,602728,620.05,bank_transfer,paid,2026-04-18
802431,602729,385.09,bank_transfer,paid,2026-02-07
802432,602731,1772.42,CARD,paid,2026-06-02
802433,602732,473.8,bank_transfer,paid,2026-06-26
802434,602733,2825.05,cash,paid,2026-02-07
802435,602734,228.03,paypal,paid,2026-05-19
802436,602735,1092.76,CARD,paid,2026-03-16
802437,602736,1852.7,CARD,paid,2026-01-21
802438,602737,835.44,CARD,paid,2026-07-22
802439,602738,2303.75,paypal,paid,2026-04-04
802440,602739,295.88,CARD,paid,2026-03-15
802441,602740,973.6,paypal,paid,2026-06-10
802442,602741,148.94,bank_transfer,paid,2026-07-19
802443,602742,1001.53,card,paid,2026-05-12
802444,602743,658.0,cash,paid,2026-03-03
802445,602744,169.93,CARD,paid,2026-06-28
802446,602745,685.7,card,paid,2026-04-11
802447,602746,972.61,card,paid,2026-06-02
802448,602747,1800.37,paypal,paid,2026-05-23
802449,602748,136.96,CARD,paid,2026-02-19
802450,602749,401.66,cash,paid,2026-02-15
802451,602750,1958.37,paypal,paid,2026-05-04
802452,602751,2485.09,bank_transfer,paid,2026-04-22
802453,602752,1123.64, Bank Transfer ,paid,2026-06-15
802454,602753,1783.76, Bank Transfer ,paid,2026-04-13
802455,602754,926.42, Bank Transfer ,paid,2026-07-25
802456,602755,1135.44, Bank Transfer ,paid,2026-02-05
802457,602756,2173.45,bank_transfer,paid,2026-05-03
802458,602758,918.46,cash,paid,2026-07-02
802459,602759,1373.88,paypal,paid,2026-05-11
802460,602761,2396.11,card,paid,2026-01-08
802461,602762,881.66,card,paid,2026-01-15
802462,602763,718.48,cash,paid,2026-02-03
802463,602764,1413.88, Bank Transfer ,paid,2026-06-08
802464,602766,1125.29,card,paid,2026-03-03
802465,602767,1080.43,paypal,paid,2026-08-03
802466,602768,243.24,card,paid,2026-05-14
802467,602769,192.2,cash,paid,2026-07-04
802468,602770,764.32, Bank Transfer ,paid,2026-08-10
802469,602771,2494.26,card,paid,2026-07-23
802470,602772,1490.86,CARD,paid,2026-01-05
802471,602773,2818.71,bank_transfer,paid,2026-04-23
802472,602774,279.12,CARD,paid,2026-03-23
802473,602775,289.78,cash,paid,2026-05-19
802474,602776,2134.57, Bank Transfer ,paid,2026-07-19
802475,602777,1203.38,card,paid,2026-06-26
802476,602778,1224.0,paypal,paid,2026-02-04
802477,602779,1244.76, Bank Transfer ,paid,2026-05-25
802478,602780,1010.06,bank_transfer,paid,2026-07-07
802479,602782,1209.28,card,paid,2026-06-28
802480,602783,1347.24,card,paid,2026-01-30
802481,602784,1172.56,bank_transfer,paid,2026-08-04
802482,602785,616.92,paypal,paid,2026-03-20
802483,602786,2465.8,CARD,paid,2026-03-19
802484,602787,2246.61,paypal,paid,2026-07-27
802485,602788,-230.02,CARD,refunded,2026-03-26
802486,602789,60.81,bank_transfer,paid,2026-07-02
802487,602790,1725.96, Bank Transfer ,paid,2026-05-26
802488,602794,1872.76,bank_transfer,paid,2026-06-03
802489,602795,493.04,CARD,paid,2026-05-13
802490,602796,728.7,cash,paid,2026-01-09
802491,602797,1169.64,cash,paid,2026-06-04
802492,602798,2124.86,bank_transfer,paid,2026-06-19
802493,602799,959.18, Bank Transfer ,paid,2026-02-12
802494,602800,1655.74,bank_transfer,paid,2026-04-01
802495,602801,1410.63,paypal,paid,2026-07-30
802496,602802,804.97, Bank Transfer ,paid,2026-02-13
802497,602803,1808.23,CARD,paid,2026-05-08
802498,602804,2301.84, Bank Transfer ,paid,2026-07-30
802499,602805,271.02,CARD,paid,2026-06-07
802500,602806,165.26, Bank Transfer ,paid,2026-05-07
802501,602807,64.81, Bank Transfer ,paid,2026-03-01
802502,602808,10.97,paypal,paid,2026-06-14
802503,602810,1208.35,cash,paid,2026-05-19
802504,602811,1063.52,bank_transfer,paid,2026-05-09
802505,602812,148.15,cash,paid,2026-03-21
802506,602813,480.18,paypal,paid,2026-03-21
802507,602814,1297.25,card,paid,2026-03-06
802508,602815,798.04,bank_transfer,paid,2026-02-17
802509,602816,1119.08, Bank Transfer ,paid,2026-05-02
802510,602817,601.78,bank_transfer,paid,2026-03-12
802511,602818,3340.75,CARD,paid,2026-05-18
802512,602819,0,card,failed,2026-07-23
802513,602821,0,bank_transfer,failed,2026-05-03
802514,602822,3032.82,cash,paid,2026-01-03
802515,602823,-1681.92,cash,refunded,2026-07-06
802516,602824,1938.86,card,paid,2026-06-24
802517,602825,1149.4,paypal,paid,2026-03-30
802518,602826,1440.05,card,paid,2026-03-25
802519,602827,756.32,cash,paid,2026-02-19
802520,602828,3251.34,cash,paid,2026-05-25
802521,602829,1174.22,CARD,paid,2026-01-12
802522,602830,1130.09,card,paid,2026-07-17
802523,602831,521.02,CARD,paid,2026-02-24
802524,602832,830.96,card,paid,2026-06-09
802525,602833,1380.37,bank_transfer,paid,2026-05-08
802526,602834,1262.68,cash,paid,2026-08-08
802527,602835,2028.41,paypal,paid,2026-01-14
802528,602836,927.09,paypal,paid,2026-02-23
802529,602837,2290.0,bank_transfer,paid,2026-04-14
802530,602838,3045.44, Bank Transfer ,paid,2026-02-18
802531,602839,318.12,bank_transfer,paid,2026-07-05
802532,602840,2235.03,CARD,paid,2026-08-04
802533,602841,640.9,card,paid,2026-02-18
802534,602843,-201.16,bank_transfer,refunded,2026-06-24
802535,602845,418.0,cash,paid,2026-05-31
802536,602846,1789.96,CARD,paid,2026-05-09
802537,602847,311.32,card,paid,2026-06-05
802538,602849,1744.34,paypal,paid,2026-02-09
802539,602850,6.13,CARD,paid,2026-06-18
802540,602851,2519.12, Bank Transfer ,paid,2026-08-03
802541,602852,187.38,paypal,paid,2026-07-02
802542,602853,796.28, Bank Transfer ,paid,2026-05-05
802543,602855,1063.67,bank_transfer,paid,2026-01-28
802544,602856,1044.51,CARD,paid,2026-04-01
802545,602857,542.49, Bank Transfer ,paid,2026-05-18
802546,602858,1716.17,card,paid,2026-06-07
802547,602859,666.02, Bank Transfer ,paid,2026-04-29
802548,602860,1905.16,card,paid,2026-01-05
802549,602861,1484.77,card,paid,2026-01-09
802550,602862,2546.4, Bank Transfer ,paid,2026-03-29
802551,602864,0,CARD,failed,2026-07-22
802552,602865,1024.69,paypal,paid,2026-03-10
802553,602866,2042.39, Bank Transfer ,paid,2026-06-24
802554,602867,2066.28, Bank Transfer ,paid,2026-03-21
802555,602868,2526.17,card,paid,2026-06-02
802556,602869,655.48, Bank Transfer ,paid,2026-02-16
802557,602870,0,paypal,failed,2026-04-30
802558,602871,1107.66,CARD,paid,2026-03-14
802559,602872,0, Bank Transfer ,failed,2026-05-08
802560,602873,1409.85,CARD,paid,2026-05-25
802561,602874,-376.45,bank_transfer,refunded,2026-04-07
802562,602875,99.33,card,paid,2026-07-11
802563,602876,1170.79, Bank Transfer ,paid,2026-01-03
802564,602877,-1504.1,cash,refunded,2026-03-21
802565,602879,2980.16,card,paid,2026-02-04
802566,602880,158.33,cash,paid,2026-07-08
802567,602881,1459.72, Bank Transfer ,paid,2026-02-28
802568,602882,2692.63,bank_transfer,paid,2026-01-11
802569,602883,1365.25,cash,paid,2026-01-07
802570,602884,254.66,CARD,paid,2026-04-30
802571,602885,1768.85,card,paid,2026-06-10
802572,602886,1236.6,bank_transfer,paid,2026-04-26
802573,602887,278.25,paypal,paid,2026-06-14
802574,602888,1837.93,paypal,paid,2026-08-13
802575,602889,-1707.48, Bank Transfer ,refunded,2026-05-15
802576,602890,1020.93,bank_transfer,paid,2026-06-02
802577,602891,2071.19,paypal,paid,2026-01-16
802578,602892,1552.52, Bank Transfer ,paid,2026-07-31
802579,602893,2960.64,card,paid,2026-01-18
802580,602895,613.25,paypal,paid,2026-06-06
802581,602896,1092.68,cash,paid,2026-04-20
802582,602897,1245.73,bank_transfer,paid,2026-04-09
802583,602898,1426.62,bank_transfer,paid,2026-02-21
802584,602899,2590.98,bank_transfer,paid,2026-03-25
802585,602900,2932.65,CARD,paid,2026-03-06
802586,602901,490.35,CARD,paid,2026-06-11
802587,602902,1205.1,bank_transfer,paid,2026-03-08
802588,602903,1393.65,bank_transfer,paid,2026-06-20
802589,602904,1155.04,paypal,paid,2026-07-13
802590,602905,0,card,failed,2026-01-03
802591,602906,-2773.69,cash,refunded,2026-05-27
802592,602907,1244.43,cash,paid,2026-07-17
802593,602908,1237.92,paypal,paid,2026-05-23
802594,602910,3902.11,card,paid,2026-05-04
802595,602911,321.19, Bank Transfer ,paid,2026-02-06
802596,602912,307.58,card,paid,2026-01-06
802597,602913,630.3,paypal,paid,2026-05-18
802598,602914,620.06,card,paid,2026-03-29
802599,602915,806.52,cash,paid,2026-03-15
802600,602916,1660.46, Bank Transfer ,paid,2026-07-12
802601,602917,2733.82,cash,paid,2026-01-05
802602,602919,2148.17,cash,paid,2026-05-04
802603,602921,2405.58,paypal,paid,2026-01-31
802604,602922,2291.58,cash,paid,2026-02-25
802605,602923,1778.74,card,paid,2026-02-24
802606,602925,1868.74, Bank Transfer ,paid,2026-06-27
802607,602926,1809.47,paypal,paid,2026-04-25
802608,602927,1811.35,CARD,paid,2026-03-26
802609,602928,2013.66,CARD,paid,2026-01-07
802610,602929,392.28, Bank Transfer ,paid,2026-05-08
802611,602930,1011.12, Bank Transfer ,paid,2026-01-04
802612,602931,102.83,card,paid,2026-07-21
802613,602932,-1694.78,card,refunded,2026-01-10
802614,602933,2471.43,CARD,paid,2026-04-16
802615,602934,968.17,card,paid,2026-01-11
802616,602935,1198.01,CARD,paid,2026-02-11
802617,602936,-2153.24,cash,refunded,2026-02-02
802618,602938,1181.76, Bank Transfer ,paid,2026-05-31
802619,602939,-878.77,cash,refunded,2026-05-01
802620,602940,-1217.68,card,refunded,2026-05-09
802621,602941,1131.23,CARD,paid,2026-04-17
802622,602942,265.99,bank_transfer,paid,2026-06-12
802623,602943,2214.58,CARD,paid,2026-03-10
802624,602944,2039.06,CARD,paid,2026-04-17
802625,602946,1817.29,cash,paid,2026-08-11
802626,602947,1411.34,bank_transfer,paid,2026-03-01
802627,602949,175.32,cash,paid,2026-06-07
802628,602950,1024.49, Bank Transfer ,paid,2026-06-07
802629,602951,819.07,paypal,paid,2026-05-28
802630,602952,3223.76,card,paid,2026-06-30
802631,602953,1872.25,cash,paid,2026-05-11
802632,602954,1119.85,paypal,paid,2026-07-19
802633,602955,1091.66,CARD,paid,2026-03-20
802634,602956,511.64,cash,paid,2026-03-20
802635,602957,1083.68,CARD,paid,2026-08-07
802636,602958,1219.38, Bank Transfer ,paid,2026-07-29
802637,602959,1609.62,bank_transfer,paid,2026-07-22
802638,602960,1442.71,cash,paid,2026-08-05
802639,602961,1009.84,CARD,paid,2026-03-23
802640,602962,1585.75, Bank Transfer ,paid,2026-06-27
802641,602963,0, Bank Transfer ,failed,2026-02-02
802642,602964,-2724.93,paypal,refunded,2026-07-27
802643,602965,0,bank_transfer,failed,2026-04-24
802644,602966,1679.04,paypal,paid,2026-01-24
802645,602967,2392.48,CARD,paid,2026-03-25
802646,602968,0,bank_transfer,paid,2026-06-08
802647,602969,1776.3,card,paid,2026-03-17
802648,602970,2658.63, Bank Transfer ,paid,2026-07-24
802649,602971,2046.38,paypal,paid,2026-02-09
802650,602972,1268.2,bank_transfer,paid,2026-06-23
802651,602973,2506.59, Bank Transfer ,paid,2026-06-26
802652,602974,1620.65,cash,paid,2026-06-14
802653,602975,2718.75,CARD,paid,2026-08-05
802654,602976,943.86,paypal,paid,2026-01-16
802655,602977,162.25,CARD,paid,2026-05-30
802656,602978,2503.48,card,paid,2026-06-13
802657,602979,279.15,card,paid,2026-06-28
802658,602980,490.65,paypal,paid,2026-02-24
802659,602981,117.64, Bank Transfer ,paid,2026-07-29
802660,602983,141.06,card,paid,2026-01-21
802661,602984,1985.95, Bank Transfer ,paid,2026-04-09
802662,602985,1969.73,bank_transfer,paid,2026-04-17
802663,602986,886.77,paypal,paid,2026-02-08
802664,602987,2056.46, Bank Transfer ,paid,2026-01-29
802665,602988,0,paypal,paid,2026-07-09
802666,602989,0,cash,failed,2026-06-25
802667,602990,1658.92, Bank Transfer ,paid,2026-06-21
802668,602992,1160.0,card,paid,2026-03-22
802669,602993,294.03, Bank Transfer ,paid,2026-03-10
802670,602994,173.72,paypal,paid,2026-05-04
802671,602995,1407.95,bank_transfer,paid,2026-06-06
802672,602996,197.54,card,paid,2026-02-09
802673,602997,516.08,paypal,paid,2026-01-13
802674,602998,1764.97,bank_transfer,paid,2026-05-19
802675,602999,291.93, Bank Transfer ,paid,2026-06-09
802676,603000,2924.31,card,paid,2026-03-05
802677,603001,-1847.67,card,refunded,2026-03-30
802678,603002,0, Bank Transfer ,paid,2026-06-09
802679,603004,1562.64,paypal,paid,2026-07-20
802680,603005,879.95,card,paid,2026-06-25
802681,603007,827.44,paypal,paid,2026-07-07
802682,603008,1270.9,CARD,paid,2026-03-28
802683,603009,389.64,card,paid,2026-06-05
802684,603010,148.75,bank_transfer,paid,2026-02-21
802685,603011,2434.21,CARD,paid,2026-04-15
802686,603012,282.57,bank_transfer,paid,2026-03-25
802687,603013,2341.38,CARD,paid,2026-08-13
802688,603014,405.3,CARD,paid,2026-06-28
802689,603015,407.32,cash,paid,2026-06-02
802690,603016,1145.32, Bank Transfer ,paid,2026-03-14
802691,603017,84.75,paypal,paid,2026-02-01
802692,603018,384.28,card,paid,2026-01-31
802693,603019,153.25, Bank Transfer ,paid,2026-07-19
802694,603020,137.44,CARD,paid,2026-01-22
802695,603021,685.08,paypal,paid,2026-07-28
802696,603022,265.04,cash,paid,2026-08-12
802697,603023,-875.46,CARD,refunded,2026-08-09
802698,603024,25.54,card,paid,2026-07-22
802699,603025,493.65, Bank Transfer ,paid,2026-02-18
802700,603026,1477.29,cash,paid,2026-04-12
802701,603027,819.59, Bank Transfer ,paid,2026-08-11
802702,603028,2889.35,bank_transfer,paid,2026-04-05
802703,603029,0,bank_transfer,failed,2026-01-17
802704,603031,1019.88,cash,paid,2026-02-21
802705,603032,1017.48,CARD,paid,2026-01-13
802706,603034,832.4,card,paid,2026-06-12
802707,603035,1009.86,card,paid,2026-06-09
802708,603036,1071.64,CARD,paid,2026-04-29
802709,603037,949.11,card,paid,2026-02-15
802710,603038,335.52,card,paid,2026-06-04
802711,603039,2658.69,paypal,paid,2026-07-30
802712,603040,735.24,card,paid,2026-07-14
802713,603041,540.0,cash,paid,2026-08-01
802714,603042,2033.78,paypal,paid,2026-07-09
802715,603043,1491.61,card,paid,2026-04-25
802716,603044,1728.16,paypal,paid,2026-03-15
802717,603046,386.67,CARD,paid,2026-02-27
802718,603047,2368.14,bank_transfer,paid,2026-02-07
802719,603048,2098.21,bank_transfer,paid,2026-05-09
802720,603049,1685.19, Bank Transfer ,paid,2026-01-31
802721,603050,2238.81,paypal,paid,2026-05-26
802722,603051,236.0,card,paid,2026-06-24
802723,603053,769.55,paypal,paid,2026-07-09
802724,603054,1510.18,card,paid,2026-05-27
802725,603055,1083.59, Bank Transfer ,paid,2026-05-24
802726,603056,1240.33,paypal,paid,2026-04-22
802727,603057,1250.68,cash,paid,2026-01-15
802728,603058,1770.39,bank_transfer,paid,2026-04-29
802729,603059,1971.9,paypal,paid,2026-07-20
802730,603061,727.63,card,paid,2026-08-09
802731,603062,932.0, Bank Transfer ,paid,2026-02-20
802732,603063,1043.01, Bank Transfer ,paid,2026-03-06
802733,603064,61.36, Bank Transfer ,paid,2026-05-26
802734,603065,433.97, Bank Transfer ,paid,2026-04-04
802735,603066,2005.51, Bank Transfer ,paid,2026-07-02
802736,603067,0,cash,failed,2026-04-23
802737,603068,1446.98,paypal,paid,2026-07-17
802738,603069,1564.59,cash,paid,2026-02-28
802739,603070,0,cash,failed,2026-01-27
802740,603072,1178.25,paypal,paid,2026-02-26
802741,603073,859.03,paypal,paid,2026-05-16
802742,603074,339.78, Bank Transfer ,paid,2026-01-22
802743,603075,908.5,cash,paid,2026-01-19
802744,603076,1421.13,paypal,paid,2026-01-09
802745,603077,1012.3,CARD,paid,2026-03-14
802746,603078,2318.84,cash,paid,2026-05-04
802747,603079,681.67,cash,paid,2026-03-25
802748,603080,2289.01,cash,paid,2026-02-15
802749,603081,247.78,card,paid,2026-05-05
802750,603083,245.34,card,paid,2026-03-04
802751,603084,2159.99,card,paid,2026-06-03
802752,603085,1434.68,CARD,paid,2026-04-24
802753,603086,2658.74,CARD,paid,2026-05-10
802754,603087,0,paypal,failed,2026-05-30
802755,603088,2367.19,paypal,paid,2026-01-12
802756,603089,289.35,paypal,paid,2026-08-09
802757,603090,3215.07,cash,paid,2026-03-28
802758,603091,1377.96,card,paid,2026-07-17
802759,603092,1734.3,paypal,paid,2026-04-13
802760,603093,120.2,paypal,paid,2026-04-25
802761,603094,1366.7,paypal,paid,2026-05-15
802762,603095,1043.47,paypal,paid,2026-06-23
802763,603096,880.93,cash,paid,2026-03-23
802764,603097,-1430.84,bank_transfer,refunded,2026-06-30
802765,603098,2829.18,card,paid,2026-05-14
802766,603099,-876.14,paypal,refunded,2026-07-20
802767,603100,950.73,paypal,paid,2026-07-28
802768,603101,3222.59,card,paid,2026-04-01
802769,603102,1616.71, Bank Transfer ,paid,2026-04-22
802770,603103,2843.0,cash,paid,2026-04-08
802771,603104,790.04,cash,paid,2026-06-13
802772,603105,-223.14,CARD,refunded,2026-05-27
802773,603106,565.05,cash,paid,2026-05-20
802774,603107,1408.78,CARD,paid,2026-01-08
802775,603108,0,CARD,failed,2026-05-04
802776,603110,2134.81,cash,paid,2026-07-15
802777,603111,2312.49,cash,paid,2026-01-05
802778,603112,671.95,bank_transfer,paid,2026-07-09
802779,603113,200.35, Bank Transfer ,paid,2026-08-10
802780,603114,1124.42,cash,paid,2026-04-12
802781,603116,1483.84, Bank Transfer ,paid,2026-02-21
802782,603117,304.0,bank_transfer,paid,2026-07-25
802783,603118,1238.1,cash,paid,2026-02-17
802784,603119,455.68,card,paid,2026-08-01
802785,603120,145.48,bank_transfer,paid,2026-08-05
802786,603121,1336.43,bank_transfer,paid,2026-01-22
802787,603123,860.05,card,paid,2026-02-25
802788,603124,821.1,card,paid,2026-01-22
802789,603125,1188.91,paypal,paid,2026-04-18
802790,603126,2102.41,CARD,paid,2026-06-23
802791,603127,-1354.52, Bank Transfer ,refunded,2026-05-11
802792,603128,1067.37, Bank Transfer ,paid,2026-08-06
802793,603129,3196.63,card,paid,2026-04-10
802794,603131,453.64,bank_transfer,paid,2026-01-08
802795,603132,1288.25,bank_transfer,paid,2026-06-15
802796,603133,0,card,failed,2026-02-26
802797,603134,1346.09,card,paid,2026-06-05
802798,603136,212.02,card,paid,2026-06-18
802799,603137,811.91,bank_transfer,paid,2026-05-14
802800,603138,582.34,CARD,paid,2026-07-17
802801,603139,1479.5,card,paid,2026-02-08
802802,603140,1492.41,CARD,paid,2026-02-02
802803,603141,1398.71,paypal,paid,2026-06-18
802804,603142,1293.98,cash,paid,2026-07-05
802805,603143,424.8,CARD,paid,2026-06-04
802806,603144,1721.62, Bank Transfer ,paid,2026-03-14
802807,603145,1882.21, Bank Transfer ,paid,2026-01-21
802808,603146,472.18,cash,paid,2026-03-26
802809,603147,1415.21,bank_transfer,paid,2026-02-10
802810,603148,1722.0,bank_transfer,paid,2026-01-21
802811,603149,1119.19,paypal,paid,2026-06-16
802812,603150,1176.78,cash,paid,2026-04-07
802813,603151,1417.3,bank_transfer,paid,2026-01-05
802814,603152,1155.69,paypal,paid,2026-01-08
802815,603153,1871.06, Bank Transfer ,paid,2026-03-21
802816,603154,1826.7,bank_transfer,paid,2026-02-26
802817,603155,4267.79,paypal,paid,2026-06-05
802818,603156,65.92,paypal,paid,2026-04-09
802819,603157,898.35,paypal,paid,2026-07-05
802820,603158,-115.0,paypal,refunded,2026-05-30
802821,603159,596.57,bank_transfer,paid,2026-03-03
802822,603160,615.35, Bank Transfer ,paid,2026-01-20
802823,603161,0,cash,failed,2026-08-10
802824,603163,329.44,paypal,paid,2026-03-13
802825,603164,1921.19,paypal,paid,2026-06-19
802826,603165,1988.32,card,paid,2026-06-11
802827,603166,1454.14,bank_transfer,paid,2026-04-21
802828,603167,1511.04, Bank Transfer ,paid,2026-05-01
802829,603168,1442.24,bank_transfer,paid,2026-05-13
802830,603169,1858.97,cash,paid,2026-01-23
802831,603171,-497.99,bank_transfer,refunded,2026-03-28
802832,603172,1717.31,CARD,paid,2026-01-17
802833,603173,496.55, Bank Transfer ,paid,2026-01-10
802834,603174,2953.7,cash,paid,2026-02-15
802835,603175,840.22,paypal,paid,2026-01-30
802836,603176,791.48,card,paid,2026-05-07
802837,603177,277.0, Bank Transfer ,paid,2026-07-08
802838,603178,1470.9,bank_transfer,paid,2026-05-10
802839,603179,3772.86,card,paid,2026-01-11
802840,603180,192.41,CARD,paid,2026-06-19
802841,603181,2467.38,card,paid,2026-06-28
802842,603182,1252.3,paypal,paid,2026-07-05
802843,603183,-862.33,cash,refunded,2026-04-26
802844,603184,2093.34,CARD,paid,2026-08-06
802845,603185,1736.4,card,paid,2026-08-03
802846,603186,791.43,bank_transfer,paid,2026-01-03
802847,603187,1972.74,bank_transfer,paid,2026-05-30
802848,603188,755.8, Bank Transfer ,paid,2026-01-06
802849,603189,271.19,bank_transfer,paid,2026-03-29
802850,603190,117.54,paypal,paid,2026-06-08
802851,603191,0,CARD,failed,2026-01-04
802852,603192,688.25,cash,paid,2026-04-12
802853,603193,127.23, Bank Transfer ,paid,2026-06-03
802854,603194,2984.92, Bank Transfer ,paid,2026-04-30
802855,603195,713.56,bank_transfer,paid,2026-07-19
802856,603196,0,cash,failed,2026-07-25
802857,603197,411.61, Bank Transfer ,paid,2026-06-01
802858,603199,434.42,cash,paid,2026-01-11
802859,603200,1503.1,paypal,paid,2026-02-10
802860,603201,1420.3,paypal,paid,2026-02-09
802861,603202,1788.51,bank_transfer,paid,2026-01-12
802862,603203,0, Bank Transfer ,failed,2026-03-09
802863,603204,1495.25,bank_transfer,paid,2026-06-26
802864,603206,1441.04,card,paid,2026-03-13
802865,603207,2001.48,paypal,paid,2026-05-09
802866,603208,1147.02,card,paid,2026-01-20
802867,603209,1512.56,bank_transfer,paid,2026-07-24
802868,603210,38.3,bank_transfer,paid,2026-01-07
802869,603211,291.09,card,paid,2026-05-24
802870,603212,1688.1,CARD,paid,2026-01-23
802871,603213,261.63,cash,paid,2026-06-20
802872,603214,4210.79,bank_transfer,paid,2026-05-04
802873,603215,1663.57,paypal,paid,2026-04-25
802874,603216,1176.88, Bank Transfer ,paid,2026-04-23
802875,603217,47.94,CARD,paid,2026-04-14
802876,603218,1520.64,cash,paid,2026-03-12
802877,603219,289.01,paypal,paid,2026-06-11
802878,603220,2332.37,card,paid,2026-05-03
802879,603221,1346.24,paypal,paid,2026-05-30
802880,603222,1072.93,bank_transfer,paid,2026-04-20
802881,603223,929.99, Bank Transfer ,paid,2026-03-21
802882,603224,535.86,cash,paid,2026-03-16
802883,603225,1258.38,CARD,paid,2026-06-05
802884,603226,979.14,paypal,paid,2026-01-29
802885,603227,599.01,bank_transfer,paid,2026-01-29
802886,603229,1387.8, Bank Transfer ,paid,2026-01-20
802887,603230,376.38,bank_transfer,paid,2026-02-22
802888,603231,579.86,CARD,paid,2026-05-10
802889,603233,923.3,cash,paid,2026-03-03
802890,603236,340.02,CARD,paid,2026-01-03
802891,603237,858.23,cash,paid,2026-01-20
802892,603238,1676.58, Bank Transfer ,paid,2026-06-20
802893,603239,4131.99, Bank Transfer ,paid,2026-07-06
802894,603240,2920.77,card,paid,2026-03-19
802895,603241,872.36, Bank Transfer ,paid,2026-01-19
802896,603242,1173.96,bank_transfer,paid,2026-02-16
802897,603243,1015.3,paypal,paid,2026-06-08
802898,603244,1171.48, Bank Transfer ,paid,2026-04-14
802899,603245,840.36,cash,paid,2026-04-03
802900,603246,87.33, Bank Transfer ,paid,2026-06-04
802901,603247,0,bank_transfer,paid,2026-01-06
802902,603248,910.98,cash,paid,2026-05-20
802903,603249,645.41,card,paid,2026-01-25
802904,603251,1888.64,bank_transfer,paid,2026-02-07
802905,603252,1696.12,card,paid,2026-02-20
802906,603253,1262.12,bank_transfer,paid,2026-06-20
802907,603256,2582.06, Bank Transfer ,paid,2026-02-25
802908,603258,0,cash,failed,2026-04-16
802909,603259,2551.61, Bank Transfer ,paid,2026-02-11
802910,603260,2182.41,bank_transfer,paid,2026-01-05
802911,603261,1779.64, Bank Transfer ,paid,2026-03-07
802912,603262,515.67, Bank Transfer ,paid,2026-02-27
802913,603264,729.87,CARD,paid,2026-03-13
802914,603265,-1633.65,CARD,refunded,2026-03-29
802915,603266,3164.82,card,paid,2026-04-30
802916,603267,360.66,paypal,paid,2026-05-01
802917,603268,3024.13,cash,paid,2026-06-12
802918,603270,1170.0,cash,paid,2026-08-06
802919,603271,1317.72,cash,paid,2026-03-04
802920,603272,489.47, Bank Transfer ,paid,2026-08-13
802921,603273,1406.76,cash,paid,2026-05-11
802922,603274,1245.0,CARD,paid,2026-02-07
802923,603275,677.96,cash,paid,2026-01-10
802924,603276,1010.66,CARD,paid,2026-03-02
802925,603277,593.27,cash,paid,2026-05-11
802926,603278,2552.48,paypal,paid,2026-08-08
802927,603279,1316.08,card,paid,2026-06-30
802928,603280,1252.53,CARD,paid,2026-07-14
802929,603282,3044.97,bank_transfer,paid,2026-01-25
802930,603283,861.29,paypal,paid,2026-04-12
802931,603284,860.12,cash,paid,2026-03-15
802932,603286,3497.43,paypal,paid,2026-06-06
802933,603287,2391.98,CARD,paid,2026-01-28
802934,603288,3962.49, Bank Transfer ,paid,2026-02-08
802935,603289,576.92,bank_transfer,paid,2026-02-28
802936,603290,-1172.0,cash,refunded,2026-04-23
802937,603291,1628.53,card,paid,2026-06-11
802938,603292,534.18,card,paid,2026-08-14
802939,603293,2225.76,bank_transfer,paid,2026-06-04
802940,603294,1765.95,paypal,paid,2026-04-30
802941,603295,2192.48,cash,paid,2026-05-15
802942,603297,2209.33,cash,paid,2026-02-18
802943,603298,1319.17, Bank Transfer ,paid,2026-05-03
802944,603299,358.56,cash,paid,2026-03-19
802945,603300,1441.54, Bank Transfer ,paid,2026-06-26
802946,603301,656.89, Bank Transfer ,paid,2026-03-18
802947,603302,946.4, Bank Transfer ,paid,2026-03-07
802948,603303,2079.25,paypal,paid,2026-02-27
802949,603304,-3252.69,card,refunded,2026-06-30
802950,603305,575.52,card,paid,2026-02-09
802951,603306,868.19,card,paid,2026-04-07
802952,603307,1852.26,card,paid,2026-06-02
802953,603308,1275.5,paypal,paid,2026-06-02
802954,603309,2333.14,cash,paid,2026-03-23
802955,603310,1987.12,bank_transfer,paid,2026-05-07
802956,603311,882.92,cash,paid,2026-05-17
802957,603312,301.58,cash,paid,2026-08-08
802958,603313,-730.34,bank_transfer,refunded,2026-01-10
802959,603314,2729.31, Bank Transfer ,paid,2026-05-02
802960,603315,1341.52,card,paid,2026-07-10
802961,603316,73.06,CARD,paid,2026-07-05
802962,603317,0,bank_transfer,failed,2026-04-15
802963,603319,2014.95, Bank Transfer ,paid,2026-03-20
802964,603320,1072.74,cash,paid,2026-07-18
802965,603321,1770.02,cash,paid,2026-03-30
802966,603322,1736.5,cash,paid,2026-08-13
802967,603323,721.48, Bank Transfer ,paid,2026-02-19
802968,603324,1743.61,CARD,paid,2026-05-10
802969,603325,607.24, Bank Transfer ,paid,2026-04-15
802970,603326,301.59,card,paid,2026-05-08
802971,603327,2163.48, Bank Transfer ,paid,2026-03-09
802972,603328,1380.72,bank_transfer,paid,2026-01-02
802973,603330,727.03,bank_transfer,paid,2026-01-10
802974,603331,280.48,paypal,paid,2026-01-25
802975,603332,778.77,paypal,paid,2026-05-22
802976,603333,1886.01,bank_transfer,paid,2026-06-04
802977,603334,1763.42,cash,paid,2026-03-27
802978,603335,1399.39,cash,paid,2026-01-29
802979,603336,202.78,paypal,paid,2026-01-23
802980,603337,339.55,CARD,paid,2026-03-13
802981,603338,328.53,CARD,paid,2026-07-26
802982,603340,331.01,card,paid,2026-04-09
802983,603341,675.18,cash,paid,2026-06-29
802984,603342,3232.44,paypal,paid,2026-07-07
802985,603343,329.48,cash,paid,2026-04-09
802986,603345,357.84,bank_transfer,paid,2026-07-23
802987,603346,326.24,bank_transfer,paid,2026-06-13
802988,603347,590.45,cash,paid,2026-06-18
802989,603348,494.99,CARD,paid,2026-05-16
802990,603349,2051.26, Bank Transfer ,paid,2026-07-14
802991,603350,113.6,paypal,paid,2026-05-02
802992,603351,1121.41,CARD,paid,2026-01-09
802993,603352,621.79,bank_transfer,paid,2026-07-15
802994,603353,570.45,bank_transfer,paid,2026-06-21
802995,603354,364.29,card,paid,2026-01-02
802996,603355,652.47,paypal,paid,2026-05-02
802997,603356,1788.35, Bank Transfer ,paid,2026-02-01
802998,603357,1848.93,CARD,paid,2026-04-14
802999,603358,540.28,card,paid,2026-01-18
803000,603359,167.91,bank_transfer,paid,2026-01-18
803001,603360,284.16,cash,paid,2026-05-10
803002,603361,723.3,bank_transfer,paid,2026-06-23
803003,603363,313.85,CARD,paid,2026-03-05
803004,603364,625.52,paypal,paid,2026-07-08
803005,603365,1347.63,paypal,paid,2026-04-18
803006,603366,920.35,card,paid,2026-03-31
803007,603367,2504.63,bank_transfer,paid,2026-05-19
803008,603368,14.1,cash,paid,2026-02-06
803009,603369,379.98,cash,paid,2026-07-30
803010,603370,1108.95,paypal,paid,2026-05-03
803011,603371,438.46, Bank Transfer ,paid,2026-04-16
803012,603372,2567.65, Bank Transfer ,paid,2026-01-15
803013,603373,2118.35, Bank Transfer ,paid,2026-07-24
803014,603374,-1342.75,bank_transfer,refunded,2026-05-17
803015,603375,1825.12, Bank Transfer ,paid,2026-04-22
803016,603376,1487.34,bank_transfer,paid,2026-02-09
803017,603377,0,bank_transfer,failed,2026-06-04
803018,603378,805.91,cash,paid,2026-03-30
803019,603379,160.98,bank_transfer,paid,2026-03-02
803020,603380,2077.21,CARD,paid,2026-03-18
803021,603381,2139.47,cash,paid,2026-06-27
803022,603382,1547.86,cash,paid,2026-02-02
803023,603383,1085.99, Bank Transfer ,paid,2026-04-13
803024,603384,1338.08,cash,paid,2026-02-14
803025,603385,1397.13,CARD,paid,2026-08-13
803026,603386,1946.33,cash,paid,2026-02-06
803027,603387,1715.59,bank_transfer,paid,2026-05-16
803028,603388,115.4,cash,paid,2026-01-02
803029,603389,3475.78,card,paid,2026-03-15
803030,603390,182.45, Bank Transfer ,paid,2026-01-05
803031,603391,759.05,cash,paid,2026-02-25
803032,603392,1421.14,paypal,paid,2026-07-07
803033,603393,1695.72,card,paid,2026-02-02
803034,603394,197.69,cash,paid,2026-06-08
803035,603395,1977.94,CARD,paid,2026-01-04
803036,603396,499.89,CARD,paid,2026-07-07
803037,603397,437.12,paypal,paid,2026-06-19
803038,603399,303.3,CARD,paid,2026-05-03
803039,603400,1071.66,card,paid,2026-03-31
803040,603401,2039.11,card,paid,2026-07-18
803041,603402,1825.34,bank_transfer,paid,2026-02-07
803042,603403,580.62,bank_transfer,paid,2026-02-14
803043,603404,1721.08,bank_transfer,paid,2026-03-25
803044,603405,1319.58,card,paid,2026-06-25
803045,603406,2120.19,cash,paid,2026-02-18
803046,603407,815.19, Bank Transfer ,paid,2026-03-27
803047,603408,1836.88,CARD,paid,2026-01-04
803048,603409,183.37,paypal,paid,2026-07-13
803049,603410,1254.93, Bank Transfer ,paid,2026-03-23
803050,603411,1471.33,bank_transfer,paid,2026-04-24
803051,603412,667.1, Bank Transfer ,paid,2026-04-27
803052,603413,1557.91, Bank Transfer ,paid,2026-01-13
803053,603414,1211.77,card,paid,2026-07-24
803054,603415,1639.13,paypal,paid,2026-02-27
803055,603417,651.28,card,paid,2026-04-19
803056,603418,1127.57,card,paid,2026-05-27
803057,603419,547.8,card,paid,2026-05-14
803058,603420,0,paypal,failed,2026-05-21
803059,603421,2609.82,card,paid,2026-06-02
803060,603422,0, Bank Transfer ,failed,2026-04-16
803061,603424,1857.83,bank_transfer,paid,2026-01-03
803062,603425,2827.57, Bank Transfer ,paid,2026-07-19
803063,603426,56.28,paypal,paid,2026-02-02
803064,603427,591.7,bank_transfer,paid,2026-07-09
803065,603428,2878.82,paypal,paid,2026-07-18
803066,603429,2074.64,CARD,paid,2026-05-29
803067,603430,246.45, Bank Transfer ,paid,2026-03-10
803068,603431,840.9, Bank Transfer ,paid,2026-04-15
803069,603433,1729.05,card,paid,2026-03-22
803070,603434,1083.76,bank_transfer,paid,2026-06-25
803071,603437,2102.76,paypal,paid,2026-07-03
803072,603438,-1543.08,CARD,refunded,2026-03-29
803073,603439,329.32,bank_transfer,paid,2026-06-25
803074,603440,1567.78,card,paid,2026-01-23
803075,603441,2578.17,card,paid,2026-07-25
803076,603442,1220.42,bank_transfer,paid,2026-06-23
803077,603443,1448.55,cash,paid,2026-04-02
803078,603444,306.7,bank_transfer,paid,2026-06-01
803079,603445,-800.93, Bank Transfer ,refunded,2026-08-08
803080,603446,0,paypal,failed,2026-02-12
803081,603447,2405.0,cash,paid,2026-01-20
803082,603448,386.12,bank_transfer,paid,2026-06-25
803083,603449,664.17, Bank Transfer ,paid,2026-05-06
803084,603451,2615.56,paypal,paid,2026-06-22
803085,603452,35.9,cash,paid,2026-04-25
803086,603453,624.02,card,paid,2026-02-02
803087,603454,414.78,card,paid,2026-08-02
803088,603455,765.05,card,paid,2026-04-10
803089,603456,3209.89,bank_transfer,paid,2026-05-27
803090,603457,766.95, Bank Transfer ,paid,2026-07-17
803091,603458,461.73,card,paid,2026-02-09
803092,603459,1573.01,bank_transfer,paid,2026-06-09
803093,603460,1390.95,bank_transfer,paid,2026-06-21
803094,603461,1124.01,cash,paid,2026-05-23
803095,603462,473.58, Bank Transfer ,paid,2026-03-16
803096,603463,998.25,card,paid,2026-03-03
803097,603464,192.21,CARD,paid,2026-01-22
803098,603465,0,CARD,failed,2026-04-17
803099,603466,1273.52, Bank Transfer ,paid,2026-03-26
803100,603467,379.19, Bank Transfer ,paid,2026-04-26
803101,603468,203.12,paypal,paid,2026-03-23
803102,603469,385.54,card,paid,2026-07-13
803103,603470,2337.51,CARD,paid,2026-05-19
803104,603471,2084.62,card,paid,2026-03-21
803105,603472,-557.2, Bank Transfer ,refunded,2026-04-28
803106,603473,1782.89,bank_transfer,paid,2026-03-10
803107,603475,1448.05,paypal,paid,2026-07-04
803108,603476,491.68,card,paid,2026-07-05
803109,603477,1338.39, Bank Transfer ,paid,2026-05-08
803110,603478,980.77,paypal,paid,2026-02-13
803111,603479,1139.58,paypal,paid,2026-04-10
803112,603480,1247.08,paypal,paid,2026-03-24
803113,603481,881.18,bank_transfer,paid,2026-02-02
803114,603482,929.4,CARD,paid,2026-06-05
803115,603483,-3550.15,cash,refunded,2026-06-15
803116,603484,1425.04,cash,paid,2026-05-10
803117,603485,2613.32,cash,paid,2026-05-07
803118,603487,669.56,CARD,paid,2026-04-07
803119,603488,572.79,card,paid,2026-01-23
803120,603489,688.25,bank_transfer,paid,2026-04-21
803121,603490,2577.9,card,paid,2026-07-02
803122,603491,1295.53,CARD,paid,2026-07-10
803123,603492,2292.69,cash,paid,2026-04-10
803124,603493,749.37,cash,paid,2026-01-07
803125,603494,1225.88,bank_transfer,paid,2026-03-08
803126,603495,2293.28,CARD,paid,2026-03-18
803127,603497,187.92,card,paid,2026-01-19
803128,603498,1936.67,cash,paid,2026-04-15
803129,603499,1305.61,cash,paid,2026-06-17
803130,603500,970.57,paypal,paid,2026-01-29
803131,603501,1317.81,cash,paid,2026-05-29
803132,603502,1957.75,card,paid,2026-03-15
803133,603503,373.36,CARD,paid,2026-04-24
803134,603504,900.17, Bank Transfer ,paid,2026-04-06
803135,603505,1781.58, Bank Transfer ,paid,2026-01-05
803136,603506,608.45,CARD,paid,2026-05-16
803137,603507,1532.85,bank_transfer,paid,2026-03-06
803138,603508,3350.09,paypal,paid,2026-05-22
803139,603509,1630.08, Bank Transfer ,paid,2026-07-31
803140,603510,1296.94,bank_transfer,paid,2026-05-21
803141,603511,323.21,card,paid,2026-01-07
803142,603512,219.02,CARD,paid,2026-06-13
803143,603514,1314.49,card,paid,2026-05-23
803144,603515,1278.23,paypal,paid,2026-01-26
803145,603516,0,paypal,failed,2026-03-21
803146,603517,1703.57,card,paid,2026-04-18
803147,603518,769.53,card,paid,2026-01-05
803148,603520,365.12,CARD,paid,2026-03-01
803149,603521,1565.57,CARD,paid,2026-03-03
803150,603522,2186.27,CARD,paid,2026-07-22
803151,603523,1232.72,cash,paid,2026-07-06
803152,603524,671.54,card,paid,2026-01-24
803153,603526,1862.03,paypal,paid,2026-01-02
803154,603527,1168.07,card,paid,2026-03-07
803155,603528,1364.73,CARD,paid,2026-02-13
803156,603529,382.15,bank_transfer,paid,2026-08-03
803157,603530,150.0,paypal,paid,2026-04-30
803158,603532,1462.14,card,paid,2026-07-05
803159,603533,0,paypal,failed,2026-03-15
803160,603534,1219.18,card,paid,2026-04-26
803161,603535,440.65,cash,paid,2026-03-20
803162,603536,681.92,bank_transfer,paid,2026-05-28
803163,603537,581.97,card,paid,2026-04-08
803164,603538,2703.99,cash,paid,2026-02-19
803165,603539,191.2,cash,paid,2026-08-08
803166,603541,830.49,cash,paid,2026-01-20
803167,603542,793.65,paypal,paid,2026-05-09
803168,603543,99.38,paypal,paid,2026-07-08
803169,603544,1089.84,CARD,paid,2026-03-21
803170,603545,512.74,bank_transfer,paid,2026-05-20
803171,603546,801.03,CARD,paid,2026-07-13
803172,603548,1170.15,CARD,paid,2026-01-27
803173,603549,345.46,bank_transfer,paid,2026-04-18
803174,603550,1506.72,card,paid,2026-08-06
803175,603551,1711.77,card,paid,2026-08-09
803176,603552,85.38,CARD,paid,2026-06-08
803177,603553,3228.06,paypal,paid,2026-01-09
803178,603554,1099.17,bank_transfer,paid,2026-01-04
803179,603555,705.75,bank_transfer,paid,2026-04-17
803180,603557,3009.12,bank_transfer,paid,2026-03-04
803181,603558,788.71,cash,paid,2026-05-24
803182,603559,2512.87, Bank Transfer ,paid,2026-05-02
803183,603560,534.44, Bank Transfer ,paid,2026-06-28
803184,603561,3745.3, Bank Transfer ,paid,2026-02-20
803185,603562,751.11,paypal,paid,2026-03-22
803186,603563,1574.0,bank_transfer,paid,2026-03-26
803187,603564,1332.46,paypal,paid,2026-05-02
803188,603565,2867.36,card,paid,2026-03-29
803189,603566,1219.05,paypal,paid,2026-04-24
803190,603568,2916.76,bank_transfer,paid,2026-05-31
803191,603569,1311.78,card,paid,2026-07-28
803192,603570,2162.22,cash,paid,2026-01-19
803193,603572,1394.69,card,paid,2026-04-23
803194,603573,653.9,cash,paid,2026-03-13
803195,603574,530.26,bank_transfer,paid,2026-04-05
803196,603575,921.14,bank_transfer,paid,2026-01-29
803197,603576,2530.67,paypal,paid,2026-02-21
803198,603577,450.91,bank_transfer,paid,2026-01-29
803199,603578,581.56,paypal,paid,2026-05-24
803200,603579,2825.82, Bank Transfer ,paid,2026-06-03
803201,603580,1434.15,CARD,paid,2026-02-10
803202,603581,972.87,card,paid,2026-07-08
803203,603582,205.08,bank_transfer,paid,2026-04-28
803204,603584,2819.74,cash,paid,2026-05-14
803205,603585,27.81,bank_transfer,paid,2026-06-12
803206,603586,3305.35,bank_transfer,paid,2026-05-22
803207,603589,1512.1,cash,paid,2026-01-21
803208,603590,2735.55,cash,paid,2026-05-28
803209,603591,1512.71,CARD,paid,2026-06-18
803210,603592,274.82,cash,paid,2026-04-24
803211,603593,2504.68,paypal,paid,2026-01-17
803212,603594,509.31,card,paid,2026-06-05
803213,603595,1139.23,paypal,paid,2026-05-10
803214,603596,766.31, Bank Transfer ,paid,2026-03-09
803215,603597,2403.75,bank_transfer,paid,2026-06-01
803216,603598,0,CARD,failed,2026-03-22
803217,603599,4993.65,bank_transfer,paid,2026-01-16
803218,603600,479.48, Bank Transfer ,paid,2026-04-18
803219,603601,2014.38,card,paid,2026-05-22
803220,603603,2050.8,paypal,paid,2026-08-01
803221,603604,2612.1,CARD,paid,2026-02-05
803222,603605,301.67, Bank Transfer ,paid,2026-06-20
803223,603606,2551.69,CARD,paid,2026-02-23
803224,603607,1404.8,bank_transfer,paid,2026-06-19
803225,603608,1781.61,CARD,paid,2026-07-19
803226,603609,504.19,cash,paid,2026-06-25
803227,603610,1804.4, Bank Transfer ,paid,2026-08-05
803228,603611,541.59,cash,paid,2026-07-04
803229,603612,1636.61,paypal,paid,2026-06-21
803230,603613,2411.57,paypal,paid,2026-01-01
803231,603614,1029.71,card,paid,2026-04-13
803232,603615,2656.37,cash,paid,2026-01-03
803233,603616,2577.27,bank_transfer,paid,2026-06-05
803234,603617,3742.51,paypal,paid,2026-07-16
803235,603618,447.24,bank_transfer,paid,2026-01-29
803236,603620,438.74,bank_transfer,paid,2026-02-14
803237,603621,1367.93, Bank Transfer ,paid,2026-07-24
803238,603622,1249.77,paypal,paid,2026-02-06
803239,603623,363.33,CARD,paid,2026-05-19
803240,603624,2426.19,cash,paid,2026-05-24
803241,603625,80.16,card,paid,2026-02-21
803242,603626,957.33, Bank Transfer ,paid,2026-04-03
803243,603627,2438.63,bank_transfer,paid,2026-02-18
803244,603628,441.68,cash,paid,2026-01-24
803245,603629,750.44,paypal,paid,2026-07-20
803246,603630,1713.04,card,paid,2026-04-07
803247,603631,652.2,bank_transfer,paid,2026-04-19
803248,603633,1706.35,bank_transfer,paid,2026-04-02
803249,603634,0,card,failed,2026-03-13
803250,603635,1219.31,bank_transfer,paid,2026-07-11
803251,603636,2075.75, Bank Transfer ,paid,2026-03-05
803252,603637,1603.23,bank_transfer,paid,2026-02-11
803253,603638,905.16,cash,paid,2026-04-04
803254,603639,984.64, Bank Transfer ,paid,2026-02-06
803255,603640,713.25,cash,paid,2026-07-17
803256,603641,314.58,paypal,paid,2026-07-08
803257,603642,406.69,bank_transfer,paid,2026-04-24
803258,603643,1658.76,CARD,paid,2026-05-08
803259,603644,181.86,paypal,paid,2026-03-07
803260,603645,638.84,bank_transfer,paid,2026-03-20
803261,603646,2184.45,card,paid,2026-06-12
803262,603647,460.82, Bank Transfer ,paid,2026-08-02
803263,603648,56.62,CARD,paid,2026-03-26
803264,603649,1869.28, Bank Transfer ,paid,2026-01-15
803265,603650,749.2,CARD,paid,2026-05-28
803266,603651,1186.65,CARD,paid,2026-05-14
803267,603652,1026.53,cash,paid,2026-04-01
803268,603653,1283.91,paypal,paid,2026-01-29
803269,603654,2068.85,CARD,paid,2026-01-27
803270,603655,680.89,paypal,paid,2026-01-05
803271,603656,1069.96,paypal,paid,2026-05-18
803272,603657,679.43,CARD,paid,2026-01-23
803273,603658,1795.17,card,paid,2026-04-16
803274,603659,1616.3,bank_transfer,paid,2026-07-31
803275,603660,3221.71,paypal,paid,2026-05-23
803276,603661,1842.6,card,paid,2026-02-01
803277,603662,824.6, Bank Transfer ,paid,2026-06-01
803278,603663,1130.46,paypal,paid,2026-03-15
803279,603664,-1654.19,paypal,refunded,2026-02-24
803280,603665,2700.72,paypal,paid,2026-05-10
803281,603667,67.38,cash,paid,2026-03-29
803282,603668,155.08,paypal,paid,2026-07-30
803283,603669,1424.29,card,paid,2026-07-06
803284,603670,967.73, Bank Transfer ,paid,2026-07-17
803285,603671,246.64, Bank Transfer ,paid,2026-06-20
803286,603672,510.2,CARD,paid,2026-01-05
803287,603673,115.72,card,paid,2026-04-20
803288,603674,2395.96,bank_transfer,paid,2026-08-10
803289,603675,1526.27,card,paid,2026-04-01
803290,603676,1960.61,bank_transfer,paid,2026-03-16
803291,603677,0,bank_transfer,failed,2026-03-27
803292,603679,1044.2,card,paid,2026-01-21
803293,603680,878.15,cash,paid,2026-02-22
803294,603681,0,card,failed,2026-04-09
803295,603682,604.42,CARD,paid,2026-07-04
803296,603683,1211.34, Bank Transfer ,paid,2026-06-30
803297,603684,504.38,bank_transfer,paid,2026-05-07
803298,603685,2246.15,paypal,paid,2026-08-12
803299,603686,1509.22, Bank Transfer ,paid,2026-04-13
803300,603687,2260.55, Bank Transfer ,paid,2026-06-12
803301,603688,-4020.7, Bank Transfer ,refunded,2026-05-29
803302,603689,107.54,cash,paid,2026-02-19
803303,603690,1943.1,cash,paid,2026-01-01
803304,603691,1597.32,card,paid,2026-03-19
803305,603692,2074.25,paypal,paid,2026-07-15
803306,603693,236.29,CARD,paid,2026-02-05
803307,603694,2284.33,CARD,paid,2026-07-15
803308,603695,1146.75, Bank Transfer ,paid,2026-06-22
803309,603696,195.52,cash,paid,2026-01-11
803310,603697,1021.07, Bank Transfer ,paid,2026-06-14
803311,603700,1237.36,cash,paid,2026-02-01
803312,603701,1144.96,paypal,paid,2026-03-26
803313,603702,1581.34,paypal,paid,2026-04-17
803314,603703,326.26,card,paid,2026-05-22
803315,603704,1909.24,paypal,paid,2026-04-11
803316,603705,2205.24,card,paid,2026-02-16
803317,603706,622.45,card,paid,2026-06-21
803318,603707,1584.88,paypal,paid,2026-03-27
803319,603708,1479.45,cash,paid,2026-06-18
803320,603709,2316.45, Bank Transfer ,paid,2026-06-09
803321,603710,1781.4, Bank Transfer ,paid,2026-04-13
803322,603711,907.62,paypal,paid,2026-03-30
803323,603712,627.46,cash,paid,2026-07-09
803324,603713,448.45,card,paid,2026-01-16
803325,603714,0,paypal,failed,2026-08-05
803326,603715,1819.06,card,paid,2026-01-10
803327,603716,827.44,cash,paid,2026-01-01
803328,603717,2049.09, Bank Transfer ,paid,2026-06-05
803329,603718,1642.79,CARD,paid,2026-02-07
803330,603719,-1953.56,bank_transfer,refunded,2026-07-23
803331,603720,875.67,bank_transfer,paid,2026-04-20
803332,603721,1066.84,bank_transfer,paid,2026-04-17
803333,603723,0,bank_transfer,failed,2026-03-21
803334,603724,456.84,paypal,paid,2026-06-23
803335,603725,2255.33,paypal,paid,2026-06-23
803336,603726,1725.41,cash,paid,2026-08-02
803337,603727,890.74, Bank Transfer ,paid,2026-01-19
803338,603728,2361.62,paypal,paid,2026-03-30
803339,603729,1964.32,paypal,paid,2026-01-04
803340,603730,684.91, Bank Transfer ,paid,2026-03-24
803341,603731,2470.91,cash,paid,2026-07-28
803342,603732,463.32,bank_transfer,paid,2026-02-20
803343,603733,0, Bank Transfer ,failed,2026-05-24
803344,603734,693.7,bank_transfer,paid,2026-08-13
803345,603735,580.75,bank_transfer,paid,2026-05-29
803346,603736,1022.63,cash,paid,2026-02-12
803347,603737,0,CARD,failed,2026-02-17
803348,603738,1130.12, Bank Transfer ,paid,2026-06-17
803349,603739,2113.11,CARD,paid,2026-01-01
803350,603740,2265.72,card,paid,2026-02-26
803351,603741,1623.78,paypal,paid,2026-03-27
803352,603742,1736.57,cash,paid,2026-05-08
803353,603743,536.08,card,paid,2026-01-19
803354,603744,1845.67,bank_transfer,paid,2026-02-07
803355,603745,347.7, Bank Transfer ,paid,2026-02-08
803356,603746,336.78,paypal,paid,2026-06-29
803357,603749,628.16,CARD,paid,2026-05-21
803358,603752,-1231.34,CARD,refunded,2026-02-08
803359,603753,332.4, Bank Transfer ,paid,2026-02-22
803360,603754,1849.66,card,paid,2026-03-17
803361,603755,1467.47,CARD,paid,2026-07-29
803362,603756,815.75,card,paid,2026-06-16
803363,603757,1509.12,bank_transfer,paid,2026-02-07
803364,603758,1494.61,CARD,paid,2026-04-03
803365,603759,2224.18,paypal,paid,2026-04-26
803366,603760,0,CARD,failed,2026-06-24
803367,603761,2825.59,cash,paid,2026-07-06
803368,603762,1699.78,bank_transfer,paid,2026-08-13
803369,603763,254.28,cash,paid,2026-08-10
803370,603764,121.34,bank_transfer,paid,2026-06-15
803371,603765,-1975.38,paypal,refunded,2026-06-09
803372,603766,1408.2,bank_transfer,paid,2026-01-11
803373,603767,3427.22,paypal,paid,2026-01-07
803374,603768,1425.35,card,paid,2026-07-18
803375,603769,882.63,cash,paid,2026-02-14
803376,603770,394.98,bank_transfer,paid,2026-02-17
803377,603771,2670.37,CARD,paid,2026-05-09
803378,603772,689.72,cash,paid,2026-07-28
803379,603773,1576.7,CARD,paid,2026-06-26
803380,603774,912.09,cash,paid,2026-03-09
803381,603775,343.04,bank_transfer,paid,2026-07-20
803382,603776,0,cash,failed,2026-02-28
803383,603777,458.04,paypal,paid,2026-05-11
803384,603778,629.34, Bank Transfer ,paid,2026-06-21
803385,603779,1702.49,card,paid,2026-04-19
803386,603780,1750.59,paypal,paid,2026-03-24
803387,603781,719.52,cash,paid,2026-05-27
803388,603782,0, Bank Transfer ,failed,2026-07-19
803389,603783,445.68,paypal,paid,2026-06-28
803390,603785,209.11, Bank Transfer ,paid,2026-02-20
803391,603787,2251.88,bank_transfer,paid,2026-01-09
803392,603788,2655.51, Bank Transfer ,paid,2026-07-20
803393,603789,1330.62,CARD,paid,2026-08-12
803394,603790,1761.45,bank_transfer,paid,2026-01-20
803395,603791,1664.49,bank_transfer,paid,2026-03-14
803396,603792,831.7, Bank Transfer ,paid,2026-01-03
803397,603793,1092.26,paypal,paid,2026-04-22
803398,603794,916.28,card,paid,2026-03-08
803399,603795,994.03,CARD,paid,2026-04-23
803400,603796,283.84, Bank Transfer ,paid,2026-06-04
803401,603797,1039.76,cash,paid,2026-01-22
803402,603798,1402.5,bank_transfer,paid,2026-01-05
803403,603799,2134.77,card,paid,2026-04-15
803404,603800,329.58, Bank Transfer ,paid,2026-02-20
803405,603801,83.01,CARD,paid,2026-01-11
803406,603802,1683.4,card,paid,2026-05-06
803407,603803,1198.57,CARD,paid,2026-01-02
803408,603804,2149.9, Bank Transfer ,paid,2026-03-10
803409,603805,832.64, Bank Transfer ,paid,2026-01-22
803410,603806,359.31,paypal,paid,2026-07-19
803411,603807,1986.64, Bank Transfer ,paid,2026-02-09
803412,603808,2697.16, Bank Transfer ,paid,2026-02-21
803413,603809,141.78,paypal,paid,2026-02-20
803414,603810,617.05, Bank Transfer ,paid,2026-05-17
803415,603811,2297.23, Bank Transfer ,paid,2026-02-13
803416,603812,3160.01,cash,paid,2026-05-08
803417,603813,1511.96, Bank Transfer ,paid,2026-03-27
803418,603814,1449.68,card,paid,2026-04-07
803419,603815,2333.11,CARD,paid,2026-06-14
803420,603816,1441.56,bank_transfer,paid,2026-01-02
803421,603817,622.68,paypal,paid,2026-07-07
803422,603818,1917.18, Bank Transfer ,paid,2026-04-22
803423,603819,1334.8,CARD,paid,2026-07-08
803424,603820,2079.96,bank_transfer,paid,2026-03-03
803425,603821,881.4,CARD,paid,2026-06-01
803426,603822,2412.93,bank_transfer,paid,2026-06-13
803427,603823,1423.7,card,paid,2026-03-11
803428,603824,1316.38,bank_transfer,paid,2026-04-18
803429,603825,3204.35,bank_transfer,paid,2026-05-18
803430,603826,0,paypal,failed,2026-02-20
803431,603827,2118.13,cash,paid,2026-04-28
803432,603828,716.72,CARD,paid,2026-04-01
803433,603829,693.48,card,paid,2026-01-24
803434,603830,2705.55,CARD,paid,2026-01-16
803435,603831,1280.21,paypal,paid,2026-06-06
803436,603832,584.48,card,paid,2026-03-07
803437,603833,1141.08,bank_transfer,paid,2026-07-17
803438,603834,384.4,paypal,paid,2026-04-21
803439,603835,897.14, Bank Transfer ,paid,2026-06-25
803440,603836,1440.51,cash,paid,2026-06-07
803441,603837,1745.01,paypal,paid,2026-04-22
803442,603838,2407.69,CARD,paid,2026-04-28
803443,603839,-824.25,card,refunded,2026-03-24
803444,603840,2470.79,card,paid,2026-01-06
803445,603841,644.68,CARD,paid,2026-01-14
803446,603842,2823.28,cash,paid,2026-05-14
803447,603843,1670.03,cash,paid,2026-01-09
803448,603844,855.36, Bank Transfer ,paid,2026-01-09
803449,603845,424.76,cash,paid,2026-05-03
803450,603846,75.99,cash,paid,2026-04-18
803451,603847,0, Bank Transfer ,failed,2026-07-12
803452,603848,-665.61,card,refunded,2026-01-14
803453,603850,745.65,card,paid,2026-01-01
803454,603851,1459.58,paypal,paid,2026-03-08
803455,603852,781.29,cash,paid,2026-07-11
803456,603853,2593.2, Bank Transfer ,paid,2026-07-06
803457,603854,503.7,bank_transfer,paid,2026-07-07
803458,603855,1089.37,bank_transfer,paid,2026-05-15
803459,603856,1171.81,bank_transfer,paid,2026-07-06
803460,603857,1425.48,card,paid,2026-02-05
803461,603858,429.38,CARD,paid,2026-01-01
803462,603860,1386.65, Bank Transfer ,paid,2026-03-02
803463,603861,1373.96,bank_transfer,paid,2026-03-22
803464,603862,498.05,CARD,paid,2026-03-31
803465,603863,62.55,CARD,paid,2026-06-21
803466,603864,325.2,paypal,paid,2026-08-07
803467,603865,1123.26,bank_transfer,paid,2026-03-09
803468,603866,1688.29,CARD,paid,2026-03-12
803469,603867,1240.02, Bank Transfer ,paid,2026-06-06
803470,603868,1731.75,cash,paid,2026-05-27
803471,603869,1174.72,CARD,paid,2026-01-28
803472,603870,2308.93,CARD,paid,2026-01-27
803473,603871,1807.15,cash,paid,2026-08-08
803474,603872,603.7,cash,paid,2026-07-09
803475,603874,340.58,paypal,paid,2026-07-08
803476,603875,955.65,card,paid,2026-05-12
803477,603876,505.02,bank_transfer,paid,2026-01-10
803478,603877,618.29,bank_transfer,paid,2026-03-05
803479,603878,756.35, Bank Transfer ,paid,2026-08-03
803480,603879,1278.02,paypal,paid,2026-02-04
803481,603880,2041.18,cash,paid,2026-03-01
803482,603881,0,card,failed,2026-01-07
803483,603882,353.55,CARD,paid,2026-06-21
803484,603883,539.62, Bank Transfer ,paid,2026-08-09
803485,603884,654.7,bank_transfer,paid,2026-07-25
803486,603885,1301.54,paypal,paid,2026-01-03
803487,603886,736.84,bank_transfer,paid,2026-01-31
803488,603887,447.4,bank_transfer,paid,2026-08-01
803489,603888,727.49, Bank Transfer ,paid,2026-07-03
803490,603889,921.48, Bank Transfer ,paid,2026-08-08
803491,603890,372.24,cash,paid,2026-03-10
803492,603891,343.82,cash,paid,2026-04-23
803493,603893,0,card,failed,2026-01-11
803494,603894,292.02,bank_transfer,paid,2026-04-28
803495,603895,1342.4,CARD,paid,2026-06-09
803496,603896,0,card,paid,2026-08-06
803497,603898,987.24,cash,paid,2026-03-01
803498,603899,2056.97,cash,paid,2026-03-13
803499,603900,1389.1,cash,paid,2026-02-12
803500,603901,871.6,CARD,paid,2026-01-17
803501,603902,1105.28,CARD,paid,2026-01-13
803502,603903,172.68, Bank Transfer ,paid,2026-07-07
803503,603904,1041.25, Bank Transfer ,paid,2026-03-01
803504,603905,307.07,cash,paid,2026-07-21
803505,603906,1488.6,cash,paid,2026-05-25
803506,603908,116.39, Bank Transfer ,paid,2026-03-11
803507,603909,525.6,cash,paid,2026-01-15
803508,603910,60.09,cash,paid,2026-07-29
803509,603911,1497.18,bank_transfer,paid,2026-08-03
803510,603912,2195.08,CARD,paid,2026-03-29
803511,603913,0, Bank Transfer ,failed,2026-08-05
803512,603914,1593.16,card,paid,2026-08-11
803513,603915,-2196.93,paypal,refunded,2026-05-09
803514,603916,622.8,bank_transfer,paid,2026-07-17
803515,603917,3160.61,CARD,paid,2026-04-28
803516,603918,253.32,cash,paid,2026-02-12
803517,603919,475.4, Bank Transfer ,paid,2026-06-17
803518,603920,798.79,bank_transfer,paid,2026-03-24
803519,603921,49.96,CARD,paid,2026-07-14
803520,603923,1645.02,cash,paid,2026-02-21
803521,603924,1791.37,CARD,paid,2026-03-04
803522,603925,2692.91,bank_transfer,paid,2026-03-11
803523,603926,1396.06,card,paid,2026-08-11
803524,603928,2488.8,CARD,paid,2026-03-08
803525,603929,1954.86,bank_transfer,paid,2026-04-14
803526,603930,763.08,paypal,paid,2026-06-03
803527,603931,0,card,failed,2026-05-21
803528,603932,1201.89,paypal,paid,2026-04-03
803529,603934,1463.47,card,paid,2026-05-13
803530,603935,2476.82,card,paid,2026-01-14
803531,603936,474.62,card,paid,2026-01-11
803532,603937,273.15,card,paid,2026-02-15
803533,603938,1089.56,cash,paid,2026-04-27
803534,603939,119.43, Bank Transfer ,paid,2026-03-16
803535,603940,2371.76,paypal,paid,2026-06-22
803536,603941,283.2,cash,paid,2026-08-14
803537,603942,68.8,paypal,paid,2026-05-12
803538,603943,662.09,card,paid,2026-02-15
803539,603944,1400.03,CARD,paid,2026-08-13
803540,603945,484.36,card,paid,2026-06-08
803541,603947,141.1,paypal,paid,2026-03-25
803542,603948,2390.28, Bank Transfer ,paid,2026-01-25
803543,603949,1495.96,paypal,paid,2026-02-05
803544,603950,586.54,card,paid,2026-02-26
803545,603952,623.45,cash,paid,2026-08-04
803546,603953,37.41,card,paid,2026-01-02
803547,603954,1662.32,CARD,paid,2026-07-07
803548,603955,-688.4,paypal,refunded,2026-01-13
803549,603957,896.58,bank_transfer,paid,2026-08-08
803550,603958,1323.3,cash,paid,2026-08-11
803551,603959,760.36, Bank Transfer ,paid,2026-01-12
803552,603960,2378.83,cash,paid,2026-02-11
803553,603961,0,paypal,failed,2026-02-03
803554,603962,1765.28,bank_transfer,paid,2026-05-02
803555,603963,2605.98,card,paid,2026-06-03
803556,603964,1356.23,cash,paid,2026-01-03
803557,603965,994.94,cash,paid,2026-07-15
803558,603966,1055.08,bank_transfer,paid,2026-03-26
803559,603967,888.32,bank_transfer,paid,2026-07-30
803560,603968,27.38,cash,paid,2026-04-30
803561,603969,460.44,cash,paid,2026-07-22
803562,603970,1956.3,bank_transfer,paid,2026-07-30
803563,603971,719.64,paypal,paid,2026-07-10
803564,603972,349.38,bank_transfer,paid,2026-07-14
803565,603973,275.8,paypal,paid,2026-02-25
803566,603974,348.86,CARD,paid,2026-06-21
803567,603975,0,bank_transfer,failed,2026-06-16
803568,603976,970.83,cash,paid,2026-02-11
803569,603977,-241.84,card,refunded,2026-05-02
803570,603978,1119.8,card,paid,2026-08-09
803571,603979,335.13, Bank Transfer ,paid,2026-06-11
803572,603980,1927.24,paypal,paid,2026-02-16
803573,603981,169.14,bank_transfer,paid,2026-07-09
803574,603982,3247.36,cash,paid,2026-05-29
803575,603983,343.6,bank_transfer,paid,2026-01-20
803576,603984,795.67,cash,paid,2026-02-22
803577,603985,882.66,paypal,paid,2026-07-21
803578,603986,2580.65,card,paid,2026-04-09
803579,603987,1033.86, Bank Transfer ,paid,2026-02-23
803580,603988,1466.9, Bank Transfer ,paid,2026-06-30
803581,603989,1961.2,CARD,paid,2026-07-19
803582,603991,740.36, Bank Transfer ,paid,2026-05-18
803583,603992,1330.9,bank_transfer,paid,2026-08-04
803584,603993,2568.3,cash,paid,2026-06-25
803585,603994,2935.22,CARD,paid,2026-07-31
803586,603995,1337.88,cash,paid,2026-06-19
803587,603996,2342.79,card,paid,2026-04-08
803588,603997,1432.73,bank_transfer,paid,2026-07-02
803589,603998,433.64,paypal,paid,2026-06-01
803590,603999,1061.67,bank_transfer,paid,2026-01-14
803591,604000,2010.77,cash,paid,2026-01-05
803592,604001,0,paypal,failed,2026-02-15
803593,604002,270.96,CARD,paid,2026-04-12
803594,604003,1674.41,paypal,paid,2026-06-01
803595,604004,1210.52, Bank Transfer ,paid,2026-04-24
803596,604006,774.38, Bank Transfer ,paid,2026-08-12
803597,604007,1173.08,CARD,paid,2026-06-05
803598,604008,2279.93,card,paid,2026-01-31
803599,604009,2419.16,cash,paid,2026-05-25
803600,604010,1302.96, Bank Transfer ,paid,2026-01-04
803601,604011,2023.4, Bank Transfer ,paid,2026-02-13
803602,604012,413.64,card,paid,2026-06-14
803603,604013,2265.15,cash,paid,2026-06-16
803604,604014,-1369.45,paypal,refunded,2026-03-11
803605,604015,1697.4,CARD,paid,2026-08-09
803606,604016,675.37,cash,paid,2026-06-05
803607,604017,2527.72,cash,paid,2026-03-01
803608,604019,960.41,cash,paid,2026-08-02
803609,604020,2689.4,card,paid,2026-04-18
803610,604021,1871.85,cash,paid,2026-07-08
803611,604022,3838.83,cash,paid,2026-01-30
803612,604023,2424.59,cash,paid,2026-04-07
803613,604024,720.32,paypal,paid,2026-02-02
803614,604025,1767.24, Bank Transfer ,paid,2026-03-02
803615,604026,827.1,cash,paid,2026-05-08
803616,604027,1998.3,CARD,paid,2026-01-30
803617,604028,1982.85,paypal,paid,2026-06-30
803618,604029,256.34,card,paid,2026-03-21
803619,604030,2984.34,CARD,paid,2026-01-31
803620,604031,2198.93,paypal,paid,2026-02-07
803621,604032,864.69,paypal,paid,2026-02-04
803622,604033,705.82, Bank Transfer ,paid,2026-07-06
803623,604034,2295.95,card,paid,2026-06-28
803624,604035,0,cash,failed,2026-01-03
803625,604037,633.18, Bank Transfer ,paid,2026-01-06
803626,604038,1212.52,card,paid,2026-05-30
803627,604039,103.21,bank_transfer,paid,2026-07-25
803628,604040,1947.9,cash,paid,2026-06-07
803629,604041,1627.51, Bank Transfer ,paid,2026-05-28
803630,604042,3142.32,bank_transfer,paid,2026-01-16
803631,604043,0,paypal,failed,2026-04-23
803632,604044,365.96,card,paid,2026-03-27
803633,604045,1276.56,cash,paid,2026-06-13
803634,604046,2223.07, Bank Transfer ,paid,2026-06-02
803635,604047,1258.56,card,paid,2026-04-10
803636,604048,2493.96,paypal,paid,2026-05-19
803637,604049,146.82,CARD,paid,2026-08-13
803638,604050,659.88, Bank Transfer ,paid,2026-04-04
803639,604051,542.86,bank_transfer,paid,2026-03-11
803640,604052,10.48, Bank Transfer ,paid,2026-06-19
803641,604053,1700.85,CARD,paid,2026-07-07
803642,604054,967.41,card,paid,2026-03-23
803643,604055,566.79, Bank Transfer ,paid,2026-07-23
803644,604056,1623.94,card,paid,2026-06-21
803645,604057,885.52,paypal,paid,2026-06-29
803646,604058,909.84,paypal,paid,2026-04-30
803647,604059,2950.15,paypal,paid,2026-03-01
803648,604060,37.7,bank_transfer,paid,2026-07-21
803649,604061,2280.73,CARD,paid,2026-08-03
803650,604062,661.2,paypal,paid,2026-03-02
803651,604063,2547.31,card,paid,2026-02-27
803652,604064,2931.31,bank_transfer,paid,2026-05-10
803653,604065,3741.77,paypal,paid,2026-04-06
803654,604069,1012.28,bank_transfer,paid,2026-05-08
803655,604070,499.15,CARD,paid,2026-07-28
803656,604071,1888.94,cash,paid,2026-04-12
803657,604072,2804.49,card,paid,2026-04-29
803658,604074,1884.19, Bank Transfer ,paid,2026-05-28
803659,604075,235.26,cash,paid,2026-01-11
803660,604076,1466.9,paypal,paid,2026-05-22
803661,604077,980.98,CARD,paid,2026-03-30
803662,604078,568.38,card,paid,2026-01-13
803663,604079,212.24,paypal,paid,2026-02-11
803664,604080,503.73,card,paid,2026-02-10
803665,604081,1719.13,cash,paid,2026-03-13
803666,604082,867.57,card,paid,2026-05-18
803667,604083,936.52,cash,paid,2026-05-09
803668,604085,135.99, Bank Transfer ,paid,2026-06-06
803669,604086,1292.77,CARD,paid,2026-04-11
803670,604087,1737.17,card,paid,2026-05-19
803671,604089,287.21,cash,paid,2026-03-29
803672,604090,-1236.9,paypal,refunded,2026-01-04
803673,604092,652.62,CARD,paid,2026-01-17
803674,604093,1345.41,bank_transfer,paid,2026-07-18
803675,604095,231.93, Bank Transfer ,paid,2026-07-02
803676,604096,1296.36,bank_transfer,paid,2026-03-28
803677,604097,1651.16,card,paid,2026-04-26
803678,604098,2238.28,CARD,paid,2026-05-09
803679,604099,3258.48,cash,paid,2026-01-29
803680,604100,1491.16,paypal,paid,2026-01-10
803681,604101,1188.91, Bank Transfer ,paid,2026-05-05
803682,604102,1669.95,bank_transfer,paid,2026-02-28
803683,604103,1507.87,card,paid,2026-01-16
803684,604104,1072.86,cash,paid,2026-04-26
803685,604105,551.91,bank_transfer,paid,2026-01-15
803686,604106,2646.2,card,paid,2026-02-25
803687,604107,-1727.38, Bank Transfer ,refunded,2026-04-29
803688,604108,457.66,paypal,paid,2026-02-03
803689,604109,0,CARD,failed,2026-03-23
803690,604110,1618.84, Bank Transfer ,paid,2026-06-16
803691,604111,2295.13,bank_transfer,paid,2026-06-22
803692,604112,327.01, Bank Transfer ,paid,2026-02-21
803693,604113,1177.58,card,paid,2026-03-04
803694,604114,2099.94,card,paid,2026-06-05
803695,604115,1203.44, Bank Transfer ,paid,2026-06-07
803696,604116,1613.32, Bank Transfer ,paid,2026-01-08
803697,604117,889.61,cash,paid,2026-01-27
803698,604118,455.9,cash,paid,2026-04-03
803699,604119,390.15, Bank Transfer ,paid,2026-07-07
803700,604120,139.97, Bank Transfer ,paid,2026-04-07
803701,604121,2089.09,card,paid,2026-07-28
803702,604122,668.38, Bank Transfer ,paid,2026-07-27
803703,604123,1757.95,cash,paid,2026-06-10
803704,604124,1727.75,cash,paid,2026-04-06
803705,604125,1029.44, Bank Transfer ,paid,2026-04-04
803706,604126,1535.3,paypal,paid,2026-02-08
803707,604127,2579.13,paypal,paid,2026-06-17
803708,604128,2297.09,cash,paid,2026-02-18
803709,604130,0,paypal,failed,2026-05-09
803710,604131,1383.53,cash,paid,2026-08-11
803711,604132,678.72, Bank Transfer ,paid,2026-02-27
803712,604136,1864.03,CARD,paid,2026-01-23
803713,604137,374.68,bank_transfer,paid,2026-03-04
803714,604138,1554.3,bank_transfer,paid,2026-08-09
803715,604139,2491.63,cash,paid,2026-03-07
803716,604141,2022.66,card,paid,2026-07-01
803717,604142,325.43,card,paid,2026-07-17
803718,604143,2166.76,card,paid,2026-01-12
803719,604144,268.01,bank_transfer,paid,2026-08-01
803720,604145,10.17,CARD,paid,2026-03-16
803721,604146,2391.52, Bank Transfer ,paid,2026-01-10
803722,604147,3272.34,cash,paid,2026-02-09
803723,604148,288.85,bank_transfer,paid,2026-08-06
803724,604149,1893.14, Bank Transfer ,paid,2026-02-27
803725,604150,12.72,card,paid,2026-03-10
803726,604151,893.5,bank_transfer,paid,2026-03-24
803727,604152,550.39,CARD,paid,2026-08-07
803728,604153,459.78,cash,paid,2026-07-11
803729,604154,323.88,CARD,paid,2026-01-03
803730,604155,1321.14,CARD,paid,2026-03-15
803731,604156,1017.0,card,paid,2026-03-29
803732,604157,1176.36,bank_transfer,paid,2026-02-03
803733,604158,558.88,paypal,paid,2026-06-15
803734,604159,2822.62,cash,paid,2026-04-15
803735,604160,125.56,paypal,paid,2026-02-08
803736,604161,1978.16,cash,paid,2026-05-26
803737,604162,1407.5, Bank Transfer ,paid,2026-03-02
803738,604164,1382.56,bank_transfer,paid,2026-07-31
803739,604165,-2018.85, Bank Transfer ,refunded,2026-03-31
803740,604167,795.0,CARD,paid,2026-03-14
803741,604168,383.6, Bank Transfer ,paid,2026-03-02
803742,604169,124.68,card,paid,2026-06-11
803743,604171,2097.52, Bank Transfer ,paid,2026-04-11
803744,604172,1828.44,bank_transfer,paid,2026-03-10
803745,604174,2604.61,paypal,paid,2026-08-09
803746,604175,2985.76, Bank Transfer ,paid,2026-03-03
803747,604177,1727.48, Bank Transfer ,paid,2026-01-17
803748,604178,1318.23,bank_transfer,paid,2026-04-12
803749,604179,254.76, Bank Transfer ,paid,2026-08-10
803750,604180,753.72,bank_transfer,paid,2026-05-05
803751,604181,1539.59,paypal,paid,2026-04-11
803752,604182,-666.32,CARD,refunded,2026-07-26
803753,604183,3295.84, Bank Transfer ,paid,2026-03-08
803754,604184,1257.04,paypal,paid,2026-01-26
803755,604185,2546.66, Bank Transfer ,paid,2026-04-27
803756,604186,161.42,paypal,paid,2026-08-01
803757,604187,253.14, Bank Transfer ,paid,2026-06-08
803758,604188,0, Bank Transfer ,failed,2026-08-12
803759,604189,495.54,card,paid,2026-03-12
803760,604191,1518.02,card,paid,2026-08-06
803761,604192,1670.55,paypal,paid,2026-02-06
803762,604193,2907.6, Bank Transfer ,paid,2026-04-01
803763,604194,2218.48,paypal,paid,2026-07-22
803764,604195,-1731.62,CARD,refunded,2026-06-09
803765,604196,764.28,card,paid,2026-01-17
803766,604197,100.53,cash,paid,2026-03-29
803767,604198,862.59, Bank Transfer ,paid,2026-06-09
803768,604199,965.65,paypal,paid,2026-02-20
803769,604201,1595.32,bank_transfer,paid,2026-07-08
803770,604202,4637.15,paypal,paid,2026-07-06
803771,604203,704.53,card,paid,2026-04-07
803772,604204,1584.88,CARD,paid,2026-08-08
803773,604205,1398.0,cash,paid,2026-06-03
803774,604206,537.82,card,paid,2026-01-31
803775,604207,1023.9,card,paid,2026-05-15
803776,604208,196.56,bank_transfer,paid,2026-04-13
803777,604209,208.78,cash,paid,2026-04-20
803778,604210,2084.62,paypal,paid,2026-06-25
803779,604211,1294.64, Bank Transfer ,paid,2026-08-14
803780,604212,2285.61, Bank Transfer ,paid,2026-07-03
803781,604213,269.24,bank_transfer,paid,2026-06-19
803782,604215,737.12,cash,paid,2026-04-11
803783,604216,3429.86,paypal,paid,2026-07-04
803784,604217,1384.68, Bank Transfer ,paid,2026-02-22
803785,604218,2044.48,bank_transfer,paid,2026-03-12
803786,604219,302.27,CARD,paid,2026-04-29
803787,604220,1844.16,paypal,paid,2026-02-05
803788,604223,1272.64, Bank Transfer ,paid,2026-06-23
803789,604224,0,card,failed,2026-07-08
803790,604225,1896.96,bank_transfer,paid,2026-07-11
803791,604226,1366.4,paypal,paid,2026-06-12
803792,604227,1501.85,cash,paid,2026-01-20
803793,604228,1001.46,CARD,paid,2026-08-07
803794,604229,644.88,paypal,paid,2026-03-08
803795,604230,306.76,cash,paid,2026-03-09
803796,604231,211.27,cash,paid,2026-02-18
803797,604232,1014.24,bank_transfer,paid,2026-02-19
803798,604233,2997.86,paypal,paid,2026-03-10
803799,604234,702.86, Bank Transfer ,paid,2026-05-21
803800,604235,767.87,card,paid,2026-04-05
803801,604236,2841.66,paypal,paid,2026-08-11
803802,604238,1031.09,CARD,paid,2026-01-07
803803,604239,1010.94,cash,paid,2026-06-02
803804,604240,596.43,card,paid,2026-03-18
803805,604241,904.74, Bank Transfer ,paid,2026-08-14
803806,604242,180.04,card,paid,2026-07-24
803807,604243,3073.32,paypal,paid,2026-07-19
803808,604244,1197.61,paypal,paid,2026-03-11
803809,604245,360.72, Bank Transfer ,paid,2026-07-01
803810,604246,1224.44,card,paid,2026-02-23
803811,604247,259.08, Bank Transfer ,paid,2026-04-07
803812,604248,1360.74,card,paid,2026-07-14
803813,604249,3264.15,bank_transfer,paid,2026-05-26
803814,604250,1731.01,paypal,paid,2026-01-31
803815,604251,3088.47,bank_transfer,paid,2026-06-21
803816,604252,2204.36,paypal,paid,2026-06-15
803817,604253,958.47,paypal,paid,2026-01-07
803818,604254,1114.43,paypal,paid,2026-07-07
803819,604255,2574.43,card,paid,2026-01-15
803820,604256,2044.48, Bank Transfer ,paid,2026-07-29
803821,604257,614.64,bank_transfer,paid,2026-02-09
803822,604258,596.08,CARD,paid,2026-04-20
803823,604259,2125.56,bank_transfer,paid,2026-02-14
803824,604260,943.32,bank_transfer,paid,2026-05-18
803825,604261,1041.96,CARD,paid,2026-03-02
803826,604262,750.04, Bank Transfer ,paid,2026-04-01
803827,604263,643.16,paypal,paid,2026-02-26
803828,604264,615.1,cash,paid,2026-07-09
803829,604265,0,bank_transfer,failed,2026-03-02
803830,604266,2180.26,card,paid,2026-01-30
803831,604267,1043.11, Bank Transfer ,paid,2026-01-13
803832,604268,149.56,bank_transfer,paid,2026-01-15
803833,604269,354.24,paypal,paid,2026-03-14
803834,604270,0,CARD,failed,2026-05-18
803835,604271,14.62,CARD,paid,2026-05-25
803836,604272,1231.0,paypal,paid,2026-06-03
803837,604273,407.34, Bank Transfer ,paid,2026-06-19
803838,604274,559.43,cash,paid,2026-06-13
803839,604275,3193.55,CARD,paid,2026-05-12
803840,604276,2501.24,card,paid,2026-04-27
803841,604277,1530.87,card,paid,2026-06-09
803842,604278,2220.26,cash,paid,2026-04-17
803843,604279,2308.4,CARD,paid,2026-05-28
803844,604280,934.26,card,paid,2026-03-27
803845,604281,418.9,paypal,paid,2026-06-05
803846,604282,0,CARD,failed,2026-07-04
803847,604283,-152.83,paypal,refunded,2026-03-17
803848,604284,1779.01, Bank Transfer ,paid,2026-07-21
803849,604285,1558.66,bank_transfer,paid,2026-07-09
803850,604286,2020.44,cash,paid,2026-03-06
803851,604287,3518.34,paypal,paid,2026-08-03
803852,604288,361.47,CARD,paid,2026-04-14
803853,604289,428.1,bank_transfer,paid,2026-04-05
803854,604291,2855.91,paypal,paid,2026-07-07
803855,604292,402.24, Bank Transfer ,paid,2026-03-12
803856,604293,1129.99,cash,paid,2026-02-28
803857,604294,699.45,bank_transfer,paid,2026-06-07
803858,604295,0, Bank Transfer ,failed,2026-07-01
803859,604297,1461.98,card,paid,2026-01-17
803860,604298,2301.69,CARD,paid,2026-02-11
803861,604300,3586.5,bank_transfer,paid,2026-03-31
803862,604301,1341.79,cash,paid,2026-07-14
803863,604302,1598.1,card,paid,2026-08-06
803864,604303,496.2,bank_transfer,paid,2026-05-28
803865,604304,1240.81,cash,paid,2026-03-16
803866,604306,1088.28,card,paid,2026-04-19
803867,604308,1344.4,CARD,paid,2026-05-17
803868,604309,1523.32,card,paid,2026-07-29
803869,604310,1134.16,card,paid,2026-06-09
803870,604311,1361.93,CARD,paid,2026-01-17
803871,604312,1065.2,card,paid,2026-01-04
803872,604313,2045.2,bank_transfer,paid,2026-01-30
803873,604314,1779.11, Bank Transfer ,paid,2026-01-19
803874,604315,440.16,bank_transfer,paid,2026-03-10
803875,604316,931.49, Bank Transfer ,paid,2026-07-07
803876,604317,1199.74,card,paid,2026-02-22
803877,604318,424.05,CARD,paid,2026-07-08
803878,604319,279.4,cash,paid,2026-03-17
803879,604320,1274.4,cash,paid,2026-03-07
803880,604321,1669.19,bank_transfer,paid,2026-05-04
803881,604322,2190.56,bank_transfer,paid,2026-02-17
803882,604323,1658.84,CARD,paid,2026-02-25
803883,604324,2736.03, Bank Transfer ,paid,2026-05-26
803884,604325,135.02, Bank Transfer ,paid,2026-06-05
803885,604326,2302.02, Bank Transfer ,paid,2026-02-22
803886,604327,2074.91,card,paid,2026-06-10
803887,604328,1581.19,card,paid,2026-07-26
803888,604329,256.33,paypal,paid,2026-05-16
803889,604330,1994.66,CARD,paid,2026-03-06
803890,604331,-2257.12,paypal,refunded,2026-01-20
803891,604332,1134.38,card,paid,2026-03-11
803892,604334,1181.73,bank_transfer,paid,2026-06-24
803893,604336,1204.08,cash,paid,2026-01-13
803894,604338,677.24,cash,paid,2026-06-13
803895,604339,389.15,paypal,paid,2026-03-08
803896,604340,2641.42,bank_transfer,paid,2026-05-22
803897,604341,525.2, Bank Transfer ,paid,2026-06-29
803898,604342,4104.47,CARD,paid,2026-05-19
803899,604343,2732.05,card,paid,2026-05-30
803900,604344,3986.51,cash,paid,2026-01-16
803901,604345,802.03,bank_transfer,paid,2026-05-27
803902,604346,430.95,CARD,paid,2026-04-19
803903,604347,2523.01,card,paid,2026-01-25
803904,604348,573.24,bank_transfer,paid,2026-03-25
803905,604349,2011.42, Bank Transfer ,paid,2026-08-14
803906,604350,1164.45, Bank Transfer ,paid,2026-01-30
803907,604351,1805.65,card,paid,2026-03-28
803908,604352,1007.3, Bank Transfer ,paid,2026-01-12
803909,604353,0,CARD,paid,2026-06-15
803910,604354,755.82,cash,paid,2026-04-13
803911,604355,1000.56,paypal,paid,2026-07-22
803912,604357,1585.64,paypal,paid,2026-06-08
803913,604358,1170.5,cash,paid,2026-03-20
803914,604359,2296.86,card,paid,2026-02-12
803915,604360,1273.84,card,paid,2026-06-18
803916,604361,2615.07, Bank Transfer ,paid,2026-05-02
803917,604362,1580.73,card,paid,2026-05-03
803918,604364,145.29,bank_transfer,paid,2026-08-14
803919,604365,311.2,paypal,paid,2026-06-19
803920,604366,1633.76,bank_transfer,paid,2026-04-26
803921,604367,1207.41,paypal,paid,2026-05-08
803922,604368,1821.42,paypal,paid,2026-02-05
803923,604369,733.18,paypal,paid,2026-05-15
803924,604370,301.34,card,paid,2026-04-03
803925,604371,1383.53,CARD,paid,2026-05-03
803926,604372,2063.81,bank_transfer,paid,2026-08-07
803927,604373,1691.03, Bank Transfer ,paid,2026-05-22
803928,604374,1522.17,paypal,paid,2026-06-28
803929,604375,804.18,bank_transfer,paid,2026-01-27
803930,604376,871.59,cash,paid,2026-04-07
803931,604377,2971.25,paypal,paid,2026-06-29
803932,604378,108.48, Bank Transfer ,paid,2026-06-06
803933,604379,2178.82,card,paid,2026-04-21
803934,604381,424.44,cash,paid,2026-04-12
803935,604382,399.08,paypal,paid,2026-06-29
803936,604383,2405.19,CARD,paid,2026-05-24
803937,604384,355.29,bank_transfer,paid,2026-02-18
803938,604385,2734.51,card,paid,2026-01-07
803939,604386,755.07,paypal,paid,2026-02-15
803940,604387,1805.41,cash,paid,2026-06-25
803941,604388,1385.3,bank_transfer,paid,2026-05-28
803942,604389,1636.04,paypal,paid,2026-07-26
803943,604390,164.58, Bank Transfer ,paid,2026-04-27
803944,604392,3076.96,cash,paid,2026-08-11
803945,604393,241.6, Bank Transfer ,paid,2026-05-01
803946,604394,1386.92,cash,paid,2026-04-15
803947,604395,1212.96,bank_transfer,paid,2026-06-17
803948,604396,251.85,paypal,paid,2026-06-25
803949,604397,462.96, Bank Transfer ,paid,2026-08-04
803950,604398,1677.49,CARD,paid,2026-07-04
803951,604399,342.79,card,paid,2026-05-10
803952,604400,1424.61,card,paid,2026-05-02
803953,604401,2511.37,paypal,paid,2026-03-17
803954,604402,1413.38,card,paid,2026-01-05
803955,604404,2013.1, Bank Transfer ,paid,2026-04-13
803956,604405,212.27,CARD,paid,2026-08-12
803957,604406,1403.23,card,paid,2026-02-21
803958,604407,785.72,cash,paid,2026-07-19
803959,604408,1066.21,card,paid,2026-01-06
803960,604409,2228.81,paypal,paid,2026-03-07
803961,604411,2095.95,card,paid,2026-02-22
803962,604412,605.41,bank_transfer,paid,2026-03-31
803963,604413,3922.91,CARD,paid,2026-01-31
803964,604414,182.92, Bank Transfer ,paid,2026-05-11
803965,604415,1143.66,bank_transfer,paid,2026-02-21
803966,604416,0,paypal,failed,2026-05-13
803967,604417,1464.37,CARD,paid,2026-07-19
803968,604418,483.88,paypal,paid,2026-04-11
803969,604419,1058.33,card,paid,2026-04-15
803970,604420,275.21,card,paid,2026-08-14
803971,604421,1093.54,paypal,paid,2026-07-03
803972,604422,-935.78,cash,refunded,2026-06-30
803973,604423,1891.89,bank_transfer,paid,2026-03-18
803974,604424,1869.07,CARD,paid,2026-03-23
803975,604425,1031.05, Bank Transfer ,paid,2026-04-06
803976,604426,2250.32,bank_transfer,paid,2026-04-30
803977,604427,261.56,CARD,paid,2026-02-10
803978,604428,2657.72,paypal,paid,2026-03-28
803979,604429,848.59,bank_transfer,paid,2026-01-15
803980,604430,174.8,bank_transfer,paid,2026-08-06
803981,604431,299.16,CARD,paid,2026-07-10
803982,604432,3119.03,cash,paid,2026-03-15
803983,604433,1369.4,card,paid,2026-01-28
803984,604434,1311.18,card,paid,2026-07-06
803985,604435,22.96,CARD,paid,2026-05-25
803986,604436,105.2, Bank Transfer ,paid,2026-03-13
803987,604437,1090.43,bank_transfer,paid,2026-07-22
803988,604438,1495.36,bank_transfer,paid,2026-07-05
803989,604439,3172.39,CARD,paid,2026-06-24
803990,604440,645.13,bank_transfer,paid,2026-07-28
803991,604441,683.79,cash,paid,2026-04-07
803992,604442,1740.78,cash,paid,2026-01-11
803993,604445,947.88,card,paid,2026-02-05
803994,604447,1375.71,bank_transfer,paid,2026-04-15
803995,604448,1285.91,paypal,paid,2026-02-21
803996,604449,631.04,cash,paid,2026-05-17
803997,604450,2642.19,cash,paid,2026-02-27
803998,604452,0, Bank Transfer ,failed,2026-04-24
803999,604453,1263.61,paypal,paid,2026-04-20
804000,604454,883.75,bank_transfer,paid,2026-07-03
804001,604455,1168.35,card,paid,2026-03-25
804002,604456,0, Bank Transfer ,failed,2026-02-13
804003,604458,627.48, Bank Transfer ,paid,2026-01-07
804004,604459,997.59,bank_transfer,paid,2026-05-23
804005,604460,1215.26, Bank Transfer ,paid,2026-03-25
804006,604461,3011.45,CARD,paid,2026-02-27
804007,604462,2069.23,cash,paid,2026-02-18
804008,604463,1712.12,cash,paid,2026-01-22
804009,604464,684.44,CARD,paid,2026-08-14
804010,604465,3878.1,CARD,paid,2026-07-09
804011,604466,1318.65,card,paid,2026-08-11
804012,604467,1162.7,cash,paid,2026-01-31
804013,604469,769.32,cash,paid,2026-06-25
804014,604470,663.52,bank_transfer,paid,2026-03-06
804015,604471,1586.94,paypal,paid,2026-08-06
804016,604472,693.7,paypal,paid,2026-07-04
804017,604473,2541.17,CARD,paid,2026-03-22
804018,604474,1120.06,CARD,paid,2026-01-31
804019,604475,864.08,bank_transfer,paid,2026-01-21
804020,604476,1028.18,bank_transfer,paid,2026-04-28
804021,604477,68.01,cash,paid,2026-01-03
804022,604478,987.76,bank_transfer,paid,2026-07-12
804023,604479,1485.47,CARD,paid,2026-08-02
804024,604480,1778.58,CARD,paid,2026-07-19
804025,604481,1877.25,cash,paid,2026-01-27
804026,604482,3685.95,paypal,paid,2026-05-26
804027,604483,1957.61, Bank Transfer ,paid,2026-04-11
804028,604484,2534.7,paypal,paid,2026-01-15
804029,604485,2116.14,paypal,paid,2026-07-16
804030,604486,2453.17,paypal,paid,2026-07-13
804031,604487,725.31,paypal,paid,2026-03-04
804032,604488,2556.62, Bank Transfer ,paid,2026-05-28
804033,604489,763.59,cash,paid,2026-08-09
804034,604491,751.09,bank_transfer,paid,2026-07-17
804035,604492,1052.07,card,paid,2026-07-23
804036,604494,1091.35,CARD,paid,2026-04-23
804037,604495,2010.69,CARD,paid,2026-04-11
804038,604496,2068.84,paypal,paid,2026-01-12
804039,604497,803.07, Bank Transfer ,paid,2026-08-03
804040,604498,157.49, Bank Transfer ,paid,2026-06-29
804041,604499,381.64,paypal,paid,2026-01-26
804042,604500,2214.54,cash,paid,2026-07-04
801674,601870,1876.57,CARD,paid,2026-01-21
801006,601128,2498.14,cash,paid,2026-03-29
802238,602514,186.93,card,paid,2026-04-10
803220,603603,2050.8,paypal,paid,2026-08-01
802150,602407,845.48,paypal,paid,2026-02-18
801215,601357,784.83,bank_transfer,paid,2026-05-30
801426,601598,677.08,cash,paid,2026-04-28
800106,600116,333.76,CARD,paid,2026-03-10
803893,604336,1204.08,cash,paid,2026-01-13
802098,602345,468.95,CARD,paid,2026-02-05
803943,604390,164.58, Bank Transfer ,paid,2026-04-27
801737,601935,2485.38,bank_transfer,paid,2026-05-16
800341,600378,130.2, Bank Transfer ,paid,2026-05-23
801221,601364,214.83,bank_transfer,paid,2026-04-09
803343,603733,0, Bank Transfer ,failed,2026-05-24
800546,600606,934.65,bank_transfer,paid,2026-07-09
802333,602622,243.3,cash,paid,2026-02-09
801344,601507,915.84,CARD,paid,2026-06-22
801041,601164,4217.33,bank_transfer,paid,2026-04-30
801160,601296,1982.56,cash,paid,2026-01-01
801871,602090,233.9, Bank Transfer ,paid,2026-06-07
801059,601184,3420.28, Bank Transfer ,paid,2026-05-22
803479,603878,756.35, Bank Transfer ,paid,2026-08-03
800532,600592,1329.96,paypal,paid,2026-05-19
803593,604002,270.96,CARD,paid,2026-04-12
802294,602579,487.89, Bank Transfer ,paid,2026-07-24
800576,600638,367.28,bank_transfer,paid,2026-06-18
800690,600772,1125.36,card,paid,2026-06-20
803129,603499,1305.61,cash,paid,2026-06-17
803200,603579,2825.82, Bank Transfer ,paid,2026-06-03
